-- MySQL dump 10.13  Distrib 8.4.6, for Win64 (x86_64)
--
-- Host: localhost    Database: electricity_ems
-- ------------------------------------------------------
-- Server version	8.4.6

/*!40101 SET @OLD_CHARACTER_SET_CLIENT=@@CHARACTER_SET_CLIENT */;
/*!40101 SET @OLD_CHARACTER_SET_RESULTS=@@CHARACTER_SET_RESULTS */;
/*!40101 SET @OLD_COLLATION_CONNECTION=@@COLLATION_CONNECTION */;
/*!50503 SET NAMES utf8mb4 */;
/*!40103 SET @OLD_TIME_ZONE=@@TIME_ZONE */;
/*!40103 SET TIME_ZONE='+00:00' */;
/*!40014 SET @OLD_UNIQUE_CHECKS=@@UNIQUE_CHECKS, UNIQUE_CHECKS=0 */;
/*!40014 SET @OLD_FOREIGN_KEY_CHECKS=@@FOREIGN_KEY_CHECKS, FOREIGN_KEY_CHECKS=0 */;
/*!40101 SET @OLD_SQL_MODE=@@SQL_MODE, SQL_MODE='NO_AUTO_VALUE_ON_ZERO' */;
/*!40111 SET @OLD_SQL_NOTES=@@SQL_NOTES, SQL_NOTES=0 */;

--
-- Table structure for table `bill_requests`
--

DROP TABLE IF EXISTS `bill_requests`;
/*!40101 SET @saved_cs_client     = @@character_set_client */;
/*!50503 SET character_set_client = utf8mb4 */;
CREATE TABLE `bill_requests` (
  `id` int NOT NULL AUTO_INCREMENT,
  `request_id` varchar(50) COLLATE utf8mb4_unicode_ci NOT NULL,
  `customer_id` int NOT NULL,
  `billing_month` date NOT NULL,
  `priority` enum('low','medium','high') COLLATE utf8mb4_unicode_ci DEFAULT 'medium',
  `notes` text COLLATE utf8mb4_unicode_ci,
  `status` enum('pending','processing','completed','rejected') COLLATE utf8mb4_unicode_ci DEFAULT 'pending',
  `request_date` date NOT NULL,
  `created_by` int DEFAULT NULL,
  `created_at` timestamp NULL DEFAULT CURRENT_TIMESTAMP,
  `updated_at` timestamp NULL DEFAULT CURRENT_TIMESTAMP ON UPDATE CURRENT_TIMESTAMP,
  PRIMARY KEY (`id`),
  UNIQUE KEY `request_id` (`request_id`),
  UNIQUE KEY `unique_request_month` (`customer_id`,`billing_month`),
  KEY `fk_bill_request_user` (`created_by`),
  CONSTRAINT `fk_bill_request_customer` FOREIGN KEY (`customer_id`) REFERENCES `customers` (`id`) ON DELETE CASCADE,
  CONSTRAINT `fk_bill_request_user` FOREIGN KEY (`created_by`) REFERENCES `users` (`id`)
) ENGINE=InnoDB AUTO_INCREMENT=16 DEFAULT CHARSET=utf8mb4 COLLATE=utf8mb4_unicode_ci;
/*!40101 SET character_set_client = @saved_cs_client */;

--
-- Dumping data for table `bill_requests`
--

LOCK TABLES `bill_requests` WRITE;
/*!40000 ALTER TABLE `bill_requests` DISABLE KEYS */;
INSERT INTO `bill_requests` VALUES (1,'BREQ-2024-000001',32,'2025-11-01','low','Customer requesting meter reading and bill generation for November 2025 billing period. No reading taken yet for this month.','pending','2025-11-02',NULL,'2025-11-07 22:03:51','2025-11-07 22:03:51'),(2,'BREQ-2024-000002',8,'2025-11-01','medium','Customer requesting meter reading and bill generation for November 2025 billing period. No reading taken yet for this month.','pending','2025-11-01',NULL,'2025-11-07 22:03:51','2025-11-07 22:03:51'),(3,'BREQ-2024-000003',1,'2025-11-01','high','Customer requesting meter reading and bill generation for November 2025 billing period. No reading taken yet for this month.','completed','2025-11-06',NULL,'2025-11-07 22:03:51','2025-11-07 17:12:34'),(4,'BREQ-2024-000004',24,'2025-11-01','low','Customer requesting meter reading and bill generation for November 2025 billing period. No reading taken yet for this month.','pending','2025-11-07',NULL,'2025-11-07 22:03:51','2025-11-07 22:03:51'),(5,'BREQ-2024-000005',47,'2025-11-01','medium','Customer requesting meter reading and bill generation for November 2025 billing period. No reading taken yet for this month.','pending','2025-10-31',NULL,'2025-11-07 22:03:51','2025-11-07 22:03:51'),(6,'BREQ-2024-000006',42,'2025-11-01','high','Customer requesting meter reading and bill generation for November 2025 billing period. No reading taken yet for this month.','pending','2025-11-05',NULL,'2025-11-07 22:03:51','2025-11-07 22:03:51'),(7,'BREQ-2024-000007',40,'2025-11-01','low','Customer requesting meter reading and bill generation for November 2025 billing period. No reading taken yet for this month.','pending','2025-10-31',NULL,'2025-11-07 22:03:51','2025-11-07 22:03:51'),(8,'BREQ-2024-000008',19,'2025-11-01','medium','Customer requesting meter reading and bill generation for November 2025 billing period. No reading taken yet for this month.','pending','2025-11-02',NULL,'2025-11-07 22:03:51','2025-11-07 22:03:51'),(9,'BREQ-2024-000009',25,'2025-11-01','high','Customer requesting meter reading and bill generation for November 2025 billing period. No reading taken yet for this month.','pending','2025-11-06',NULL,'2025-11-07 22:03:51','2025-11-07 22:03:51'),(10,'BREQ-2024-000010',9,'2025-11-01','low','Customer requesting meter reading and bill generation for November 2025 billing period. No reading taken yet for this month.','pending','2025-11-07',NULL,'2025-11-07 22:03:51','2025-11-07 22:03:51'),(11,'BREQ-2024-000011',37,'2025-11-01','medium','Customer requesting meter reading and bill generation for November 2025 billing period. No reading taken yet for this month.','pending','2025-11-02',NULL,'2025-11-07 22:03:51','2025-11-07 22:03:51'),(12,'BREQ-2024-000012',30,'2025-11-01','high','Customer requesting meter reading and bill generation for November 2025 billing period. No reading taken yet for this month.','pending','2025-11-07',NULL,'2025-11-07 22:03:51','2025-11-07 22:03:51'),(13,'BREQ-2024-000013',28,'2025-11-01','low','Customer requesting meter reading and bill generation for November 2025 billing period. No reading taken yet for this month.','pending','2025-11-01',NULL,'2025-11-07 22:03:51','2025-11-07 22:03:51'),(14,'BREQ-2024-000014',31,'2025-11-01','medium','Customer requesting meter reading and bill generation for November 2025 billing period. No reading taken yet for this month.','pending','2025-11-07',NULL,'2025-11-07 22:03:51','2025-11-07 22:03:51'),(15,'BREQ-2024-000015',39,'2025-11-01','high','Customer requesting meter reading and bill generation for November 2025 billing period. No reading taken yet for this month.','pending','2025-11-06',NULL,'2025-11-07 22:03:51','2025-11-07 22:03:51');
/*!40000 ALTER TABLE `bill_requests` ENABLE KEYS */;
UNLOCK TABLES;

--
-- Table structure for table `bills`
--

DROP TABLE IF EXISTS `bills`;
/*!40101 SET @saved_cs_client     = @@character_set_client */;
/*!50503 SET character_set_client = utf8mb4 */;
CREATE TABLE `bills` (
  `id` int NOT NULL AUTO_INCREMENT,
  `customer_id` int NOT NULL,
  `bill_number` varchar(50) NOT NULL,
  `billing_month` date NOT NULL,
  `issue_date` date NOT NULL,
  `due_date` date NOT NULL,
  `units_consumed` decimal(10,2) NOT NULL,
  `meter_reading_id` int DEFAULT NULL,
  `base_amount` decimal(10,2) NOT NULL,
  `fixed_charges` decimal(10,2) NOT NULL,
  `electricity_duty` decimal(10,2) DEFAULT '0.00',
  `gst_amount` decimal(10,2) DEFAULT '0.00',
  `total_amount` decimal(10,2) NOT NULL,
  `status` enum('generated','issued','paid','overdue','cancelled') NOT NULL DEFAULT 'generated',
  `payment_date` date DEFAULT NULL,
  `created_at` timestamp NOT NULL DEFAULT (now()),
  `updated_at` timestamp NOT NULL DEFAULT (now()) ON UPDATE CURRENT_TIMESTAMP,
  `tariff_id` int DEFAULT NULL COMMENT 'Reference to tariff version used for this bill (audit trail)',
  PRIMARY KEY (`id`),
  UNIQUE KEY `bills_bill_number_unique` (`bill_number`),
  KEY `bills_customer_id_customers_id_fk` (`customer_id`),
  KEY `bills_meter_reading_id_meter_readings_id_fk` (`meter_reading_id`),
  KEY `idx_bills_tariff_id` (`tariff_id`),
  CONSTRAINT `bills_customer_id_customers_id_fk` FOREIGN KEY (`customer_id`) REFERENCES `customers` (`id`) ON DELETE CASCADE,
  CONSTRAINT `bills_meter_reading_id_meter_readings_id_fk` FOREIGN KEY (`meter_reading_id`) REFERENCES `meter_readings` (`id`),
  CONSTRAINT `bills_tariff_id_fk` FOREIGN KEY (`tariff_id`) REFERENCES `tariffs` (`id`) ON DELETE SET NULL
) ENGINE=InnoDB AUTO_INCREMENT=298 DEFAULT CHARSET=utf8mb4 COLLATE=utf8mb4_0900_ai_ci;
/*!40101 SET character_set_client = @saved_cs_client */;

--
-- Dumping data for table `bills`
--

LOCK TABLES `bills` WRITE;
/*!40000 ALTER TABLE `bills` DISABLE KEYS */;
INSERT INTO `bills` VALUES (1,1,'BILL-2024-01-0001','2025-06-01','2025-06-10','2025-06-25',1214.00,NULL,5581.00,30.00,223.00,1050.00,6884.00,'paid','2025-06-16','2025-11-07 22:03:47','2025-11-07 22:03:47',NULL),(2,1,'BILL-2024-02-0001','2025-07-01','2025-07-10','2025-07-25',573.00,NULL,2163.00,30.00,87.00,410.00,2690.00,'paid','2025-07-14','2025-11-07 22:03:47','2025-11-07 22:03:47',NULL),(3,1,'BILL-2024-03-0001','2025-08-01','2025-08-10','2025-08-25',1070.00,NULL,4717.00,30.00,189.00,888.00,5824.00,'paid','2025-08-16','2025-11-07 22:03:47','2025-11-07 22:03:47',NULL),(4,1,'BILL-2024-04-0001','2025-09-01','2025-09-10','2025-09-25',1130.00,NULL,5077.00,30.00,203.00,956.00,6266.00,'paid','2025-09-20','2025-11-07 22:03:47','2025-11-07 22:03:47',NULL),(5,1,'BILL-2024-05-0001','2025-10-01','2025-10-10','2025-10-25',488.00,NULL,1751.00,30.00,70.00,333.00,2184.00,'paid','2025-10-23','2025-11-07 22:03:47','2025-11-07 22:03:47',NULL),(6,2,'BILL-2024-01-0002','2025-06-01','2025-06-10','2025-06-25',1444.00,NULL,14052.00,150.00,1124.00,2759.00,18085.00,'paid','2025-06-22','2025-11-07 22:03:47','2025-11-07 22:03:47',NULL),(7,2,'BILL-2024-02-0002','2025-07-01','2025-07-10','2025-07-25',591.00,NULL,4857.00,150.00,389.00,971.00,6367.00,'paid','2025-07-21','2025-11-07 22:03:47','2025-11-07 22:03:47',NULL),(8,2,'BILL-2024-03-0002','2025-08-01','2025-08-10','2025-08-25',1771.00,NULL,17812.00,150.00,1425.00,3490.00,22877.00,'paid','2025-08-17','2025-11-07 22:03:47','2025-11-07 22:03:47',NULL),(9,2,'BILL-2024-04-0002','2025-09-01','2025-09-10','2025-09-25',1501.00,NULL,14707.00,150.00,1177.00,2886.00,18920.00,'paid','2025-09-19','2025-11-07 22:03:47','2025-11-07 22:03:47',NULL),(10,2,'BILL-2024-05-0002','2025-10-01','2025-10-10','2025-10-25',1800.00,NULL,18146.00,150.00,1452.00,3555.00,23303.00,'paid','2025-10-15','2025-11-07 22:03:47','2025-11-07 22:03:47',NULL),(11,3,'BILL-2024-01-0003','2025-06-01','2025-06-10','2025-06-25',631.00,NULL,5257.00,150.00,421.00,1049.00,6877.00,'paid','2025-06-17','2025-11-07 22:03:47','2025-11-07 22:03:47',NULL),(12,3,'BILL-2024-02-0003','2025-07-01','2025-07-10','2025-07-25',1975.00,NULL,20158.00,150.00,1613.00,3946.00,25867.00,'paid','2025-07-15','2025-11-07 22:03:47','2025-11-07 22:03:47',NULL),(13,3,'BILL-2024-03-0003','2025-08-01','2025-08-10','2025-08-25',1876.00,NULL,19020.00,150.00,1522.00,3725.00,24417.00,'paid','2025-08-21','2025-11-07 22:03:47','2025-11-07 22:03:47',NULL),(14,3,'BILL-2024-04-0003','2025-09-01','2025-09-10','2025-09-25',1968.00,NULL,20078.00,150.00,1606.00,3930.00,25764.00,'issued',NULL,'2025-11-07 22:03:47','2025-11-07 22:03:47',NULL),(15,3,'BILL-2024-05-0003','2025-10-01','2025-10-10','2025-10-25',1346.00,NULL,12925.00,150.00,1034.00,2540.00,16649.00,'paid','2025-10-17','2025-11-07 22:03:47','2025-11-07 22:03:47',NULL),(16,4,'BILL-2024-01-0004','2025-06-01','2025-06-10','2025-06-25',14162.00,NULL,118536.00,500.00,11854.00,23560.00,154450.00,'paid','2025-06-17','2025-11-07 22:03:47','2025-11-07 22:03:47',NULL),(17,4,'BILL-2024-02-0004','2025-07-01','2025-07-10','2025-07-25',7449.00,NULL,57315.00,500.00,5732.00,11438.00,74985.00,'paid','2025-07-18','2025-11-07 22:03:47','2025-11-07 22:03:47',NULL),(18,4,'BILL-2024-03-0004','2025-08-01','2025-08-10','2025-08-25',7694.00,NULL,59397.00,500.00,5940.00,11851.00,77688.00,'paid','2025-08-13','2025-11-07 22:03:47','2025-11-07 22:03:47',NULL),(19,4,'BILL-2024-04-0004','2025-09-01','2025-09-10','2025-09-25',6133.00,NULL,46129.00,500.00,4613.00,9224.00,60466.00,'paid','2025-09-15','2025-11-07 22:03:47','2025-11-07 22:03:47',NULL),(20,4,'BILL-2024-05-0004','2025-10-01','2025-10-10','2025-10-25',7151.00,NULL,54782.00,500.00,5478.00,10937.00,71697.00,'paid','2025-10-17','2025-11-07 22:03:47','2025-11-07 22:03:47',NULL),(21,5,'BILL-2024-01-0005','2025-06-01','2025-06-10','2025-06-25',5676.00,NULL,42244.00,500.00,4224.00,8454.00,55422.00,'paid','2025-06-23','2025-11-07 22:03:47','2025-11-07 22:03:47',NULL),(22,5,'BILL-2024-02-0005','2025-07-01','2025-07-10','2025-07-25',14052.00,NULL,117491.00,500.00,11749.00,23353.00,153093.00,'paid','2025-07-22','2025-11-07 22:03:47','2025-11-07 22:03:47',NULL),(23,5,'BILL-2024-03-0005','2025-08-01','2025-08-10','2025-08-25',11977.00,NULL,97779.00,500.00,9778.00,19450.00,127507.00,'paid','2025-08-14','2025-11-07 22:03:47','2025-11-07 22:03:47',NULL),(24,5,'BILL-2024-04-0005','2025-09-01','2025-09-10','2025-09-25',8799.00,NULL,68790.00,500.00,6879.00,13710.00,89879.00,'paid','2025-09-16','2025-11-07 22:03:47','2025-11-07 22:03:47',NULL),(25,5,'BILL-2024-05-0005','2025-10-01','2025-10-10','2025-10-25',9677.00,NULL,76253.00,500.00,7625.00,15188.00,99566.00,'paid','2025-10-16','2025-11-07 22:03:47','2025-11-07 22:03:47',NULL),(26,6,'BILL-2024-01-0006','2025-06-01','2025-06-10','2025-06-25',904.00,NULL,7987.00,150.00,639.00,1580.00,10356.00,'paid','2025-06-22','2025-11-07 22:03:47','2025-11-07 22:03:47',NULL),(27,6,'BILL-2024-02-0006','2025-07-01','2025-07-10','2025-07-25',810.00,NULL,7047.00,150.00,564.00,1397.00,9158.00,'paid','2025-07-15','2025-11-07 22:03:47','2025-11-07 22:03:47',NULL),(28,6,'BILL-2024-03-0006','2025-08-01','2025-08-10','2025-08-25',1578.00,NULL,15593.00,150.00,1247.00,3058.00,20048.00,'paid','2025-08-22','2025-11-07 22:03:47','2025-11-07 22:03:47',NULL),(29,6,'BILL-2024-04-0006','2025-09-01','2025-09-10','2025-09-25',1005.00,NULL,9003.00,150.00,720.00,1777.00,11650.00,'paid','2025-09-15','2025-11-07 22:03:47','2025-11-07 22:03:47',NULL),(30,6,'BILL-2024-05-0006','2025-10-01','2025-10-10','2025-10-25',745.00,NULL,6397.00,150.00,512.00,1271.00,8330.00,'paid','2025-10-17','2025-11-07 22:03:47','2025-11-07 22:03:47',NULL),(31,7,'BILL-2024-01-0007','2025-06-01','2025-06-10','2025-06-25',12127.00,NULL,99204.00,500.00,9920.00,19732.00,129356.00,'paid','2025-06-16','2025-11-07 22:03:47','2025-11-07 22:03:47',NULL),(32,7,'BILL-2024-02-0007','2025-07-01','2025-07-10','2025-07-25',14169.00,NULL,118603.00,500.00,11860.00,23573.00,154536.00,'paid','2025-07-14','2025-11-07 22:03:47','2025-11-07 22:03:47',NULL),(33,7,'BILL-2024-03-0007','2025-08-01','2025-08-10','2025-08-25',11069.00,NULL,89153.00,500.00,8915.00,17742.00,116310.00,'paid','2025-08-20','2025-11-07 22:03:47','2025-11-07 22:03:47',NULL),(34,7,'BILL-2024-04-0007','2025-09-01','2025-09-10','2025-09-25',13257.00,NULL,109939.00,500.00,10994.00,21858.00,143291.00,'paid','2025-09-17','2025-11-07 22:03:47','2025-11-07 22:03:47',NULL),(35,7,'BILL-2024-05-0007','2025-10-01','2025-10-10','2025-10-25',9618.00,NULL,75751.00,500.00,7575.00,15089.00,98915.00,'paid','2025-10-13','2025-11-07 22:03:48','2025-11-07 22:03:48',NULL),(36,8,'BILL-2024-01-0008','2025-06-01','2025-06-10','2025-06-25',1676.00,NULL,16720.00,150.00,1338.00,3277.00,21485.00,'paid','2025-06-19','2025-11-07 22:03:48','2025-11-07 22:03:48',NULL),(37,8,'BILL-2024-02-0008','2025-07-01','2025-07-10','2025-07-25',1856.00,NULL,18790.00,150.00,1503.00,3680.00,24123.00,'issued',NULL,'2025-11-07 22:03:48','2025-11-07 22:03:48',NULL),(38,8,'BILL-2024-03-0008','2025-08-01','2025-08-10','2025-08-25',673.00,NULL,5677.00,150.00,454.00,1131.00,7412.00,'paid','2025-08-17','2025-11-07 22:03:48','2025-11-07 22:03:48',NULL),(39,8,'BILL-2024-04-0008','2025-09-01','2025-09-10','2025-09-25',500.00,NULL,3949.00,150.00,316.00,795.00,5210.00,'issued',NULL,'2025-11-07 22:03:48','2025-11-07 22:03:48',NULL),(40,8,'BILL-2024-05-0008','2025-10-01','2025-10-10','2025-10-25',1164.00,NULL,10832.00,150.00,867.00,2133.00,13982.00,'paid','2025-10-15','2025-11-07 22:03:48','2025-11-07 22:03:48',NULL),(41,9,'BILL-2024-01-0009','2025-06-01','2025-06-10','2025-06-25',1389.00,NULL,6631.00,30.00,265.00,1247.00,8173.00,'paid','2025-06-17','2025-11-07 22:03:48','2025-11-07 22:03:48',NULL),(42,9,'BILL-2024-02-0009','2025-07-01','2025-07-10','2025-07-25',1492.00,NULL,7249.00,30.00,290.00,1362.00,8931.00,'paid','2025-07-19','2025-11-07 22:03:48','2025-11-07 22:03:48',NULL),(43,9,'BILL-2024-03-0009','2025-08-01','2025-08-10','2025-08-25',902.00,NULL,3808.00,30.00,152.00,718.00,4708.00,'paid','2025-08-14','2025-11-07 22:03:48','2025-11-07 22:03:48',NULL),(44,9,'BILL-2024-04-0009','2025-09-01','2025-09-10','2025-09-25',578.00,NULL,2188.00,30.00,88.00,415.00,2721.00,'paid','2025-09-13','2025-11-07 22:03:48','2025-11-07 22:03:48',NULL),(45,9,'BILL-2024-05-0009','2025-10-01','2025-10-10','2025-10-25',894.00,NULL,3768.00,30.00,151.00,711.00,4660.00,'paid','2025-10-19','2025-11-07 22:03:48','2025-11-07 22:03:48',NULL),(46,10,'BILL-2024-01-0010','2025-06-01','2025-06-10','2025-06-25',1026.00,NULL,9245.00,150.00,740.00,1824.00,11959.00,'paid','2025-06-19','2025-11-07 22:03:48','2025-11-07 22:03:48',NULL),(47,10,'BILL-2024-02-0010','2025-07-01','2025-07-10','2025-07-25',1968.00,NULL,20078.00,150.00,1606.00,3930.00,25764.00,'paid','2025-07-16','2025-11-07 22:03:48','2025-11-07 22:03:48',NULL),(48,10,'BILL-2024-03-0010','2025-08-01','2025-08-10','2025-08-25',1032.00,NULL,9314.00,150.00,745.00,1838.00,12047.00,'paid','2025-08-14','2025-11-07 22:03:48','2025-11-07 22:03:48',NULL),(49,10,'BILL-2024-04-0010','2025-09-01','2025-09-10','2025-09-25',1245.00,NULL,11763.00,150.00,941.00,2314.00,15168.00,'paid','2025-09-15','2025-11-07 22:03:48','2025-11-07 22:03:48',NULL),(50,10,'BILL-2024-05-0010','2025-10-01','2025-10-10','2025-10-25',1206.00,NULL,11315.00,150.00,905.00,2227.00,14597.00,'paid','2025-10-18','2025-11-07 22:03:48','2025-11-07 22:03:48',NULL),(51,11,'BILL-2024-01-0011','2025-06-01','2025-06-10','2025-06-25',796.00,NULL,6907.00,150.00,553.00,1370.00,8980.00,'paid','2025-06-17','2025-11-07 22:03:48','2025-11-07 22:03:48',NULL),(52,11,'BILL-2024-02-0011','2025-07-01','2025-07-10','2025-07-25',1302.00,NULL,12419.00,150.00,994.00,2441.00,16004.00,'paid','2025-07-13','2025-11-07 22:03:48','2025-11-07 22:03:48',NULL),(53,11,'BILL-2024-03-0011','2025-08-01','2025-08-10','2025-08-25',1337.00,NULL,12821.00,150.00,1026.00,2519.00,16516.00,'paid','2025-08-17','2025-11-07 22:03:48','2025-11-07 22:03:48',NULL),(54,11,'BILL-2024-04-0011','2025-09-01','2025-09-10','2025-09-25',1804.00,NULL,18192.00,150.00,1455.00,3563.00,23360.00,'paid','2025-09-16','2025-11-07 22:03:48','2025-11-07 22:03:48',NULL),(55,11,'BILL-2024-05-0011','2025-10-01','2025-10-10','2025-10-25',579.00,NULL,4737.00,150.00,379.00,948.00,6214.00,'paid','2025-10-13','2025-11-07 22:03:48','2025-11-07 22:03:48',NULL),(56,12,'BILL-2024-01-0012','2025-06-01','2025-06-10','2025-06-25',728.00,NULL,6227.00,150.00,498.00,1238.00,8113.00,'paid','2025-06-18','2025-11-07 22:03:48','2025-11-07 22:03:48',NULL),(57,12,'BILL-2024-02-0012','2025-07-01','2025-07-10','2025-07-25',587.00,NULL,4817.00,150.00,385.00,963.00,6315.00,'paid','2025-07-13','2025-11-07 22:03:48','2025-11-07 22:03:48',NULL),(58,12,'BILL-2024-03-0012','2025-08-01','2025-08-10','2025-08-25',1268.00,NULL,12028.00,150.00,962.00,2365.00,15505.00,'paid','2025-08-15','2025-11-07 22:03:48','2025-11-07 22:03:48',NULL),(59,12,'BILL-2024-04-0012','2025-09-01','2025-09-10','2025-09-25',1127.00,NULL,10406.00,150.00,832.00,2050.00,13438.00,'paid','2025-09-16','2025-11-07 22:03:48','2025-11-07 22:03:48',NULL),(60,12,'BILL-2024-05-0012','2025-10-01','2025-10-10','2025-10-25',1927.00,NULL,19606.00,150.00,1568.00,3838.00,25162.00,'paid','2025-10-19','2025-11-07 22:03:48','2025-11-07 22:03:48',NULL),(61,13,'BILL-2024-01-0013','2025-06-01','2025-06-10','2025-06-25',1494.00,NULL,7261.00,30.00,290.00,1365.00,8946.00,'paid','2025-06-22','2025-11-07 22:03:48','2025-11-07 22:03:48',NULL),(62,13,'BILL-2024-02-0013','2025-07-01','2025-07-10','2025-07-25',320.00,NULL,1079.00,30.00,43.00,207.00,1359.00,'paid','2025-07-19','2025-11-07 22:03:48','2025-11-07 22:03:48',NULL),(63,13,'BILL-2024-03-0013','2025-08-01','2025-08-10','2025-08-25',480.00,NULL,1719.00,30.00,69.00,327.00,2145.00,'paid','2025-08-17','2025-11-07 22:03:48','2025-11-07 22:03:48',NULL),(64,13,'BILL-2024-04-0013','2025-09-01','2025-09-10','2025-09-25',1184.00,NULL,5401.00,30.00,216.00,1016.00,6663.00,'paid','2025-09-23','2025-11-07 22:03:48','2025-11-07 22:03:48',NULL),(65,13,'BILL-2024-05-0013','2025-10-01','2025-10-10','2025-10-25',1477.00,NULL,7159.00,30.00,286.00,1346.00,8821.00,'paid','2025-10-16','2025-11-07 22:03:48','2025-11-07 22:03:48',NULL),(66,14,'BILL-2024-01-0014','2025-06-01','2025-06-10','2025-06-25',201.00,NULL,1055.00,50.00,63.00,210.00,1378.00,'paid','2025-06-14','2025-11-07 22:03:48','2025-11-07 22:03:48',NULL),(67,14,'BILL-2024-02-0014','2025-07-01','2025-07-10','2025-07-25',319.00,NULL,1967.00,50.00,118.00,384.00,2519.00,'paid','2025-07-20','2025-11-07 22:03:48','2025-11-07 22:03:48',NULL),(68,14,'BILL-2024-03-0014','2025-08-01','2025-08-10','2025-08-25',298.00,NULL,1782.00,50.00,107.00,349.00,2288.00,'issued',NULL,'2025-11-07 22:03:48','2025-11-07 22:03:48',NULL),(69,14,'BILL-2024-04-0014','2025-09-01','2025-09-10','2025-09-25',194.00,NULL,1013.00,50.00,61.00,202.00,1326.00,'paid','2025-09-22','2025-11-07 22:03:48','2025-11-07 22:03:48',NULL),(70,14,'BILL-2024-05-0014','2025-10-01','2025-10-10','2025-10-25',400.00,NULL,2696.00,50.00,162.00,523.00,3431.00,'paid','2025-10-13','2025-11-07 22:03:48','2025-11-07 22:03:48',NULL),(71,15,'BILL-2024-01-0015','2025-06-01','2025-06-10','2025-06-25',9492.00,NULL,74680.00,500.00,7468.00,14877.00,97525.00,'paid','2025-06-17','2025-11-07 22:03:48','2025-11-07 22:03:48',NULL),(72,15,'BILL-2024-02-0015','2025-07-01','2025-07-10','2025-07-25',8820.00,NULL,68968.00,500.00,6897.00,13746.00,90111.00,'paid','2025-07-17','2025-11-07 22:03:48','2025-11-07 22:03:48',NULL),(73,15,'BILL-2024-03-0015','2025-08-01','2025-08-10','2025-08-25',11809.00,NULL,96183.00,500.00,9618.00,19134.00,125435.00,'issued',NULL,'2025-11-07 22:03:48','2025-11-07 22:03:48',NULL),(74,15,'BILL-2024-04-0015','2025-09-01','2025-09-10','2025-09-25',6810.00,NULL,51883.00,500.00,5188.00,10363.00,67934.00,'paid','2025-09-19','2025-11-07 22:03:48','2025-11-07 22:03:48',NULL),(75,15,'BILL-2024-05-0015','2025-10-01','2025-10-10','2025-10-25',6018.00,NULL,45151.00,500.00,4515.00,9030.00,59196.00,'paid','2025-10-14','2025-11-07 22:03:48','2025-11-07 22:03:48',NULL),(76,16,'BILL-2024-01-0016','2025-06-01','2025-06-10','2025-06-25',84.00,NULL,378.00,50.00,23.00,81.00,532.00,'paid','2025-06-21','2025-11-07 22:03:48','2025-11-07 22:03:48',NULL),(77,16,'BILL-2024-02-0016','2025-07-01','2025-07-10','2025-07-25',323.00,NULL,2003.00,50.00,120.00,391.00,2564.00,'paid','2025-07-15','2025-11-07 22:03:48','2025-11-07 22:03:48',NULL),(78,16,'BILL-2024-03-0016','2025-08-01','2025-08-10','2025-08-25',328.00,NULL,2048.00,50.00,123.00,400.00,2621.00,'paid','2025-08-17','2025-11-07 22:03:48','2025-11-07 22:03:48',NULL),(79,16,'BILL-2024-04-0016','2025-09-01','2025-09-10','2025-09-25',288.00,NULL,1707.00,50.00,102.00,335.00,2194.00,'paid','2025-09-17','2025-11-07 22:03:48','2025-11-07 22:03:48',NULL),(80,16,'BILL-2024-05-0016','2025-10-01','2025-10-10','2025-10-25',92.00,NULL,414.00,50.00,25.00,88.00,577.00,'paid','2025-10-22','2025-11-07 22:03:48','2025-11-07 22:03:48',NULL),(81,17,'BILL-2024-01-0017','2025-06-01','2025-06-10','2025-06-25',101.00,NULL,455.00,50.00,27.00,96.00,628.00,'paid','2025-06-19','2025-11-07 22:03:48','2025-11-07 22:03:48',NULL),(82,17,'BILL-2024-02-0017','2025-07-01','2025-07-10','2025-07-25',90.00,NULL,405.00,50.00,24.00,86.00,565.00,'paid','2025-07-13','2025-11-07 22:03:48','2025-11-07 22:03:48',NULL),(83,17,'BILL-2024-03-0017','2025-08-01','2025-08-10','2025-08-25',337.00,NULL,2129.00,50.00,128.00,415.00,2722.00,'paid','2025-08-22','2025-11-07 22:03:48','2025-11-07 22:03:48',NULL),(84,17,'BILL-2024-04-0017','2025-09-01','2025-09-10','2025-09-25',159.00,NULL,803.00,50.00,48.00,162.00,1063.00,'paid','2025-09-21','2025-11-07 22:03:48','2025-11-07 22:03:48',NULL),(85,17,'BILL-2024-05-0017','2025-10-01','2025-10-10','2025-10-25',124.00,NULL,593.00,50.00,36.00,122.00,801.00,'paid','2025-10-15','2025-11-07 22:03:48','2025-11-07 22:03:48',NULL),(86,18,'BILL-2024-01-0018','2025-06-01','2025-06-10','2025-06-25',1476.00,NULL,7153.00,30.00,286.00,1344.00,8813.00,'paid','2025-06-21','2025-11-07 22:03:48','2025-11-07 22:03:48',NULL),(87,18,'BILL-2024-02-0018','2025-07-01','2025-07-10','2025-07-25',312.00,NULL,1047.00,30.00,42.00,201.00,1320.00,'paid','2025-07-18','2025-11-07 22:03:48','2025-11-07 22:03:48',NULL),(88,18,'BILL-2024-03-0018','2025-08-01','2025-08-10','2025-08-25',741.00,NULL,3003.00,30.00,120.00,568.00,3721.00,'paid','2025-08-18','2025-11-07 22:03:48','2025-11-07 22:03:48',NULL),(89,18,'BILL-2024-04-0018','2025-09-01','2025-09-10','2025-09-25',309.00,NULL,1035.00,30.00,41.00,199.00,1305.00,'paid','2025-09-20','2025-11-07 22:03:48','2025-11-07 22:03:48',NULL),(90,18,'BILL-2024-05-0018','2025-10-01','2025-10-10','2025-10-25',500.00,NULL,1799.00,30.00,72.00,342.00,2243.00,'paid','2025-10-16','2025-11-07 22:03:48','2025-11-07 22:03:48',NULL),(91,19,'BILL-2024-01-0019','2025-06-01','2025-06-10','2025-06-25',127.00,NULL,611.00,50.00,37.00,126.00,824.00,'paid','2025-06-18','2025-11-07 22:03:48','2025-11-07 22:03:48',NULL),(92,19,'BILL-2024-02-0019','2025-07-01','2025-07-10','2025-07-25',279.00,NULL,1640.00,50.00,98.00,322.00,2110.00,'paid','2025-07-18','2025-11-07 22:03:48','2025-11-07 22:03:48',NULL),(93,19,'BILL-2024-03-0019','2025-08-01','2025-08-10','2025-08-25',344.00,NULL,2192.00,50.00,132.00,427.00,2801.00,'paid','2025-08-16','2025-11-07 22:03:48','2025-11-07 22:03:48',NULL),(94,19,'BILL-2024-04-0019','2025-09-01','2025-09-10','2025-09-25',184.00,NULL,953.00,50.00,57.00,191.00,1251.00,'paid','2025-09-20','2025-11-07 22:03:48','2025-11-07 22:03:48',NULL),(95,19,'BILL-2024-05-0019','2025-10-01','2025-10-10','2025-10-25',130.00,NULL,629.00,50.00,38.00,129.00,846.00,'paid','2025-10-16','2025-11-07 22:03:48','2025-11-07 22:03:48',NULL),(96,20,'BILL-2024-01-0020','2025-06-01','2025-06-10','2025-06-25',273.00,NULL,1595.00,50.00,96.00,313.00,2054.00,'paid','2025-06-16','2025-11-07 22:03:48','2025-11-07 22:03:48',NULL),(97,20,'BILL-2024-02-0020','2025-07-01','2025-07-10','2025-07-25',110.00,NULL,509.00,50.00,31.00,106.00,696.00,'paid','2025-07-21','2025-11-07 22:03:48','2025-11-07 22:03:48',NULL),(98,20,'BILL-2024-03-0020','2025-08-01','2025-08-10','2025-08-25',382.00,NULL,2534.00,50.00,152.00,492.00,3228.00,'paid','2025-08-16','2025-11-07 22:03:48','2025-11-07 22:03:48',NULL),(99,20,'BILL-2024-04-0020','2025-09-01','2025-09-10','2025-09-25',242.00,NULL,1362.00,50.00,82.00,269.00,1763.00,'paid','2025-09-14','2025-11-07 22:03:48','2025-11-07 22:03:48',NULL),(100,20,'BILL-2024-05-0020','2025-10-01','2025-10-10','2025-10-25',167.00,NULL,851.00,50.00,51.00,171.00,1123.00,'paid','2025-10-15','2025-11-07 22:03:48','2025-11-07 22:03:48',NULL),(101,21,'BILL-2024-01-0021','2025-06-01','2025-06-10','2025-06-25',707.00,NULL,2833.00,30.00,113.00,536.00,3512.00,'paid','2025-06-16','2025-11-07 22:03:48','2025-11-07 22:03:48',NULL),(102,21,'BILL-2024-02-0021','2025-07-01','2025-07-10','2025-07-25',1007.00,NULL,4339.00,30.00,174.00,818.00,5361.00,'paid','2025-07-22','2025-11-07 22:03:49','2025-11-07 22:03:49',NULL),(103,21,'BILL-2024-03-0021','2025-08-01','2025-08-10','2025-08-25',1043.00,NULL,4555.00,30.00,182.00,858.00,5625.00,'paid','2025-08-20','2025-11-07 22:03:49','2025-11-07 22:03:49',NULL),(104,21,'BILL-2024-04-0021','2025-09-01','2025-09-10','2025-09-25',1140.00,NULL,5137.00,30.00,205.00,967.00,6339.00,'paid','2025-09-20','2025-11-07 22:03:49','2025-11-07 22:03:49',NULL),(105,21,'BILL-2024-05-0021','2025-10-01','2025-10-10','2025-10-25',930.00,NULL,3948.00,30.00,158.00,744.00,4880.00,'paid','2025-10-18','2025-11-07 22:03:49','2025-11-07 22:03:49',NULL),(106,22,'BILL-2024-01-0022','2025-06-01','2025-06-10','2025-06-25',176.00,NULL,905.00,50.00,54.00,182.00,1191.00,'paid','2025-06-16','2025-11-07 22:03:49','2025-11-07 22:03:49',NULL),(107,22,'BILL-2024-02-0022','2025-07-01','2025-07-10','2025-07-25',356.00,NULL,2300.00,50.00,138.00,448.00,2936.00,'paid','2025-07-17','2025-11-07 22:03:49','2025-11-07 22:03:49',NULL),(108,22,'BILL-2024-03-0022','2025-08-01','2025-08-10','2025-08-25',368.00,NULL,2408.00,50.00,144.00,468.00,3070.00,'paid','2025-08-18','2025-11-07 22:03:49','2025-11-07 22:03:49',NULL),(109,22,'BILL-2024-04-0022','2025-09-01','2025-09-10','2025-09-25',104.00,NULL,473.00,50.00,28.00,99.00,650.00,'paid','2025-09-19','2025-11-07 22:03:49','2025-11-07 22:03:49',NULL),(110,22,'BILL-2024-05-0022','2025-10-01','2025-10-10','2025-10-25',178.00,NULL,917.00,50.00,55.00,184.00,1206.00,'paid','2025-10-18','2025-11-07 22:03:49','2025-11-07 22:03:49',NULL),(111,23,'BILL-2024-01-0023','2025-06-01','2025-06-10','2025-06-25',774.00,NULL,3168.00,30.00,127.00,599.00,3924.00,'paid','2025-06-14','2025-11-07 22:03:49','2025-11-07 22:03:49',NULL),(112,23,'BILL-2024-02-0023','2025-07-01','2025-07-10','2025-07-25',416.00,NULL,1463.00,30.00,59.00,279.00,1831.00,'paid','2025-07-15','2025-11-07 22:03:49','2025-11-07 22:03:49',NULL),(113,23,'BILL-2024-03-0023','2025-08-01','2025-08-10','2025-08-25',867.00,NULL,3633.00,30.00,145.00,685.00,4493.00,'paid','2025-08-17','2025-11-07 22:03:49','2025-11-07 22:03:49',NULL),(114,23,'BILL-2024-04-0023','2025-09-01','2025-09-10','2025-09-25',356.00,NULL,1223.00,30.00,49.00,234.00,1536.00,'paid','2025-09-22','2025-11-07 22:03:49','2025-11-07 22:03:49',NULL),(115,23,'BILL-2024-05-0023','2025-10-01','2025-10-10','2025-10-25',314.00,NULL,1055.00,30.00,42.00,203.00,1330.00,'issued',NULL,'2025-11-07 22:03:49','2025-11-07 22:03:49',NULL),(116,24,'BILL-2024-01-0024','2025-06-01','2025-06-10','2025-06-25',1099.00,NULL,4891.00,30.00,196.00,921.00,6038.00,'paid','2025-06-23','2025-11-07 22:03:49','2025-11-07 22:03:49',NULL),(117,24,'BILL-2024-02-0024','2025-07-01','2025-07-10','2025-07-25',401.00,NULL,1403.00,30.00,56.00,268.00,1757.00,'paid','2025-07-20','2025-11-07 22:03:49','2025-11-07 22:03:49',NULL),(118,24,'BILL-2024-03-0024','2025-08-01','2025-08-10','2025-08-25',714.00,NULL,2868.00,30.00,115.00,542.00,3555.00,'paid','2025-08-20','2025-11-07 22:03:49','2025-11-07 22:03:49',NULL),(119,24,'BILL-2024-04-0024','2025-09-01','2025-09-10','2025-09-25',1281.00,NULL,5983.00,30.00,239.00,1125.00,7377.00,'paid','2025-09-17','2025-11-07 22:03:49','2025-11-07 22:03:49',NULL),(120,24,'BILL-2024-05-0024','2025-10-01','2025-10-10','2025-10-25',842.00,NULL,3508.00,30.00,140.00,662.00,4340.00,'paid','2025-10-22','2025-11-07 22:03:49','2025-11-07 22:03:49',NULL),(121,25,'BILL-2024-01-0025','2025-06-01','2025-06-10','2025-06-25',247.00,NULL,1400.00,50.00,84.00,276.00,1810.00,'paid','2025-06-13','2025-11-07 22:03:49','2025-11-07 22:03:49',NULL),(122,25,'BILL-2024-02-0025','2025-07-01','2025-07-10','2025-07-25',82.00,NULL,369.00,50.00,22.00,79.00,520.00,'paid','2025-07-13','2025-11-07 22:03:49','2025-11-07 22:03:49',NULL),(123,25,'BILL-2024-03-0025','2025-08-01','2025-08-10','2025-08-25',322.00,NULL,1994.00,50.00,120.00,390.00,2554.00,'paid','2025-08-18','2025-11-07 22:03:49','2025-11-07 22:03:49',NULL),(124,25,'BILL-2024-04-0025','2025-09-01','2025-09-10','2025-09-25',123.00,NULL,587.00,50.00,35.00,121.00,793.00,'paid','2025-09-20','2025-11-07 22:03:49','2025-11-07 22:03:49',NULL),(125,25,'BILL-2024-05-0025','2025-10-01','2025-10-10','2025-10-25',275.00,NULL,1610.00,50.00,97.00,316.00,2073.00,'paid','2025-10-13','2025-11-07 22:03:49','2025-11-07 22:03:49',NULL),(126,26,'BILL-2024-01-0026','2025-06-01','2025-06-10','2025-06-25',11070.00,NULL,89162.00,500.00,8916.00,17744.00,116322.00,'paid','2025-06-21','2025-11-07 22:03:49','2025-11-07 22:03:49',NULL),(127,26,'BILL-2024-02-0026','2025-07-01','2025-07-10','2025-07-25',9647.00,NULL,75998.00,500.00,7600.00,15138.00,99236.00,'paid','2025-07-23','2025-11-07 22:03:49','2025-11-07 22:03:49',NULL),(128,26,'BILL-2024-03-0026','2025-08-01','2025-08-10','2025-08-25',7924.00,NULL,61352.00,500.00,6135.00,12238.00,80225.00,'paid','2025-08-21','2025-11-07 22:03:49','2025-11-07 22:03:49',NULL),(129,26,'BILL-2024-04-0026','2025-09-01','2025-09-10','2025-09-25',9593.00,NULL,75539.00,500.00,7554.00,15047.00,98640.00,'paid','2025-09-13','2025-11-07 22:03:49','2025-11-07 22:03:49',NULL),(130,26,'BILL-2024-05-0026','2025-10-01','2025-10-10','2025-10-25',11264.00,NULL,91005.00,500.00,9101.00,18109.00,118715.00,'paid','2025-10-23','2025-11-07 22:03:49','2025-11-07 22:03:49',NULL),(131,27,'BILL-2024-01-0027','2025-06-01','2025-06-10','2025-06-25',937.00,NULL,3983.00,30.00,159.00,751.00,4923.00,'paid','2025-06-23','2025-11-07 22:03:49','2025-11-07 22:03:49',NULL),(132,27,'BILL-2024-02-0027','2025-07-01','2025-07-10','2025-07-25',1234.00,NULL,5701.00,30.00,228.00,1073.00,7032.00,'paid','2025-07-13','2025-11-07 22:03:49','2025-11-07 22:03:49',NULL),(133,27,'BILL-2024-03-0027','2025-08-01','2025-08-10','2025-08-25',817.00,NULL,3383.00,30.00,135.00,639.00,4187.00,'paid','2025-08-13','2025-11-07 22:03:49','2025-11-07 22:03:49',NULL),(134,27,'BILL-2024-04-0027','2025-09-01','2025-09-10','2025-09-25',1111.00,NULL,4963.00,30.00,199.00,935.00,6127.00,'paid','2025-09-22','2025-11-07 22:03:49','2025-11-07 22:03:49',NULL),(135,27,'BILL-2024-05-0027','2025-10-01','2025-10-10','2025-10-25',500.00,NULL,1799.00,30.00,72.00,342.00,2243.00,'paid','2025-10-13','2025-11-07 22:03:49','2025-11-07 22:03:49',NULL),(136,28,'BILL-2024-01-0028','2025-06-01','2025-06-10','2025-06-25',174.00,NULL,893.00,50.00,54.00,179.00,1176.00,'paid','2025-06-15','2025-11-07 22:03:49','2025-11-07 22:03:49',NULL),(137,28,'BILL-2024-02-0028','2025-07-01','2025-07-10','2025-07-25',358.00,NULL,2318.00,50.00,139.00,451.00,2958.00,'paid','2025-07-20','2025-11-07 22:03:49','2025-11-07 22:03:49',NULL),(138,28,'BILL-2024-03-0028','2025-08-01','2025-08-10','2025-08-25',216.00,NULL,1167.00,50.00,70.00,232.00,1519.00,'paid','2025-08-19','2025-11-07 22:03:49','2025-11-07 22:03:49',NULL),(139,28,'BILL-2024-04-0028','2025-09-01','2025-09-10','2025-09-25',83.00,NULL,374.00,50.00,22.00,80.00,526.00,'paid','2025-09-14','2025-11-07 22:03:49','2025-11-07 22:03:49',NULL),(140,28,'BILL-2024-05-0028','2025-10-01','2025-10-10','2025-10-25',201.00,NULL,1055.00,50.00,63.00,210.00,1378.00,'paid','2025-10-14','2025-11-07 22:03:49','2025-11-07 22:03:49',NULL),(141,29,'BILL-2024-01-0029','2025-06-01','2025-06-10','2025-06-25',395.00,NULL,2651.00,50.00,159.00,515.00,3375.00,'paid','2025-06-17','2025-11-07 22:03:49','2025-11-07 22:03:49',NULL),(142,29,'BILL-2024-02-0029','2025-07-01','2025-07-10','2025-07-25',384.00,NULL,2552.00,50.00,153.00,496.00,3251.00,'paid','2025-07-22','2025-11-07 22:03:49','2025-11-07 22:03:49',NULL),(143,29,'BILL-2024-03-0029','2025-08-01','2025-08-10','2025-08-25',243.00,NULL,1370.00,50.00,82.00,270.00,1772.00,'paid','2025-08-16','2025-11-07 22:03:49','2025-11-07 22:03:49',NULL),(144,29,'BILL-2024-04-0029','2025-09-01','2025-09-10','2025-09-25',350.00,NULL,2246.00,50.00,135.00,438.00,2869.00,'paid','2025-09-23','2025-11-07 22:03:49','2025-11-07 22:03:49',NULL),(145,29,'BILL-2024-05-0029','2025-10-01','2025-10-10','2025-10-25',146.00,NULL,725.00,50.00,44.00,147.00,966.00,'paid','2025-10-18','2025-11-07 22:03:49','2025-11-07 22:03:49',NULL),(146,30,'BILL-2024-01-0030','2025-06-01','2025-06-10','2025-06-25',267.00,NULL,1550.00,50.00,93.00,305.00,1998.00,'paid','2025-06-21','2025-11-07 22:03:49','2025-11-07 22:03:49',NULL),(147,30,'BILL-2024-02-0030','2025-07-01','2025-07-10','2025-07-25',221.00,NULL,1205.00,50.00,72.00,239.00,1566.00,'paid','2025-07-21','2025-11-07 22:03:49','2025-11-07 22:03:49',NULL),(148,30,'BILL-2024-03-0030','2025-08-01','2025-08-10','2025-08-25',375.00,NULL,2471.00,50.00,148.00,480.00,3149.00,'paid','2025-08-18','2025-11-07 22:03:49','2025-11-07 22:03:49',NULL),(149,30,'BILL-2024-04-0030','2025-09-01','2025-09-10','2025-09-25',172.00,NULL,881.00,50.00,53.00,177.00,1161.00,'paid','2025-09-15','2025-11-07 22:03:49','2025-11-07 22:03:49',NULL),(150,30,'BILL-2024-05-0030','2025-10-01','2025-10-10','2025-10-25',252.00,NULL,1437.00,50.00,86.00,283.00,1856.00,'paid','2025-10-19','2025-11-07 22:03:49','2025-11-07 22:03:49',NULL),(151,31,'BILL-2024-01-0031','2025-06-01','2025-06-10','2025-06-25',10074.00,NULL,79700.00,500.00,7970.00,15871.00,104041.00,'paid','2025-06-23','2025-11-07 22:03:49','2025-11-07 22:03:49',NULL),(152,31,'BILL-2024-02-0031','2025-07-01','2025-07-10','2025-07-25',5681.00,NULL,42287.00,500.00,4229.00,8463.00,55479.00,'paid','2025-07-18','2025-11-07 22:03:49','2025-11-07 22:03:49',NULL),(153,31,'BILL-2024-03-0031','2025-08-01','2025-08-10','2025-08-25',11375.00,NULL,92060.00,500.00,9206.00,18318.00,120084.00,'paid','2025-08-23','2025-11-07 22:03:49','2025-11-07 22:03:49',NULL),(154,31,'BILL-2024-04-0031','2025-09-01','2025-09-10','2025-09-25',10758.00,NULL,86198.00,500.00,8620.00,17157.00,112475.00,'issued',NULL,'2025-11-07 22:03:49','2025-11-07 22:03:49',NULL),(155,31,'BILL-2024-05-0031','2025-10-01','2025-10-10','2025-10-25',7067.00,NULL,54068.00,500.00,5407.00,10796.00,70771.00,'paid','2025-10-15','2025-11-07 22:03:49','2025-11-07 22:03:49',NULL),(156,32,'BILL-2024-01-0032','2025-06-01','2025-06-10','2025-06-25',440.00,NULL,1559.00,30.00,62.00,297.00,1948.00,'paid','2025-06-19','2025-11-07 22:03:49','2025-11-07 22:03:49',NULL),(157,32,'BILL-2024-02-0032','2025-07-01','2025-07-10','2025-07-25',1453.00,NULL,7015.00,30.00,281.00,1319.00,8645.00,'paid','2025-07-22','2025-11-07 22:03:49','2025-11-07 22:03:49',NULL),(158,32,'BILL-2024-03-0032','2025-08-01','2025-08-10','2025-08-25',771.00,NULL,3153.00,30.00,126.00,596.00,3905.00,'paid','2025-08-21','2025-11-07 22:03:49','2025-11-07 22:03:49',NULL),(159,32,'BILL-2024-04-0032','2025-09-01','2025-09-10','2025-09-25',1058.00,NULL,4645.00,30.00,186.00,875.00,5736.00,'paid','2025-09-13','2025-11-07 22:03:49','2025-11-07 22:03:49',NULL),(160,32,'BILL-2024-05-0032','2025-10-01','2025-10-10','2025-10-25',885.00,NULL,3723.00,30.00,149.00,702.00,4604.00,'paid','2025-10-21','2025-11-07 22:03:49','2025-11-07 22:03:49',NULL),(161,33,'BILL-2024-01-0033','2025-06-01','2025-06-10','2025-06-25',14667.00,NULL,123334.00,500.00,12333.00,24510.00,160677.00,'paid','2025-06-19','2025-11-07 22:03:49','2025-11-07 22:03:49',NULL),(162,33,'BILL-2024-02-0033','2025-07-01','2025-07-10','2025-07-25',14107.00,NULL,118014.00,500.00,11801.00,23457.00,153772.00,'paid','2025-07-18','2025-11-07 22:03:49','2025-11-07 22:03:49',NULL),(163,33,'BILL-2024-03-0033','2025-08-01','2025-08-10','2025-08-25',9592.00,NULL,75530.00,500.00,7553.00,15045.00,98628.00,'paid','2025-08-22','2025-11-07 22:03:49','2025-11-07 22:03:49',NULL),(164,33,'BILL-2024-04-0033','2025-09-01','2025-09-10','2025-09-25',9620.00,NULL,75768.00,500.00,7577.00,15092.00,98937.00,'paid','2025-09-16','2025-11-07 22:03:49','2025-11-07 22:03:49',NULL),(165,33,'BILL-2024-05-0033','2025-10-01','2025-10-10','2025-10-25',8124.00,NULL,63052.00,500.00,6305.00,12574.00,82431.00,'paid','2025-10-13','2025-11-07 22:03:49','2025-11-07 22:03:49',NULL),(166,34,'BILL-2024-01-0034','2025-06-01','2025-06-10','2025-06-25',1823.00,NULL,18410.00,150.00,1473.00,3606.00,23639.00,'issued',NULL,'2025-11-07 22:03:50','2025-11-07 22:03:50',NULL),(167,34,'BILL-2024-02-0034','2025-07-01','2025-07-10','2025-07-25',1400.00,NULL,13546.00,150.00,1084.00,2660.00,17440.00,'paid','2025-07-18','2025-11-07 22:03:50','2025-11-07 22:03:50',NULL),(168,34,'BILL-2024-03-0034','2025-08-01','2025-08-10','2025-08-25',626.00,NULL,5207.00,150.00,417.00,1039.00,6813.00,'paid','2025-08-18','2025-11-07 22:03:50','2025-11-07 22:03:50',NULL),(169,34,'BILL-2024-04-0034','2025-09-01','2025-09-10','2025-09-25',1107.00,NULL,10176.00,150.00,814.00,2005.00,13145.00,'paid','2025-09-13','2025-11-07 22:03:50','2025-11-07 22:03:50',NULL),(170,34,'BILL-2024-05-0034','2025-10-01','2025-10-10','2025-10-25',794.00,NULL,6887.00,150.00,551.00,1366.00,8954.00,'paid','2025-10-16','2025-11-07 22:03:50','2025-11-07 22:03:50',NULL),(171,35,'BILL-2024-01-0035','2025-06-01','2025-06-10','2025-06-25',389.00,NULL,2597.00,50.00,156.00,505.00,3308.00,'paid','2025-06-21','2025-11-07 22:03:50','2025-11-07 22:03:50',NULL),(172,35,'BILL-2024-02-0035','2025-07-01','2025-07-10','2025-07-25',328.00,NULL,2048.00,50.00,123.00,400.00,2621.00,'paid','2025-07-14','2025-11-07 22:03:50','2025-11-07 22:03:50',NULL),(173,35,'BILL-2024-03-0035','2025-08-01','2025-08-10','2025-08-25',282.00,NULL,1662.00,50.00,100.00,326.00,2138.00,'paid','2025-08-19','2025-11-07 22:03:50','2025-11-07 22:03:50',NULL),(174,35,'BILL-2024-04-0035','2025-09-01','2025-09-10','2025-09-25',115.00,NULL,539.00,50.00,32.00,112.00,733.00,'paid','2025-09-17','2025-11-07 22:03:50','2025-11-07 22:03:50',NULL),(175,35,'BILL-2024-05-0035','2025-10-01','2025-10-10','2025-10-25',189.00,NULL,983.00,50.00,59.00,197.00,1289.00,'paid','2025-10-17','2025-11-07 22:03:50','2025-11-07 22:03:50',NULL),(176,36,'BILL-2024-01-0036','2025-06-01','2025-06-10','2025-06-25',389.00,NULL,1355.00,30.00,54.00,259.00,1698.00,'paid','2025-06-21','2025-11-07 22:03:50','2025-11-07 22:03:50',NULL),(177,36,'BILL-2024-02-0036','2025-07-01','2025-07-10','2025-07-25',945.00,NULL,4023.00,30.00,161.00,759.00,4973.00,'paid','2025-07-21','2025-11-07 22:03:50','2025-11-07 22:03:50',NULL),(178,36,'BILL-2024-03-0036','2025-08-01','2025-08-10','2025-08-25',862.00,NULL,3608.00,30.00,144.00,681.00,4463.00,'paid','2025-08-19','2025-11-07 22:03:50','2025-11-07 22:03:50',NULL),(179,36,'BILL-2024-04-0036','2025-09-01','2025-09-10','2025-09-25',521.00,NULL,1903.00,30.00,76.00,362.00,2371.00,'paid','2025-09-13','2025-11-07 22:03:50','2025-11-07 22:03:50',NULL),(180,36,'BILL-2024-05-0036','2025-10-01','2025-10-10','2025-10-25',497.00,NULL,1787.00,30.00,71.00,340.00,2228.00,'paid','2025-10-15','2025-11-07 22:03:50','2025-11-07 22:03:50',NULL),(181,37,'BILL-2024-01-0037','2025-06-01','2025-06-10','2025-06-25',14676.00,NULL,123419.00,500.00,12342.00,24527.00,160788.00,'paid','2025-06-20','2025-11-07 22:03:50','2025-11-07 22:03:50',NULL),(182,37,'BILL-2024-02-0037','2025-07-01','2025-07-10','2025-07-25',13729.00,NULL,114423.00,500.00,11442.00,22746.00,149111.00,'paid','2025-07-22','2025-11-07 22:03:50','2025-11-07 22:03:50',NULL),(183,37,'BILL-2024-03-0037','2025-08-01','2025-08-10','2025-08-25',13277.00,NULL,110129.00,500.00,11013.00,21896.00,143538.00,'paid','2025-08-17','2025-11-07 22:03:50','2025-11-07 22:03:50',NULL),(184,37,'BILL-2024-04-0037','2025-09-01','2025-09-10','2025-09-25',12468.00,NULL,102443.00,500.00,10244.00,20374.00,133561.00,'issued',NULL,'2025-11-07 22:03:50','2025-11-07 22:03:50',NULL),(185,37,'BILL-2024-05-0037','2025-10-01','2025-10-10','2025-10-25',10142.00,NULL,80346.00,500.00,8035.00,15999.00,104880.00,'paid','2025-10-17','2025-11-07 22:03:50','2025-11-07 22:03:50',NULL),(186,38,'BILL-2024-01-0038','2025-06-01','2025-06-10','2025-06-25',1633.00,NULL,16225.00,150.00,1298.00,3181.00,20854.00,'paid','2025-06-17','2025-11-07 22:03:50','2025-11-07 22:03:50',NULL),(187,38,'BILL-2024-02-0038','2025-07-01','2025-07-10','2025-07-25',895.00,NULL,7897.00,150.00,632.00,1562.00,10241.00,'paid','2025-07-13','2025-11-07 22:03:50','2025-11-07 22:03:50',NULL),(188,38,'BILL-2024-03-0038','2025-08-01','2025-08-10','2025-08-25',1094.00,NULL,10027.00,150.00,802.00,1976.00,12955.00,'paid','2025-08-17','2025-11-07 22:03:50','2025-11-07 22:03:50',NULL),(189,38,'BILL-2024-04-0038','2025-09-01','2025-09-10','2025-09-25',596.00,NULL,4907.00,150.00,393.00,981.00,6431.00,'paid','2025-09-16','2025-11-07 22:03:50','2025-11-07 22:03:50',NULL),(190,38,'BILL-2024-05-0038','2025-10-01','2025-10-10','2025-10-25',1438.00,NULL,13983.00,150.00,1119.00,2745.00,17997.00,'paid','2025-10-19','2025-11-07 22:03:50','2025-11-07 22:03:50',NULL),(191,39,'BILL-2024-01-0039','2025-06-01','2025-06-10','2025-06-25',1364.00,NULL,6481.00,30.00,259.00,1219.00,7989.00,'paid','2025-06-19','2025-11-07 22:03:50','2025-11-07 22:03:50',NULL),(192,39,'BILL-2024-02-0039','2025-07-01','2025-07-10','2025-07-25',830.00,NULL,3448.00,30.00,138.00,651.00,4267.00,'paid','2025-07-17','2025-11-07 22:03:50','2025-11-07 22:03:50',NULL),(193,39,'BILL-2024-03-0039','2025-08-01','2025-08-10','2025-08-25',775.00,NULL,3173.00,30.00,127.00,599.00,3929.00,'paid','2025-08-13','2025-11-07 22:03:50','2025-11-07 22:03:50',NULL),(194,39,'BILL-2024-04-0039','2025-09-01','2025-09-10','2025-09-25',825.00,NULL,3423.00,30.00,137.00,646.00,4236.00,'paid','2025-09-20','2025-11-07 22:03:50','2025-11-07 22:03:50',NULL),(195,39,'BILL-2024-05-0039','2025-10-01','2025-10-10','2025-10-25',1068.00,NULL,4705.00,30.00,188.00,886.00,5809.00,'paid','2025-10-19','2025-11-07 22:03:50','2025-11-07 22:03:50',NULL),(196,40,'BILL-2024-01-0040','2025-06-01','2025-06-10','2025-06-25',676.00,NULL,2678.00,30.00,107.00,507.00,3322.00,'issued',NULL,'2025-11-07 22:03:50','2025-11-07 22:03:50',NULL),(197,40,'BILL-2024-02-0040','2025-07-01','2025-07-10','2025-07-25',1270.00,NULL,5917.00,30.00,237.00,1113.00,7297.00,'paid','2025-07-16','2025-11-07 22:03:50','2025-11-07 22:03:50',NULL),(198,40,'BILL-2024-03-0040','2025-08-01','2025-08-10','2025-08-25',443.00,NULL,1571.00,30.00,63.00,300.00,1964.00,'paid','2025-08-13','2025-11-07 22:03:50','2025-11-07 22:03:50',NULL),(199,40,'BILL-2024-04-0040','2025-09-01','2025-09-10','2025-09-25',1336.00,NULL,6313.00,30.00,253.00,1187.00,7783.00,'paid','2025-09-22','2025-11-07 22:03:50','2025-11-07 22:03:50',NULL),(200,40,'BILL-2024-05-0040','2025-10-01','2025-10-10','2025-10-25',1060.00,NULL,4657.00,30.00,186.00,877.00,5750.00,'paid','2025-10-22','2025-11-07 22:03:50','2025-11-07 22:03:50',NULL),(201,41,'BILL-2024-01-0041','2025-06-01','2025-06-10','2025-06-25',151.00,NULL,755.00,50.00,45.00,153.00,1003.00,'paid','2025-06-14','2025-11-07 22:03:50','2025-11-07 22:03:50',NULL),(202,41,'BILL-2024-02-0041','2025-07-01','2025-07-10','2025-07-25',196.00,NULL,1025.00,50.00,62.00,205.00,1342.00,'paid','2025-07-19','2025-11-07 22:03:50','2025-11-07 22:03:50',NULL),(203,41,'BILL-2024-03-0041','2025-08-01','2025-08-10','2025-08-25',86.00,NULL,387.00,50.00,23.00,83.00,543.00,'paid','2025-08-14','2025-11-07 22:03:50','2025-11-07 22:03:50',NULL),(204,41,'BILL-2024-04-0041','2025-09-01','2025-09-10','2025-09-25',190.00,NULL,989.00,50.00,59.00,198.00,1296.00,'paid','2025-09-14','2025-11-07 22:03:50','2025-11-07 22:03:50',NULL),(205,41,'BILL-2024-05-0041','2025-10-01','2025-10-10','2025-10-25',133.00,NULL,647.00,50.00,39.00,132.00,868.00,'issued',NULL,'2025-11-07 22:03:50','2025-11-07 22:03:50',NULL),(206,42,'BILL-2024-01-0042','2025-06-01','2025-06-10','2025-06-25',1363.00,NULL,13120.00,150.00,1050.00,2578.00,16898.00,'paid','2025-06-13','2025-11-07 22:03:50','2025-11-07 22:03:50',NULL),(207,42,'BILL-2024-02-0042','2025-07-01','2025-07-10','2025-07-25',1115.00,NULL,10268.00,150.00,821.00,2023.00,13262.00,'paid','2025-07-13','2025-11-07 22:03:50','2025-11-07 22:03:50',NULL),(208,42,'BILL-2024-03-0042','2025-08-01','2025-08-10','2025-08-25',1351.00,NULL,12982.00,150.00,1039.00,2551.00,16722.00,'paid','2025-08-21','2025-11-07 22:03:50','2025-11-07 22:03:50',NULL),(209,42,'BILL-2024-04-0042','2025-09-01','2025-09-10','2025-09-25',1925.00,NULL,19583.00,150.00,1567.00,3834.00,25134.00,'paid','2025-09-23','2025-11-07 22:03:50','2025-11-07 22:03:50',NULL),(210,42,'BILL-2024-05-0042','2025-10-01','2025-10-10','2025-10-25',1379.00,NULL,13304.00,150.00,1064.00,2613.00,17131.00,'paid','2025-10-19','2025-11-07 22:03:50','2025-11-07 22:03:50',NULL),(211,43,'BILL-2024-01-0043','2025-06-01','2025-06-10','2025-06-25',5306.00,NULL,39099.00,500.00,3910.00,7832.00,51341.00,'paid','2025-06-13','2025-11-07 22:03:50','2025-11-07 22:03:50',NULL),(212,43,'BILL-2024-02-0043','2025-07-01','2025-07-10','2025-07-25',5644.00,NULL,41972.00,500.00,4197.00,8400.00,55069.00,'paid','2025-07-20','2025-11-07 22:03:50','2025-11-07 22:03:50',NULL),(213,43,'BILL-2024-03-0043','2025-08-01','2025-08-10','2025-08-25',7058.00,NULL,53991.00,500.00,5399.00,10780.00,70670.00,'paid','2025-08-17','2025-11-07 22:03:50','2025-11-07 22:03:50',NULL),(214,43,'BILL-2024-04-0043','2025-09-01','2025-09-10','2025-09-25',6980.00,NULL,53328.00,500.00,5333.00,10649.00,69810.00,'paid','2025-09-16','2025-11-07 22:03:50','2025-11-07 22:03:50',NULL),(215,43,'BILL-2024-05-0043','2025-10-01','2025-10-10','2025-10-25',7930.00,NULL,61403.00,500.00,6140.00,12248.00,80291.00,'paid','2025-10-23','2025-11-07 22:03:50','2025-11-07 22:03:50',NULL),(216,44,'BILL-2024-01-0044','2025-06-01','2025-06-10','2025-06-25',240.00,NULL,1347.00,50.00,81.00,266.00,1744.00,'paid','2025-06-14','2025-11-07 22:03:50','2025-11-07 22:03:50',NULL),(217,44,'BILL-2024-02-0044','2025-07-01','2025-07-10','2025-07-25',153.00,NULL,767.00,50.00,46.00,155.00,1018.00,'paid','2025-07-19','2025-11-07 22:03:50','2025-11-07 22:03:50',NULL),(218,44,'BILL-2024-03-0044','2025-08-01','2025-08-10','2025-08-25',113.00,NULL,527.00,50.00,32.00,110.00,719.00,'paid','2025-08-13','2025-11-07 22:03:50','2025-11-07 22:03:50',NULL),(219,44,'BILL-2024-04-0044','2025-09-01','2025-09-10','2025-09-25',382.00,NULL,2534.00,50.00,152.00,492.00,3228.00,'paid','2025-09-18','2025-11-07 22:03:50','2025-11-07 22:03:50',NULL),(220,44,'BILL-2024-05-0044','2025-10-01','2025-10-10','2025-10-25',90.00,NULL,405.00,50.00,24.00,86.00,565.00,'paid','2025-10-21','2025-11-07 22:03:50','2025-11-07 22:03:50',NULL),(221,45,'BILL-2024-01-0045','2025-06-01','2025-06-10','2025-06-25',1314.00,NULL,6181.00,30.00,247.00,1162.00,7620.00,'paid','2025-06-14','2025-11-07 22:03:50','2025-11-07 22:03:50',NULL),(222,45,'BILL-2024-02-0045','2025-07-01','2025-07-10','2025-07-25',1104.00,NULL,4921.00,30.00,197.00,927.00,6075.00,'paid','2025-07-15','2025-11-07 22:03:50','2025-11-07 22:03:50',NULL),(223,45,'BILL-2024-03-0045','2025-08-01','2025-08-10','2025-08-25',938.00,NULL,3988.00,30.00,160.00,752.00,4930.00,'paid','2025-08-15','2025-11-07 22:03:50','2025-11-07 22:03:50',NULL),(224,45,'BILL-2024-04-0045','2025-09-01','2025-09-10','2025-09-25',1337.00,NULL,6319.00,30.00,253.00,1188.00,7790.00,'paid','2025-09-13','2025-11-07 22:03:50','2025-11-07 22:03:50',NULL),(225,45,'BILL-2024-05-0045','2025-10-01','2025-10-10','2025-10-25',482.00,NULL,1727.00,30.00,69.00,329.00,2155.00,'paid','2025-10-23','2025-11-07 22:03:50','2025-11-07 22:03:50',NULL),(226,46,'BILL-2024-01-0046','2025-06-01','2025-06-10','2025-06-25',1636.00,NULL,16260.00,150.00,1301.00,3188.00,20899.00,'paid','2025-06-22','2025-11-07 22:03:50','2025-11-07 22:03:50',NULL),(227,46,'BILL-2024-02-0046','2025-07-01','2025-07-10','2025-07-25',1716.00,NULL,17180.00,150.00,1374.00,3367.00,22071.00,'paid','2025-07-21','2025-11-07 22:03:50','2025-11-07 22:03:50',NULL),(228,46,'BILL-2024-03-0046','2025-08-01','2025-08-10','2025-08-25',1509.00,NULL,14799.00,150.00,1184.00,2904.00,19037.00,'paid','2025-08-22','2025-11-07 22:03:50','2025-11-07 22:03:50',NULL),(229,46,'BILL-2024-04-0046','2025-09-01','2025-09-10','2025-09-25',1776.00,NULL,17870.00,150.00,1430.00,3501.00,22951.00,'paid','2025-09-13','2025-11-07 22:03:50','2025-11-07 22:03:50',NULL),(230,46,'BILL-2024-05-0046','2025-10-01','2025-10-10','2025-10-25',1406.00,NULL,13615.00,150.00,1089.00,2674.00,17528.00,'paid','2025-10-23','2025-11-07 22:03:50','2025-11-07 22:03:50',NULL),(231,47,'BILL-2024-01-0047','2025-06-01','2025-06-10','2025-06-25',13753.00,NULL,114651.00,500.00,11465.00,22791.00,149407.00,'paid','2025-06-16','2025-11-07 22:03:50','2025-11-07 22:03:50',NULL),(232,47,'BILL-2024-02-0047','2025-07-01','2025-07-10','2025-07-25',12112.00,NULL,99061.00,500.00,9906.00,19704.00,129171.00,'paid','2025-07-21','2025-11-07 22:03:51','2025-11-07 22:03:51',NULL),(233,47,'BILL-2024-03-0047','2025-08-01','2025-08-10','2025-08-25',12251.00,NULL,100382.00,500.00,10038.00,19966.00,130886.00,'paid','2025-08-22','2025-11-07 22:03:51','2025-11-07 22:03:51',NULL),(234,47,'BILL-2024-04-0047','2025-09-01','2025-09-10','2025-09-25',13347.00,NULL,110794.00,500.00,11079.00,22027.00,144400.00,'paid','2025-09-16','2025-11-07 22:03:51','2025-11-07 22:03:51',NULL),(235,47,'BILL-2024-05-0047','2025-10-01','2025-10-10','2025-10-25',12405.00,NULL,101845.00,500.00,10185.00,20255.00,132785.00,'paid','2025-10-18','2025-11-07 22:03:51','2025-11-07 22:03:51',NULL),(236,48,'BILL-2024-01-0048','2025-06-01','2025-06-10','2025-06-25',915.00,NULL,8097.00,150.00,648.00,1601.00,10496.00,'paid','2025-06-17','2025-11-07 22:03:51','2025-11-07 22:03:51',NULL),(237,48,'BILL-2024-02-0048','2025-07-01','2025-07-10','2025-07-25',1558.00,NULL,15363.00,150.00,1229.00,3014.00,19756.00,'paid','2025-07-15','2025-11-07 22:03:51','2025-11-07 22:03:51',NULL),(238,48,'BILL-2024-03-0048','2025-08-01','2025-08-10','2025-08-25',904.00,NULL,7987.00,150.00,639.00,1580.00,10356.00,'paid','2025-08-23','2025-11-07 22:03:51','2025-11-07 22:03:51',NULL),(239,48,'BILL-2024-04-0048','2025-09-01','2025-09-10','2025-09-25',510.00,NULL,4047.00,150.00,324.00,814.00,5335.00,'paid','2025-09-21','2025-11-07 22:03:51','2025-11-07 22:03:51',NULL),(240,48,'BILL-2024-05-0048','2025-10-01','2025-10-10','2025-10-25',1304.00,NULL,12442.00,150.00,995.00,2446.00,16033.00,'paid','2025-10-14','2025-11-07 22:03:51','2025-11-07 22:03:51',NULL),(241,49,'BILL-2024-01-0049','2025-06-01','2025-06-10','2025-06-25',389.00,NULL,2597.00,50.00,156.00,505.00,3308.00,'paid','2025-06-21','2025-11-07 22:03:51','2025-11-07 22:03:51',NULL),(242,49,'BILL-2024-02-0049','2025-07-01','2025-07-10','2025-07-25',288.00,NULL,1707.00,50.00,102.00,335.00,2194.00,'paid','2025-07-23','2025-11-07 22:03:51','2025-11-07 22:03:51',NULL),(243,49,'BILL-2024-03-0049','2025-08-01','2025-08-10','2025-08-25',107.00,NULL,491.00,50.00,29.00,103.00,673.00,'paid','2025-08-16','2025-11-07 22:03:51','2025-11-07 22:03:51',NULL),(244,49,'BILL-2024-04-0049','2025-09-01','2025-09-10','2025-09-25',93.00,NULL,419.00,50.00,25.00,89.00,583.00,'paid','2025-09-13','2025-11-07 22:03:51','2025-11-07 22:03:51',NULL),(245,49,'BILL-2024-05-0049','2025-10-01','2025-10-10','2025-10-25',200.00,NULL,1049.00,50.00,63.00,209.00,1371.00,'paid','2025-10-13','2025-11-07 22:03:51','2025-11-07 22:03:51',NULL),(246,50,'BILL-2024-01-0050','2025-06-01','2025-06-10','2025-06-25',529.00,NULL,1943.00,30.00,78.00,369.00,2420.00,'paid','2025-06-15','2025-11-07 22:03:51','2025-11-07 22:03:51',NULL),(247,50,'BILL-2024-02-0050','2025-07-01','2025-07-10','2025-07-25',1173.00,NULL,5335.00,30.00,213.00,1004.00,6582.00,'paid','2025-07-21','2025-11-07 22:03:51','2025-11-07 22:03:51',NULL),(248,50,'BILL-2024-03-0050','2025-08-01','2025-08-10','2025-08-25',395.00,NULL,1379.00,30.00,55.00,264.00,1728.00,'paid','2025-08-22','2025-11-07 22:03:51','2025-11-07 22:03:51',NULL),(249,50,'BILL-2024-04-0050','2025-09-01','2025-09-10','2025-09-25',590.00,NULL,2248.00,30.00,90.00,426.00,2794.00,'paid','2025-09-14','2025-11-07 22:03:51','2025-11-07 22:03:51',NULL),(250,50,'BILL-2024-05-0050','2025-10-01','2025-10-10','2025-10-25',1278.00,NULL,5965.00,30.00,239.00,1122.00,7356.00,'paid','2025-10-18','2025-11-07 22:03:51','2025-11-07 22:03:51',NULL),(251,52,'BILL-2024-05-0052','2025-10-01','2025-10-10','2025-10-25',1639.00,NULL,16294.00,150.00,1304.00,3195.00,20943.00,'paid','2025-10-14','2025-11-07 22:03:51','2025-11-07 22:03:51',NULL),(252,53,'BILL-2024-04-0053','2025-09-01','2025-09-10','2025-09-25',735.00,NULL,2973.00,30.00,119.00,562.00,3684.00,'paid','2025-09-21','2025-11-07 22:03:51','2025-11-07 22:03:51',NULL),(253,53,'BILL-2024-05-0053','2025-10-01','2025-10-10','2025-10-25',1385.00,NULL,6607.00,30.00,264.00,1242.00,8143.00,'paid','2025-10-18','2025-11-07 22:03:51','2025-11-07 22:03:51',NULL),(254,1,'BILL-2025-28757019','2025-11-01','2025-11-07','2025-11-22',1799.00,254,9091.00,30.00,364.00,1707.00,11192.00,'paid','2025-11-07','2025-11-07 22:12:33','2025-11-07 22:15:43',4),(255,54,'CNX-000054-202511','2025-11-08','2025-11-08','2025-11-22',0.00,NULL,30000.00,0.00,0.00,0.00,30000.00,'issued',NULL,'2025-11-07 22:22:04','2025-11-07 22:22:04',NULL),(256,2,'BILL-2025-81430388','2025-11-01','2025-11-07','2025-11-22',1568.00,255,15478.00,150.00,1238.00,3036.00,19902.00,'issued',NULL,'2025-11-07 23:01:29','2025-11-07 23:01:29',2),(257,3,'BILL-2025-59990667','2025-11-01','2025-11-07','2025-11-22',1464.00,256,14282.00,150.00,1143.00,2804.00,18379.00,'issued',NULL,'2025-11-07 23:01:30','2025-11-07 23:01:30',2),(258,4,'BILL-2025-01856831','2025-11-01','2025-11-07','2025-11-22',8117.00,257,62993.00,500.00,6299.00,12563.00,82355.00,'issued',NULL,'2025-11-07 23:01:30','2025-11-07 23:01:30',3),(259,5,'BILL-2025-15591272','2025-11-01','2025-11-07','2025-11-22',8534.00,258,66537.00,500.00,6654.00,13264.00,86955.00,'issued',NULL,'2025-11-07 23:01:30','2025-11-07 23:01:30',3),(260,7,'BILL-2025-54750104','2025-11-01','2025-11-07','2025-11-22',10376.00,259,82569.00,500.00,8257.00,16439.00,107765.00,'issued',NULL,'2025-11-07 23:01:30','2025-11-07 23:01:30',3),(261,8,'BILL-2025-91129770','2025-11-01','2025-11-07','2025-11-22',1143.00,260,10590.00,150.00,847.00,2086.00,13673.00,'issued',NULL,'2025-11-07 23:01:30','2025-11-07 23:01:30',2),(262,9,'BILL-2025-07290035','2025-11-01','2025-11-07','2025-11-22',1067.00,261,4699.00,30.00,188.00,885.00,5802.00,'issued',NULL,'2025-11-07 23:01:30','2025-11-07 23:01:30',4),(263,11,'BILL-2025-14149700','2025-11-01','2025-11-07','2025-11-22',1058.00,262,9613.00,150.00,769.00,1896.00,12428.00,'issued',NULL,'2025-11-07 23:01:30','2025-11-07 23:01:30',2),(264,12,'BILL-2025-52325698','2025-11-01','2025-11-07','2025-11-22',1251.00,263,11832.00,150.00,947.00,2327.00,15256.00,'issued',NULL,'2025-11-07 23:01:30','2025-11-07 23:01:30',2),(265,13,'BILL-2025-40151402','2025-11-01','2025-11-07','2025-11-22',868.00,264,3638.00,30.00,146.00,687.00,4501.00,'issued',NULL,'2025-11-07 23:01:30','2025-11-07 23:01:30',4),(266,14,'BILL-2025-17806062','2025-11-01','2025-11-07','2025-11-22',322.00,265,1994.00,50.00,120.00,390.00,2554.00,'issued',NULL,'2025-11-07 23:01:30','2025-11-07 23:01:30',1),(267,17,'BILL-2025-94768139','2025-11-01','2025-11-07','2025-11-22',179.00,266,923.00,50.00,55.00,185.00,1213.00,'issued',NULL,'2025-11-07 23:01:30','2025-11-07 23:01:30',1),(268,18,'BILL-2025-20735572','2025-11-01','2025-11-07','2025-11-22',603.00,267,2313.00,30.00,93.00,438.00,2874.00,'issued',NULL,'2025-11-07 23:01:30','2025-11-07 23:01:30',4),(269,19,'BILL-2025-81264079','2025-11-01','2025-11-07','2025-11-22',216.00,268,1167.00,50.00,70.00,232.00,1519.00,'issued',NULL,'2025-11-07 23:01:30','2025-11-07 23:01:30',1),(270,20,'BILL-2025-13010665','2025-11-01','2025-11-07','2025-11-22',244.00,269,1377.00,50.00,83.00,272.00,1782.00,'issued',NULL,'2025-11-07 23:01:30','2025-11-07 23:01:30',1),(271,21,'BILL-2025-54682510','2025-11-01','2025-11-07','2025-11-22',1019.00,270,4411.00,30.00,176.00,831.00,5448.00,'issued',NULL,'2025-11-07 23:01:30','2025-11-07 23:01:30',4),(272,22,'BILL-2025-37224399','2025-11-01','2025-11-07','2025-11-22',204.00,271,1077.00,50.00,65.00,215.00,1407.00,'issued',NULL,'2025-11-07 23:01:30','2025-11-07 23:01:30',1),(273,23,'BILL-2025-22216033','2025-11-01','2025-11-07','2025-11-22',548.00,272,2038.00,30.00,82.00,387.00,2537.00,'issued',NULL,'2025-11-07 23:01:30','2025-11-07 23:01:30',4),(274,24,'BILL-2025-19567612','2025-11-01','2025-11-07','2025-11-22',844.00,273,3518.00,30.00,141.00,664.00,4353.00,'issued',NULL,'2025-11-07 23:01:30','2025-11-07 23:01:30',4),(275,25,'BILL-2025-77449641','2025-11-01','2025-11-07','2025-11-22',200.00,274,1049.00,50.00,63.00,209.00,1371.00,'issued',NULL,'2025-11-07 23:01:30','2025-11-07 23:01:30',1),(276,26,'BILL-2025-04173469','2025-11-01','2025-11-07','2025-11-22',9574.00,275,75377.00,500.00,7538.00,15015.00,98430.00,'issued',NULL,'2025-11-07 23:01:30','2025-11-07 23:01:30',3),(277,28,'BILL-2025-97142627','2025-11-01','2025-11-07','2025-11-22',227.00,276,1250.00,50.00,75.00,248.00,1623.00,'issued',NULL,'2025-11-07 23:01:30','2025-11-07 23:01:30',1),(278,29,'BILL-2025-86013653','2025-11-01','2025-11-07','2025-11-22',336.00,277,2120.00,50.00,127.00,413.00,2710.00,'issued',NULL,'2025-11-07 23:01:30','2025-11-07 23:01:30',1),(279,30,'BILL-2025-32899682','2025-11-01','2025-11-07','2025-11-22',257.00,278,1475.00,50.00,89.00,291.00,1905.00,'issued',NULL,'2025-11-07 23:01:30','2025-11-07 23:01:30',1),(280,31,'BILL-2025-32016513','2025-11-01','2025-11-07','2025-11-22',7952.00,279,61590.00,500.00,6159.00,12285.00,80534.00,'issued',NULL,'2025-11-07 23:01:30','2025-11-07 23:01:30',3),(281,32,'BILL-2025-35116104','2025-11-01','2025-11-07','2025-11-22',907.00,280,3833.00,30.00,153.00,723.00,4739.00,'issued',NULL,'2025-11-07 23:01:30','2025-11-07 23:01:30',4),(282,33,'BILL-2025-05763328','2025-11-01','2025-11-07','2025-11-22',12143.00,281,99356.00,500.00,9936.00,19763.00,129555.00,'issued',NULL,'2025-11-07 23:01:30','2025-11-07 23:01:30',3),(283,34,'BILL-2025-64442586','2025-11-01','2025-11-07','2025-11-22',1195.00,282,11188.00,150.00,895.00,2202.00,14435.00,'issued',NULL,'2025-11-07 23:01:30','2025-11-07 23:01:30',2),(284,35,'BILL-2025-71100558','2025-11-01','2025-11-07','2025-11-22',258.00,283,1482.00,50.00,89.00,292.00,1913.00,'issued',NULL,'2025-11-07 23:01:30','2025-11-07 23:01:30',1),(285,38,'BILL-2025-73295958','2025-11-01','2025-11-07','2025-11-22',1284.00,284,12212.00,150.00,977.00,2401.00,15740.00,'issued',NULL,'2025-11-07 23:01:30','2025-11-07 23:01:30',2),(286,39,'BILL-2025-49427228','2025-11-01','2025-11-07','2025-11-22',912.00,285,3858.00,30.00,154.00,728.00,4770.00,'issued',NULL,'2025-11-07 23:01:30','2025-11-07 23:01:30',4),(287,40,'BILL-2025-82822204','2025-11-01','2025-11-07','2025-11-22',933.00,286,3963.00,30.00,159.00,747.00,4899.00,'issued',NULL,'2025-11-07 23:01:30','2025-11-07 23:01:30',4),(288,41,'BILL-2025-85288620','2025-11-01','2025-11-07','2025-11-22',172.00,287,881.00,50.00,53.00,177.00,1161.00,'issued',NULL,'2025-11-07 23:01:30','2025-11-07 23:01:30',1),(289,43,'BILL-2025-94260858','2025-11-01','2025-11-07','2025-11-22',7338.00,288,56371.00,500.00,5637.00,11251.00,73759.00,'issued',NULL,'2025-11-07 23:01:30','2025-11-07 23:01:30',3),(290,44,'BILL-2025-32921642','2025-11-01','2025-11-07','2025-11-22',204.00,289,1077.00,50.00,65.00,215.00,1407.00,'issued',NULL,'2025-11-07 23:01:30','2025-11-07 23:01:30',1),(291,45,'BILL-2025-49603102','2025-11-01','2025-11-07','2025-11-22',1078.00,290,4765.00,30.00,191.00,897.00,5883.00,'issued',NULL,'2025-11-07 23:01:30','2025-11-07 23:01:30',4),(292,47,'BILL-2025-27266948','2025-11-01','2025-11-07','2025-11-22',13291.00,291,110262.00,500.00,11026.00,21922.00,143710.00,'issued',NULL,'2025-11-07 23:01:30','2025-11-07 23:01:30',3),(293,48,'BILL-2025-99931714','2025-11-01','2025-11-07','2025-11-22',911.00,292,8057.00,150.00,645.00,1593.00,10445.00,'issued',NULL,'2025-11-07 23:01:30','2025-11-07 23:01:30',2),(294,49,'BILL-2025-34460876','2025-11-01','2025-11-07','2025-11-22',235.00,293,1310.00,50.00,79.00,259.00,1698.00,'issued',NULL,'2025-11-07 23:01:30','2025-11-07 23:01:30',1),(295,51,'BILL-2025-67017627','2025-11-01','2025-11-07','2025-11-22',227.00,294,1250.00,50.00,75.00,248.00,1623.00,'issued',NULL,'2025-11-07 23:01:30','2025-11-07 23:01:30',1),(296,52,'BILL-2025-41904873','2025-11-01','2025-11-07','2025-11-22',1720.00,295,17226.00,150.00,1378.00,3376.00,22130.00,'issued',NULL,'2025-11-07 23:01:30','2025-11-07 23:01:30',2),(297,53,'BILL-2025-32353729','2025-11-01','2025-11-07','2025-11-22',1005.00,296,4327.00,30.00,173.00,815.00,5345.00,'issued',NULL,'2025-11-07 23:01:30','2025-11-07 23:01:30',4);
/*!40000 ALTER TABLE `bills` ENABLE KEYS */;
UNLOCK TABLES;

--
-- Table structure for table `complaints`
--

DROP TABLE IF EXISTS `complaints`;
/*!40101 SET @saved_cs_client     = @@character_set_client */;
/*!50503 SET character_set_client = utf8mb4 */;
CREATE TABLE `complaints` (
  `id` int NOT NULL AUTO_INCREMENT,
  `customer_id` int NOT NULL,
  `employee_id` int DEFAULT NULL,
  `work_order_id` int DEFAULT NULL,
  `category` enum('power_outage','billing','service','meter_issue','connection','other') NOT NULL,
  `title` varchar(255) NOT NULL,
  `description` text NOT NULL,
  `status` enum('submitted','under_review','assigned','in_progress','resolved','closed') NOT NULL DEFAULT 'submitted',
  `priority` enum('low','medium','high','urgent') NOT NULL DEFAULT 'medium',
  `resolution_notes` text,
  `submitted_at` timestamp NOT NULL DEFAULT CURRENT_TIMESTAMP,
  `reviewed_at` timestamp NULL DEFAULT NULL,
  `assigned_at` timestamp NULL DEFAULT NULL,
  `resolved_at` timestamp NULL DEFAULT NULL,
  `closed_at` timestamp NULL DEFAULT NULL,
  `created_at` timestamp NOT NULL DEFAULT CURRENT_TIMESTAMP,
  `updated_at` timestamp NOT NULL DEFAULT CURRENT_TIMESTAMP ON UPDATE CURRENT_TIMESTAMP,
  PRIMARY KEY (`id`),
  KEY `customer_id` (`customer_id`),
  KEY `employee_id` (`employee_id`),
  KEY `work_order_id` (`work_order_id`),
  KEY `idx_complaints_customer_status` (`customer_id`,`status`),
  CONSTRAINT `complaints_ibfk_1` FOREIGN KEY (`customer_id`) REFERENCES `customers` (`id`) ON DELETE CASCADE,
  CONSTRAINT `complaints_ibfk_2` FOREIGN KEY (`employee_id`) REFERENCES `employees` (`id`) ON DELETE SET NULL,
  CONSTRAINT `complaints_ibfk_3` FOREIGN KEY (`work_order_id`) REFERENCES `work_orders` (`id`) ON DELETE SET NULL
) ENGINE=InnoDB AUTO_INCREMENT=2 DEFAULT CHARSET=utf8mb4 COLLATE=utf8mb4_0900_ai_ci;
/*!40101 SET character_set_client = @saved_cs_client */;

--
-- Dumping data for table `complaints`
--

LOCK TABLES `complaints` WRITE;
/*!40000 ALTER TABLE `complaints` DISABLE KEYS */;
INSERT INTO `complaints` VALUES (1,1,1,22,'meter_issue','h','h','closed','medium','hhhhhh','2025-11-07 22:16:25',NULL,'2025-11-07 17:16:44','2025-11-07 17:17:10','2025-11-07 17:17:17','2025-11-07 22:16:25','2025-11-07 22:17:17');
/*!40000 ALTER TABLE `complaints` ENABLE KEYS */;
UNLOCK TABLES;

--
-- Table structure for table `connection_requests`
--

DROP TABLE IF EXISTS `connection_requests`;
/*!40101 SET @saved_cs_client     = @@character_set_client */;
/*!50503 SET character_set_client = utf8mb4 */;
CREATE TABLE `connection_requests` (
  `id` int NOT NULL AUTO_INCREMENT,
  `application_number` varchar(50) NOT NULL,
  `applicant_name` varchar(255) NOT NULL,
  `father_name` varchar(255) DEFAULT NULL,
  `email` varchar(255) NOT NULL,
  `phone` varchar(20) NOT NULL,
  `alternate_phone` varchar(20) DEFAULT NULL,
  `id_type` enum('passport','drivers_license','national_id','voter_id','aadhaar') NOT NULL,
  `id_number` varchar(100) NOT NULL,
  `property_type` enum('Residential','Commercial','Industrial','Agricultural') NOT NULL,
  `connection_type` varchar(50) NOT NULL,
  `load_required` decimal(10,2) DEFAULT NULL,
  `property_address` varchar(500) NOT NULL,
  `city` varchar(100) NOT NULL,
  `state` varchar(100) DEFAULT NULL,
  `pincode` varchar(10) DEFAULT NULL,
  `landmark` varchar(255) DEFAULT NULL,
  `zone` varchar(50) DEFAULT NULL,
  `preferred_date` date DEFAULT NULL,
  `purpose_of_connection` enum('domestic','business','industrial','agricultural') NOT NULL,
  `existing_connection` tinyint(1) DEFAULT '0',
  `existing_account_number` varchar(50) DEFAULT NULL,
  `status` enum('pending','under_review','approved','rejected','connected') DEFAULT 'pending',
  `estimated_charges` decimal(10,2) DEFAULT NULL,
  `inspection_date` date DEFAULT NULL,
  `approval_date` date DEFAULT NULL,
  `installation_date` date DEFAULT NULL,
  `application_date` date NOT NULL,
  `account_number` varchar(50) DEFAULT NULL,
  `temporary_password` varchar(255) DEFAULT NULL,
  `created_at` timestamp NULL DEFAULT CURRENT_TIMESTAMP,
  `updated_at` timestamp NULL DEFAULT CURRENT_TIMESTAMP ON UPDATE CURRENT_TIMESTAMP,
  PRIMARY KEY (`id`),
  UNIQUE KEY `application_number` (`application_number`),
  KEY `idx_status` (`status`),
  KEY `idx_email` (`email`),
  KEY `idx_connection_requests_zone` (`zone`)
) ENGINE=InnoDB AUTO_INCREMENT=24 DEFAULT CHARSET=utf8mb4 COLLATE=utf8mb4_0900_ai_ci;
/*!40101 SET character_set_client = @saved_cs_client */;

--
-- Dumping data for table `connection_requests`
--

LOCK TABLES `connection_requests` WRITE;
/*!40000 ALTER TABLE `connection_requests` DISABLE KEYS */;
INSERT INTO `connection_requests` VALUES (1,'APP-2025-962533','New Connection User',NULL,'newconnection@test.com','03007777777',NULL,'national_id','12345-6789012-3','Residential','single-phase',NULL,'New House 123','Lahore',NULL,NULL,NULL,'Zone A',NULL,'domestic',0,NULL,'approved',NULL,NULL,'2025-10-28',NULL,'2025-10-27','ELX-2025-504146-A7CC','3FV55oUz435269FFB!@#','2025-10-27 14:19:01','2025-10-30 20:32:11'),(2,'APP-2025-275955','Test','Khan','test@example.com','03001234567','03131715391','national_id','789456123','Residential','single-phase',10.00,'fLat','Karachi','Punjab','746789',NULL,'Zone B','2025-10-28','domestic',0,NULL,'connected',2000.00,NULL,'2025-10-28','2025-10-28','2025-10-28',NULL,NULL,'2025-10-28 10:13:31','2025-10-30 20:32:11'),(3,'APP-2025-841122','test',NULL,'test@example5.com','03197836985','03131715391','national_id','789456123','Residential','single-phase',5.00,'Flat','Karachi',NULL,'746985',NULL,'Zone C','2025-10-28','domestic',0,NULL,'connected',2000.00,NULL,'2025-10-28','2025-10-28','2025-10-28',NULL,NULL,'2025-10-28 10:26:34','2025-10-30 20:32:11'),(4,'APP-2025-888678','Test',NULL,'test3@example.com','03457896321','03131715391','national_id','789456123','Residential','single-phase',5.00,'Flat','Karachi','Punjab','746890',NULL,'Zone D','2025-10-28','domestic',0,NULL,'approved',NULL,NULL,'2025-10-28',NULL,'2025-10-28','ELX-2025-641527-1B0B','09LAOEhxBQ418C29DE0!@#','2025-10-28 10:51:21','2025-10-30 20:32:11'),(5,'APP-2025-212326','test4',NULL,'test4@example.com','03131816987','03131715391','national_id','789456123','Residential','single-phase',5.00,'Flat','Karachi','Punjab','746753',NULL,'Zone E','2025-10-28','domestic',0,NULL,'pending',NULL,NULL,NULL,NULL,'2025-10-28',NULL,NULL,'2025-10-28 10:57:50','2025-10-30 20:32:11'),(6,'APP-2025-423884','Tom',NULL,'tom@example.com','03145678951','03131715391','national_id','123654789','Residential','single-phase',5.00,'Flat','Karachi','Punjab','746852',NULL,'Zone A','2025-10-28','domestic',0,NULL,'connected',9000.00,NULL,'2025-10-28','2025-10-28','2025-10-28','ELX-2025-010514-AAC6','uEIx7iDel7AB42ACF07!@#','2025-10-28 11:42:45','2025-10-30 20:32:11'),(7,'APP-2025-986875','Tom',NULL,'tom1@example.com','03467391456','03131715391','national_id','78945613','Residential','single-phase',5.00,'Flat','Karachi',NULL,'747530',NULL,'Zone B','2025-10-28','domestic',0,NULL,'connected',9000.00,NULL,'2025-10-28','2025-10-28','2025-10-28','ELX-2025-328243-D309','QmQZ8g2JE00E2B595E0!@#','2025-10-28 11:51:27','2025-10-30 20:32:11'),(8,'APP-2025-479228','jack',NULL,'jack@test.com','03537595123','03131715391','national_id','123456789','Residential','single-phase',5.00,'Flat','Karachi','Punjab','746753',NULL,'Zone C','2025-10-28','domestic',0,NULL,'connected',1500.00,NULL,'2025-10-28','2025-10-28','2025-10-28','ELX-2025-556358-D90F','l72Y5u68NFgCE5343EB!@#','2025-10-28 12:12:16','2025-10-30 20:32:11'),(9,'APP-2025-504643','Sammy',NULL,'sammy@example.com','03739145632','03131715391','national_id','123456789','Residential','single-phase',5.00,'Flat','Karachi','Sindh','746753',NULL,'Zone D','2025-10-28','domestic',0,NULL,'approved',20000.00,NULL,'2025-10-28',NULL,'2025-10-28','ELX-2025-135329-9AC1','kuMK6hoD3R4A0EF356C!@#','2025-10-28 12:21:44','2025-10-30 20:32:11'),(10,'APP-2025-483063','Kane',NULL,'kane@example.com','03468291732','03131715391','national_id','78945613','Residential','single-phase',5.00,'Flat','Karachi','Punjab','746753',NULL,'Zone E','2025-10-28','domestic',0,NULL,'connected',3000.00,NULL,'2025-10-28','2025-10-28','2025-10-28','ELX-2025-205320-910C','lY0TxVzt7Is339EEE18!@#','2025-10-28 13:13:03','2025-10-30 20:32:11'),(11,'APP-2025-658027','Ben',NULL,'ben@example.com','03197685123','03131715391','national_id','4210168799245','Residential','single-phase',5.00,'Flat ','Karachi','Sindh','746075',NULL,'Zone A','2025-10-29','domestic',0,NULL,'connected',30000.00,NULL,'2025-10-29','2025-10-29','2025-10-29','ELX-2025-355048-5A04','kLYrjP1YTfE7E8EB61C!@#','2025-10-29 10:38:46','2025-10-30 20:32:11'),(12,'APP-2025-143186','Saad',NULL,'saad@example.com','03157983257','03131715391','national_id','4210165985629','Residential','single-phase',5.00,'Flat','Karachi','Sindh','746753',NULL,'Zone B','2025-10-29','domestic',0,NULL,'connected',30000.00,NULL,'2025-10-29','2025-10-29','2025-10-29','ELX-2025-807268-AD7B','PdlKFGOiyAM84482015!@#','2025-10-29 10:46:20','2025-10-30 20:32:11'),(13,'APP-2025-143338','Trent',NULL,'trent@example.com','03477897956',NULL,'national_id','4879797656562','Residential','single-phase',5.00,'Flat','Lahore',NULL,NULL,NULL,'Zone C','2025-10-30','domestic',0,NULL,'connected',30000.00,NULL,'2025-10-30','2025-10-30','2025-10-30','ELX-2025-280781-1E9A','NYNeSGUqBoQ3F417233!@#','2025-10-30 19:07:24','2025-10-30 20:32:11'),(14,'APP-2025-802840','trent',NULL,'t@example.com','03657498789','03131715391','national_id','5656565656565','Residential','single-phase',5.00,'Flat','Karachi','Punjab','746540',NULL,'Zone D','2025-10-31','domestic',0,NULL,'connected',30000.00,NULL,'2025-10-30','2025-10-30','2025-10-30','ELX-2025-795763-06B4','7wql2kepkKI919B010A!@#','2025-10-30 19:16:09','2025-10-30 20:32:11'),(15,'APP-2025-306697','Sam',NULL,'sam@example.com','03156548797','03131715391','national_id','5645564656662','Residential','single-phase',5.00,'Flat','Karachi','Sindh','746423',NULL,'Zone E','2025-10-31','domestic',0,NULL,'rejected',NULL,NULL,NULL,NULL,'2025-10-30',NULL,NULL,'2025-10-30 19:47:45','2025-10-31 10:48:43'),(16,'APP-2025-356425','Stark',NULL,'stark@customer.com','03131448479','03131715391','national_id','5656565666656','Residential','single-phase',5.00,'Flat','Karachi','Sindh','746753',NULL,'Zone A','2025-10-31','domestic',0,NULL,'pending',NULL,NULL,NULL,NULL,'2025-10-30',NULL,NULL,'2025-10-30 20:03:33','2025-10-30 20:32:11'),(17,'APP-2025-744360','Mikel',NULL,'mikel@customer.com','03131131331',NULL,'national_id','5656565656566','Residential','single-phase',5.00,'Flat','Fsd','Sindh','456456',NULL,'Zone B','2025-10-31','domestic',0,NULL,'pending',NULL,NULL,NULL,NULL,'2025-10-30',NULL,NULL,'2025-10-30 20:19:14','2025-10-30 20:32:11'),(18,'APP-2025-566460','David',NULL,'david@customer.com','03795654654',NULL,'national_id','4210165599963','Commercial','single-phase',5.00,'Plot','Lahore','Punjab','798745',NULL,'Zone A','2025-11-07','business',0,NULL,'pending',NULL,NULL,NULL,NULL,'2025-11-07',NULL,NULL,'2025-11-07 14:15:08','2025-11-07 21:40:18'),(19,'APP-2025-960923','Josh',NULL,'josh@customer.com','03114479798',NULL,'national_id','4210137787976','Residential','single-phase',5.00,'Plot','Lahore','Punjab','787512',NULL,'Zone A','2025-11-08','domestic',0,NULL,'pending',NULL,NULL,NULL,NULL,'2025-11-07',NULL,NULL,'2025-11-07 20:05:15','2025-11-07 21:40:18'),(20,'APP-2025-145909','Tremor',NULL,'tremer@customer.com','03164497987','03131715391','national_id','4210015448977','Commercial','single-phase',5.00,'Plot','Karachi','Sindh','746096',NULL,'Zone A','2025-11-08','business',0,NULL,'approved',8000.00,NULL,'2025-11-07',NULL,'2025-11-07','ELX-2025-929702-96D7','IBI3zGiGVSc9E7CE9FE!@#','2025-11-07 20:21:33','2025-11-07 21:40:18'),(21,'APP-2025-350783','Ollie',NULL,'Ollie@customer.com','03158976159','03131715391','national_id','4210548977665','Residential','single-phase',NULL,'Plot','Karachi','Sindh','746087',NULL,'Zone A','2025-11-08','domestic',0,NULL,'connected',30000.00,NULL,'2025-11-07','2025-11-07','2025-11-07','ELX-2025-057884-A638','iy5DZ1iVcs821B8E88A!@#','2025-11-07 20:57:09','2025-11-07 21:43:32'),(22,'APP-2025-674743','Tent',NULL,'tent@customer.com','03178977645','03131715391','national_id','4210165765463','Residential','single-phase',NULL,'Plot','Karachi','Punjab','746753',NULL,'Zone C','2025-11-08','domestic',0,NULL,'connected',45000.00,NULL,'2025-11-07','2025-11-07','2025-11-07','ELX-2025-320297-2BE6','s3Ay2Gc4Eo9DF476AB!@#','2025-11-07 21:22:33','2025-11-07 21:52:01'),(23,'APP-2025-380042','Tom',NULL,'tom@customer.com','03787877778',NULL,'national_id','4210125468653','Residential','single-phase',NULL,'Plot','Karachi','Sindh','454545',NULL,'Zone B','2025-11-08','domestic',0,NULL,'connected',30000.00,NULL,'2025-11-07','2025-11-07','2025-11-07','ELX-2025-124190-1153','WnSFYzE5qck86B64FE4!@#','2025-11-07 22:20:46','2025-11-07 22:22:04');
/*!40000 ALTER TABLE `connection_requests` ENABLE KEYS */;
UNLOCK TABLES;

--
-- Table structure for table `customers`
--

DROP TABLE IF EXISTS `customers`;
/*!40101 SET @saved_cs_client     = @@character_set_client */;
/*!50503 SET character_set_client = utf8mb4 */;
CREATE TABLE `customers` (
  `id` int NOT NULL AUTO_INCREMENT,
  `user_id` int NOT NULL,
  `account_number` varchar(50) NOT NULL,
  `meter_number` varchar(50) NOT NULL,
  `full_name` varchar(255) NOT NULL,
  `email` varchar(255) NOT NULL,
  `phone` varchar(20) NOT NULL,
  `address` varchar(500) NOT NULL,
  `city` varchar(100) NOT NULL,
  `state` varchar(100) NOT NULL,
  `pincode` varchar(10) NOT NULL,
  `connection_type` enum('Residential','Commercial','Industrial','Agricultural') NOT NULL,
  `status` enum('pending_installation','active','suspended','inactive') NOT NULL DEFAULT 'pending_installation',
  `connection_date` date NOT NULL,
  `installation_charges` decimal(10,2) DEFAULT NULL,
  `last_bill_amount` decimal(10,2) DEFAULT '0.00',
  `last_payment_date` date DEFAULT NULL,
  `average_monthly_usage` decimal(10,2) DEFAULT '0.00',
  `outstanding_balance` decimal(10,2) DEFAULT '0.00',
  `payment_status` enum('paid','pending','overdue') NOT NULL DEFAULT 'paid',
  `created_at` timestamp NOT NULL DEFAULT (now()),
  `updated_at` timestamp NOT NULL DEFAULT (now()) ON UPDATE CURRENT_TIMESTAMP,
  `zone` varchar(50) DEFAULT NULL,
  `assigned_employee_id` int DEFAULT NULL,
  `date_of_birth` date DEFAULT NULL,
  PRIMARY KEY (`id`),
  UNIQUE KEY `customers_account_number_unique` (`account_number`),
  UNIQUE KEY `customers_meter_number_unique` (`meter_number`),
  KEY `customers_user_id_users_id_fk` (`user_id`),
  KEY `fk_customers_assigned_employee` (`assigned_employee_id`),
  CONSTRAINT `customers_user_id_users_id_fk` FOREIGN KEY (`user_id`) REFERENCES `users` (`id`) ON DELETE CASCADE,
  CONSTRAINT `fk_customers_assigned_employee` FOREIGN KEY (`assigned_employee_id`) REFERENCES `employees` (`id`) ON DELETE SET NULL
) ENGINE=InnoDB AUTO_INCREMENT=55 DEFAULT CHARSET=utf8mb4 COLLATE=utf8mb4_0900_ai_ci;
/*!40101 SET character_set_client = @saved_cs_client */;

--
-- Dumping data for table `customers`
--

LOCK TABLES `customers` WRITE;
/*!40000 ALTER TABLE `customers` DISABLE KEYS */;
INSERT INTO `customers` VALUES (1,12,'ELX-2024-000001','MTR-LHE-000001','Rolando Durgan','customer1@example.com','0025019361','61541 Monahan Villages','Lahore','Punjab','14058','Agricultural','active','2024-08-17',NULL,11192.00,'2025-11-07',1045.67,0.00,'paid','2025-11-07 22:03:47','2025-11-07 22:15:43','Zone A',NULL,NULL),(2,13,'ELX-2024-000002','MTR-KHI-000001','Mr. Alonzo Erdman','customer2@example.com','2826846154','4069 Braun Street','Karachi','Sindh','84054','Commercial','active','2024-11-25',NULL,19902.00,'2025-10-18',1421.40,19902.00,'paid','2025-11-07 22:03:47','2025-11-07 23:01:29','Zone B',NULL,NULL),(3,14,'ELX-2024-000003','MTR-RWP-000001','Horace Schulist','customer3@example.com','9019931614','8262 Madge Meadows','Rawalpindi','Punjab','36260-0356','Commercial','active','2025-09-21',NULL,18379.00,'2025-10-13',1559.20,44143.00,'overdue','2025-11-07 22:03:47','2025-11-07 23:01:30','Zone C',NULL,NULL),(4,15,'ELX-2024-000004','MTR-ISB-000001','Sabrina Cremin','customer4@example.com','0052404264','4759 Jakubowski Ramp','Islamabad','Islamabad Capital Territory','17576-2652','Industrial','active','2023-12-06',NULL,82355.00,'2025-10-15',8517.80,82355.00,'paid','2025-11-07 22:03:47','2025-11-07 23:01:30','Zone D',NULL,NULL),(5,16,'ELX-2024-000005','MTR-LHE-000002','Mattie Hickle','customer5@example.com','3755387861','63796 Heaven Drives','Lahore','Punjab','89658','Industrial','active','2025-09-13',NULL,86955.00,'2025-10-16',10036.20,86955.00,'paid','2025-11-07 22:03:47','2025-11-07 23:01:30','Zone E',NULL,NULL),(6,17,'ELX-2024-000006','MTR-LHE-000003','Sherman Schulist','customer6@example.com','4600146369','53786 Green Street','Lahore','Punjab','35764-9260','Commercial','suspended','2024-06-14',NULL,8330.00,'2025-10-22',1008.40,0.00,'paid','2025-11-07 22:03:47','2025-11-07 22:03:51','Zone A',NULL,NULL),(7,18,'ELX-2024-000007','MTR-PEW-000001','Guy Schultz','customer7@example.com','1522481439','3086 Angelica Crescent','Peshawar','Khyber Pakhtunkhwa','98878','Industrial','active','2024-01-17',NULL,107765.00,'2025-10-20',12048.00,107765.00,'paid','2025-11-07 22:03:47','2025-11-07 23:01:30','Zone B',NULL,NULL),(8,19,'ELX-2024-000008','MTR-FSD-000001','Agnes Wiza','customer8@example.com','5851885112','9549 W River Road','Faisalabad','Punjab','76775','Commercial','active','2025-04-15',NULL,13673.00,'2025-10-20',1173.80,43006.00,'overdue','2025-11-07 22:03:47','2025-11-07 23:01:30','Zone C',NULL,NULL),(9,20,'ELX-2024-000009','MTR-KHI-000002','Louis Graham','customer9@example.com','7042226870','7913 Dudley Motorway','Karachi','Sindh','36106-6445','Agricultural','active','2025-10-09',NULL,5802.00,'2025-10-17',1051.00,5802.00,'paid','2025-11-07 22:03:47','2025-11-07 23:01:30','Zone D',NULL,NULL),(10,21,'ELX-2024-000010','MTR-ISB-000002','Ms. Laurie Murphy','customer10@example.com','9654523597','664 Zula Mission','Islamabad','Islamabad Capital Territory','15506-6143','Commercial','suspended','2024-10-13',NULL,14597.00,'2025-10-22',1295.40,0.00,'paid','2025-11-07 22:03:47','2025-11-07 22:03:51','Zone E',NULL,NULL),(11,22,'ELX-2024-000011','MTR-KHI-000003','Miss Sara Wilkinson','customer11@example.com','4728763991','4048 Market Street','Karachi','Sindh','79384-5517','Commercial','active','2025-05-02',NULL,12428.00,'2025-10-17',1163.60,12428.00,'paid','2025-11-07 22:03:47','2025-11-07 23:01:30','Zone A',NULL,NULL),(12,23,'ELX-2024-000012','MTR-LHE-000004','Claude Predovic','customer12@example.com','2464764172','98682 Jordon Gateway','Lahore','Punjab','18467-4502','Commercial','active','2024-10-11',NULL,15256.00,'2025-10-16',1127.40,15256.00,'paid','2025-11-07 22:03:47','2025-11-07 23:01:30','Zone B',NULL,NULL),(13,24,'ELX-2024-000013','MTR-KHI-000004','Mrs. Jane Wisozk','customer13@example.com','8317782259','79211 Parkside','Karachi','Sindh','53000-0635','Agricultural','active','2023-12-07',NULL,4501.00,'2025-10-17',991.00,4501.00,'paid','2025-11-07 22:03:47','2025-11-07 23:01:30','Zone C',NULL,NULL),(14,25,'ELX-2024-000014','MTR-KHI-000005','Mr. Clayton Mohr','customer14@example.com','8600971608','46742 Webster Ridge','Karachi','Sindh','45455-4917','Residential','active','2023-12-03',NULL,2554.00,'2025-10-17',282.40,4842.00,'overdue','2025-11-07 22:03:47','2025-11-07 23:01:30','Zone D',NULL,NULL),(15,26,'ELX-2024-000015','MTR-KHI-000006','Joanne Lynch','customer15@example.com','3862228059','84580 S Pine Street','Karachi','Sindh','62296','Industrial','suspended','2024-05-28',NULL,59196.00,'2025-10-19',8589.80,125435.00,'overdue','2025-11-07 22:03:47','2025-11-07 22:03:51','Zone E',NULL,NULL),(16,27,'ELX-2024-000016','MTR-KHI-000007','Rolando Waters','customer16@example.com','8073888508','206 Jasen Inlet','Karachi','Sindh','96939-4567','Residential','suspended','2024-10-16',NULL,577.00,'2025-10-21',223.00,0.00,'paid','2025-11-07 22:03:47','2025-11-07 22:03:51','Zone A',NULL,NULL),(17,28,'ELX-2024-000017','MTR-KHI-000008','Horace Rodriguez','customer17@example.com','6516837416','81729 Kiehn Rest','Karachi','Sindh','82012-6307','Residential','active','2024-06-04',NULL,1213.00,'2025-10-22',162.20,1213.00,'paid','2025-11-07 22:03:47','2025-11-07 23:01:30','Zone B',NULL,NULL),(18,29,'ELX-2024-000018','MTR-FSD-000002','Guadalupe Lubowitz','customer18@example.com','9492229008','55936 Teresa Island','Faisalabad','Punjab','42484-4571','Agricultural','active','2023-12-10',NULL,2874.00,'2025-10-15',667.60,2874.00,'paid','2025-11-07 22:03:47','2025-11-07 23:01:30','Zone C',NULL,NULL),(19,30,'ELX-2024-000019','MTR-LHE-000005','Mrs. Susan Greenfelder','customer19@example.com','1628323338','9592 High Street','Lahore','Punjab','75652','Residential','active','2024-02-18',NULL,1519.00,'2025-10-20',212.80,1519.00,'paid','2025-11-07 22:03:47','2025-11-07 23:01:30','Zone D',NULL,NULL),(20,31,'ELX-2024-000020','MTR-LHE-000006','Miranda Glover-Hirthe','customer20@example.com','7171292945','54895 Oberbrunner Rapid','Lahore','Punjab','60691','Residential','active','2024-02-19',NULL,1782.00,'2025-10-21',234.80,1782.00,'paid','2025-11-07 22:03:47','2025-11-07 23:01:30','Zone E',NULL,NULL),(21,32,'ELX-2024-000021','MTR-LHE-000007','Mae Wiegand','customer21@example.com','4587629984','9167 School Close','Lahore','Punjab','81820','Agricultural','active','2024-05-26',NULL,5448.00,'2025-10-13',965.40,5448.00,'paid','2025-11-07 22:03:47','2025-11-07 23:01:30','Zone A',NULL,NULL),(22,33,'ELX-2024-000022','MTR-LHE-000008','Fannie Hettinger','customer22@example.com','4026044643','8204 Bode Street','Lahore','Punjab','37553-7308','Residential','active','2025-10-29',NULL,1407.00,'2025-10-22',236.40,1407.00,'paid','2025-11-07 22:03:47','2025-11-07 23:01:30','Zone B',NULL,NULL),(23,34,'ELX-2024-000023','MTR-FSD-000003','Tricia Durgan','customer23@example.com','5985028978','2657 Sycamore Close','Faisalabad','Punjab','11179','Agricultural','active','2024-06-03',NULL,2537.00,'2025-09-21',545.40,3867.00,'overdue','2025-11-07 22:03:47','2025-11-07 23:01:30','Zone C',NULL,NULL),(24,35,'ELX-2024-000024','MTR-LHE-000009','Terry Pfeffer','customer24@example.com','9605980928','5485 Dusty Place','Lahore','Punjab','41288-9469','Agricultural','active','2025-03-23',NULL,4353.00,'2025-10-19',867.40,4353.00,'paid','2025-11-07 22:03:47','2025-11-07 23:01:30','Zone D',NULL,NULL),(25,36,'ELX-2024-000025','MTR-LHE-000010','Ernestine Weber III','customer25@example.com','5477791066','177 Main Street E','Lahore','Punjab','51989-8058','Residential','active','2025-10-11',NULL,1371.00,'2025-10-23',209.80,1371.00,'paid','2025-11-07 22:03:47','2025-11-07 23:01:30','Zone E',NULL,NULL),(26,37,'ELX-2024-000026','MTR-LHE-000011','Santos Kshlerin','customer26@example.com','8448844484','22979 Hyatt View','Lahore','Punjab','24171','Industrial','active','2024-05-06',NULL,98430.00,'2025-10-13',9899.60,98430.00,'paid','2025-11-07 22:03:47','2025-11-07 23:01:30','Zone A',NULL,NULL),(27,38,'ELX-2024-000027','MTR-KHI-000009','Kent Ratke','customer27@example.com','7438657484','845 Gorczany Circle','Karachi','Sindh','63918','Agricultural','inactive','2025-04-04',NULL,2243.00,'2025-10-19',919.80,0.00,'paid','2025-11-07 22:03:47','2025-11-07 22:03:51','Zone B',NULL,NULL),(28,39,'ELX-2024-000028','MTR-MUX-000001','Gene Larkin','customer28@example.com','9653240244','801 Clementine Ramp','Multan','Punjab','50962','Residential','active','2025-07-27',NULL,1623.00,'2025-10-21',206.40,1623.00,'paid','2025-11-07 22:03:47','2025-11-07 23:01:30','Zone C',NULL,NULL),(29,40,'ELX-2024-000029','MTR-KHI-000010','Jean Koch','customer29@example.com','2410780380','601 Highland Avenue','Karachi','Sindh','31913','Residential','active','2025-01-09',NULL,2710.00,'2025-10-13',303.60,2710.00,'paid','2025-11-07 22:03:47','2025-11-07 23:01:30','Zone D',NULL,NULL),(30,41,'ELX-2024-000030','MTR-ISB-000003','Terrence Emard','customer30@example.com','3469800562','6974 Prince Keys','Islamabad','Islamabad Capital Territory','62880-5152','Residential','active','2024-05-01',NULL,1905.00,'2025-10-17',257.40,1905.00,'paid','2025-11-07 22:03:47','2025-11-07 23:01:30','Zone E',NULL,NULL),(31,42,'ELX-2024-000031','MTR-UET-000001','Ed Wolff','customer31@example.com','3406256534','6305 Larch Close','Quetta','Balochistan','65569-6587','Industrial','active','2024-11-25',NULL,80534.00,'2025-10-19',8991.00,193009.00,'overdue','2025-11-07 22:03:47','2025-11-07 23:01:30','Zone A',NULL,NULL),(32,43,'ELX-2024-000032','MTR-LHE-000012','Daryl Turner','customer32@example.com','9675031166','558 Sandringham Road','Lahore','Punjab','74112-0399','Agricultural','active','2024-06-15',NULL,4739.00,'2025-10-19',921.40,4739.00,'paid','2025-11-07 22:03:47','2025-11-07 23:01:30','Zone B',NULL,NULL),(33,44,'ELX-2024-000033','MTR-LHE-000013','Carmen Bode','customer33@example.com','3099993268','326 Lempi Wall','Lahore','Punjab','45037','Industrial','active','2024-07-23',NULL,129555.00,'2025-10-21',11222.00,129555.00,'paid','2025-11-07 22:03:47','2025-11-07 23:01:30','Zone C',NULL,NULL),(34,45,'ELX-2024-000034','MTR-FSD-000004','Josephine Gutkowski','customer34@example.com','6580326363','2221 Effertz Wall','Faisalabad','Punjab','81888','Commercial','active','2024-04-16',NULL,14435.00,'2025-10-21',1150.00,38074.00,'overdue','2025-11-07 22:03:47','2025-11-07 23:01:30','Zone D',NULL,NULL),(35,46,'ELX-2024-000035','MTR-KHI-000011','Frances Hermann','customer35@example.com','6359050748','1475 Hayes Terrace','Karachi','Sindh','00143-9521','Residential','active','2025-03-14',NULL,1913.00,'2025-10-19',260.60,1913.00,'paid','2025-11-07 22:03:47','2025-11-07 23:01:30','Zone E',NULL,NULL),(36,47,'ELX-2024-000036','MTR-LHE-000014','Lowell Gerhold','customer36@example.com','9648185283','1167 Greenway','Lahore','Punjab','04877-2581','Agricultural','suspended','2025-10-28',NULL,2228.00,'2025-10-18',642.80,0.00,'paid','2025-11-07 22:03:47','2025-11-07 22:03:51','Zone A',NULL,NULL),(37,48,'ELX-2024-000037','MTR-KHI-000012','Mrs. Kathryn Bayer','customer37@example.com','8255913552','75684 Wisozk Place','Karachi','Sindh','01360-9103','Industrial','suspended','2024-08-30',NULL,104880.00,'2025-10-18',12858.40,133561.00,'overdue','2025-11-07 22:03:47','2025-11-07 22:03:51','Zone B',NULL,NULL),(38,49,'ELX-2024-000038','MTR-ISB-000004','Morris Bins','customer38@example.com','5374054329','48722 Warren Road','Islamabad','Islamabad Capital Territory','19983','Commercial','active','2024-02-16',NULL,15740.00,'2025-10-15',1131.20,15740.00,'paid','2025-11-07 22:03:47','2025-11-07 23:01:30','Zone C',NULL,NULL),(39,50,'ELX-2024-000039','MTR-RWP-000002','Irma McGlynn','customer39@example.com','5050742487','67463 Middle Street','Rawalpindi','Punjab','47230','Agricultural','active','2025-11-04',NULL,4770.00,'2025-10-20',972.40,4770.00,'paid','2025-11-07 22:03:47','2025-11-07 23:01:30','Zone D',NULL,NULL),(40,51,'ELX-2024-000040','MTR-MUX-000002','Carlton Schumm','customer40@example.com','3823649871','857 St George\'s Road','Multan','Punjab','63823-7886','Agricultural','active','2024-11-29',NULL,4899.00,'2025-10-14',957.00,8221.00,'overdue','2025-11-07 22:03:47','2025-11-07 23:01:30','Zone E',NULL,NULL),(41,52,'ELX-2024-000041','MTR-FSD-000005','Geoffrey Upton','customer41@example.com','8155108859','44448 Wilkinson Lane','Faisalabad','Punjab','10907','Residential','active','2024-12-02',NULL,1161.00,'2025-09-18',151.20,2029.00,'overdue','2025-11-07 22:03:47','2025-11-07 23:01:30','Zone A',NULL,NULL),(42,53,'ELX-2024-000042','MTR-FSD-000006','Wanda Stamm MD','customer42@example.com','8807784068','5914 Angel Hollow','Faisalabad','Punjab','48138-0080','Commercial','inactive','2025-04-14',NULL,17131.00,'2025-10-13',1426.60,0.00,'paid','2025-11-07 22:03:47','2025-11-07 22:03:51','Zone B',NULL,NULL),(43,54,'ELX-2024-000043','MTR-ISB-000005','Pablo Barton','customer43@example.com','4965544080','528 Casper Fort','Islamabad','Islamabad Capital Territory','40540-1387','Industrial','active','2024-08-17',NULL,73759.00,'2025-10-22',6583.60,73759.00,'paid','2025-11-07 22:03:47','2025-11-07 23:01:30','Zone C',NULL,NULL),(44,55,'ELX-2024-000044','MTR-KHI-000013','Juana Ryan','customer44@example.com','3345926124','31523 E 12th Street','Karachi','Sindh','07399-4556','Residential','active','2025-07-07',NULL,1407.00,'2025-10-17',195.60,1407.00,'paid','2025-11-07 22:03:47','2025-11-07 23:01:30','Zone D',NULL,NULL),(45,56,'ELX-2024-000045','MTR-KHI-000014','Bob Gislason','customer45@example.com','3956774817','61541 Main Street E','Karachi','Sindh','40437','Agricultural','active','2024-06-17',NULL,5883.00,'2025-10-18',1035.00,5883.00,'paid','2025-11-07 22:03:47','2025-11-07 23:01:30','Zone E',NULL,NULL),(46,57,'ELX-2024-000046','MTR-KHI-000015','Irma Jacobs V','customer46@example.com','3852159676','66911 Jake Rue','Karachi','Sindh','08384-8943','Commercial','inactive','2025-07-09',NULL,17528.00,'2025-10-23',1608.60,0.00,'paid','2025-11-07 22:03:47','2025-11-07 22:03:51','Zone A',NULL,NULL),(47,58,'ELX-2024-000047','MTR-ISB-000006','Dr. Steven Corkery','customer47@example.com','0217615228','51382 Elvera Neck','Islamabad','Islamabad Capital Territory','60543-2783','Industrial','active','2024-12-17',NULL,143710.00,'2025-10-18',12773.60,143710.00,'paid','2025-11-07 22:03:47','2025-11-07 23:01:30','Zone B',NULL,NULL),(48,59,'ELX-2024-000048','MTR-RWP-000003','Lauren Hintz','customer48@example.com','1961351254','6465 Old Lane','Rawalpindi','Punjab','16871-7100','Commercial','active','2024-03-08',NULL,10445.00,'2025-10-16',1038.20,10445.00,'paid','2025-11-07 22:03:47','2025-11-07 23:01:30','Zone C',NULL,NULL),(49,60,'ELX-2024-000049','MTR-PEW-000002','Jenna Runolfsson','customer49@example.com','4410154580','752 Station Road','Peshawar','Khyber Pakhtunkhwa','17333-8862','Residential','active','2024-06-06',NULL,1698.00,'2025-10-17',215.40,1698.00,'paid','2025-11-07 22:03:47','2025-11-07 23:01:30','Zone D',NULL,NULL),(50,61,'ELX-2024-000050','MTR-LHE-000015','Virginia Williamson-Ritchie','customer50@example.com','9624008736','7097 Abshire Viaduct','Lahore','Punjab','93156-2741','Agricultural','suspended','2025-07-26',NULL,7356.00,'2025-10-13',793.00,0.00,'paid','2025-11-07 22:03:47','2025-11-07 22:03:51','Zone E',NULL,NULL),(51,62,'ELX-2024-000051','MTR-KHI-000051','Patti Jacobi-Smitham','customer51@gmail.com','294-374-1961 x009','400 Station Street','Karachi','Sindh','75000','Residential','active','2025-11-01',NULL,1623.00,NULL,0.00,1623.00,'paid','2025-11-07 22:03:47','2025-11-07 23:01:30','Zone A',NULL,NULL),(52,63,'ELX-2024-000052','MTR-LHE-000052','Reginald Lindgren','customer52@gmail.com','937-501-5901 x0200','16962 Tremaine Ridges','Lahore','Punjab','54000','Commercial','active','2025-10-01',NULL,22130.00,'2025-10-13',1639.00,22130.00,'paid','2025-11-07 22:03:47','2025-11-07 23:01:30','Zone B',NULL,NULL),(53,64,'ELX-2024-000053','MTR-ISB-000053','Darrin Wolf','customer53@gmail.com','816-916-5780 x630','731 Springfield Close','Islamabad','Islamabad Capital Territory','44000','Agricultural','active','2025-09-01',NULL,5345.00,'2025-10-16',1060.00,5345.00,'paid','2025-11-07 22:03:47','2025-11-07 23:01:30','Zone C',NULL,NULL),(54,65,'ELX-2025-124190-1153','MTR-KHI-000052','Tommy','tom@customer.com','03787877778','Plot','Karachi','Sindh','454545','Residential','inactive','2025-11-07',NULL,30000.00,NULL,0.00,30000.00,'paid','2025-11-07 22:22:04','2025-11-07 18:00:14','Zone B',NULL,NULL);
/*!40000 ALTER TABLE `customers` ENABLE KEYS */;
UNLOCK TABLES;

--
-- Table structure for table `employees`
--

DROP TABLE IF EXISTS `employees`;
/*!40101 SET @saved_cs_client     = @@character_set_client */;
/*!50503 SET character_set_client = utf8mb4 */;
CREATE TABLE `employees` (
  `id` int NOT NULL AUTO_INCREMENT,
  `employee_number` varchar(20) DEFAULT NULL,
  `user_id` int NOT NULL,
  `employee_name` varchar(255) NOT NULL,
  `email` varchar(255) NOT NULL,
  `phone` varchar(20) NOT NULL,
  `designation` varchar(100) NOT NULL,
  `department` varchar(100) NOT NULL,
  `assigned_zone` varchar(100) DEFAULT NULL,
  `status` enum('active','inactive') NOT NULL DEFAULT 'active',
  `hire_date` date NOT NULL,
  `created_at` timestamp NOT NULL DEFAULT (now()),
  `updated_at` timestamp NOT NULL DEFAULT (now()) ON UPDATE CURRENT_TIMESTAMP,
  PRIMARY KEY (`id`),
  UNIQUE KEY `employee_number` (`employee_number`),
  KEY `employees_user_id_users_id_fk` (`user_id`),
  CONSTRAINT `employees_user_id_users_id_fk` FOREIGN KEY (`user_id`) REFERENCES `users` (`id`) ON DELETE CASCADE
) ENGINE=InnoDB AUTO_INCREMENT=11 DEFAULT CHARSET=utf8mb4 COLLATE=utf8mb4_0900_ai_ci;
/*!40101 SET character_set_client = @saved_cs_client */;

--
-- Dumping data for table `employees`
--

LOCK TABLES `employees` WRITE;
/*!40000 ALTER TABLE `employees` DISABLE KEYS */;
INSERT INTO `employees` VALUES (1,'EMP-001',2,'Dwayne Lang','employee1@electrolux.com','6054423568','Meter Reader','Operations','Zone A','active','2024-04-11','2025-11-07 22:03:47','2025-11-07 22:03:47'),(2,'EMP-002',3,'Mabel Haley','employee2@electrolux.com','2017960458','Supervisor','Billing','Zone B','active','2023-10-12','2025-11-07 22:03:47','2025-11-07 22:03:47'),(3,'EMP-003',4,'Santos Dickinson','employee3@electrolux.com','3224989915','Technician','Maintenance','Zone C','active','2023-01-16','2025-11-07 22:03:47','2025-11-07 22:03:47'),(4,'EMP-004',5,'Santos Botsford','employee4@electrolux.com','1450973433','Field Officer','Customer Service','Zone D','active','2025-08-22','2025-11-07 22:03:47','2025-11-07 22:03:47'),(5,'EMP-005',6,'Gerald Hettinger','employee5@electrolux.com','2089622825','Maintenance Staff','Technical','Zone E','active','2024-04-10','2025-11-07 22:03:47','2025-11-07 22:03:47'),(6,'EMP-006',7,'Dustin Strosin','employee6@electrolux.com','3301314562','Meter Reader','Operations','Zone A','active','2023-06-16','2025-11-07 22:03:47','2025-11-07 22:03:47'),(7,'EMP-007',8,'Dr. Jamie O\'Keefe','employee7@electrolux.com','7882271027','Supervisor','Billing','Zone B','active','2024-11-20','2025-11-07 22:03:47','2025-11-07 22:03:47'),(8,'EMP-008',9,'Joel Yost','employee8@electrolux.com','3991392381','Technician','Maintenance','Zone C','active','2023-04-29','2025-11-07 22:03:47','2025-11-07 22:03:47'),(9,'EMP-009',10,'Colin Welch','employee9@electrolux.com','5764227589','Field Officer','Customer Service','Zone D','active','2025-07-20','2025-11-07 22:03:47','2025-11-07 22:03:47'),(10,'EMP-010',11,'Tracy Gislason','employee10@electrolux.com','8731269397','Maintenance Staff','Technical','Zone E','active','2023-05-14','2025-11-07 22:03:47','2025-11-07 22:03:47');
/*!40000 ALTER TABLE `employees` ENABLE KEYS */;
UNLOCK TABLES;

--
-- Table structure for table `meter_readings`
--

DROP TABLE IF EXISTS `meter_readings`;
/*!40101 SET @saved_cs_client     = @@character_set_client */;
/*!50503 SET character_set_client = utf8mb4 */;
CREATE TABLE `meter_readings` (
  `id` int NOT NULL AUTO_INCREMENT,
  `customer_id` int NOT NULL,
  `meter_number` varchar(50) NOT NULL,
  `current_reading` decimal(10,2) NOT NULL,
  `previous_reading` decimal(10,2) NOT NULL,
  `units_consumed` decimal(10,2) NOT NULL,
  `reading_date` date NOT NULL,
  `reading_time` timestamp NOT NULL,
  `meter_condition` enum('good','fair','poor','damaged') NOT NULL DEFAULT 'good',
  `accessibility` enum('accessible','partially_accessible','inaccessible') NOT NULL DEFAULT 'accessible',
  `employee_id` int DEFAULT NULL,
  `photo_path` varchar(500) DEFAULT NULL,
  `notes` text,
  `created_at` timestamp NOT NULL DEFAULT (now()),
  `updated_at` timestamp NOT NULL DEFAULT (now()) ON UPDATE CURRENT_TIMESTAMP,
  PRIMARY KEY (`id`),
  KEY `meter_readings_customer_id_customers_id_fk` (`customer_id`),
  KEY `meter_readings_employee_id_employees_id_fk` (`employee_id`),
  CONSTRAINT `meter_readings_customer_id_customers_id_fk` FOREIGN KEY (`customer_id`) REFERENCES `customers` (`id`) ON DELETE CASCADE,
  CONSTRAINT `meter_readings_employee_id_employees_id_fk` FOREIGN KEY (`employee_id`) REFERENCES `employees` (`id`)
) ENGINE=InnoDB AUTO_INCREMENT=298 DEFAULT CHARSET=utf8mb4 COLLATE=utf8mb4_0900_ai_ci;
/*!40101 SET character_set_client = @saved_cs_client */;

--
-- Dumping data for table `meter_readings`
--

LOCK TABLES `meter_readings` WRITE;
/*!40000 ALTER TABLE `meter_readings` DISABLE KEYS */;
INSERT INTO `meter_readings` VALUES (1,1,'MTR-LHE-000001',3140.00,1926.00,1214.00,'2025-06-08','2025-06-07 17:03:46','good','accessible',1,NULL,NULL,'2025-11-07 22:03:47','2025-11-07 22:03:47'),(2,1,'MTR-LHE-000001',3713.00,3140.00,573.00,'2025-07-08','2025-07-07 17:03:46','good','accessible',7,NULL,NULL,'2025-11-07 22:03:47','2025-11-07 22:03:47'),(3,1,'MTR-LHE-000001',4783.00,3713.00,1070.00,'2025-08-08','2025-08-07 17:03:46','good','accessible',10,NULL,NULL,'2025-11-07 22:03:47','2025-11-07 22:03:47'),(4,1,'MTR-LHE-000001',5913.00,4783.00,1130.00,'2025-09-08','2025-09-07 17:03:46','good','accessible',5,NULL,NULL,'2025-11-07 22:03:47','2025-11-07 22:03:47'),(5,1,'MTR-LHE-000001',6401.00,5913.00,488.00,'2025-10-08','2025-10-07 17:03:46','good','accessible',8,NULL,NULL,'2025-11-07 22:03:47','2025-11-07 22:03:47'),(6,2,'MTR-KHI-000001',3914.00,2470.00,1444.00,'2025-06-08','2025-06-07 17:03:46','good','accessible',7,NULL,NULL,'2025-11-07 22:03:47','2025-11-07 22:03:47'),(7,2,'MTR-KHI-000001',4505.00,3914.00,591.00,'2025-07-08','2025-07-07 17:03:46','good','accessible',5,NULL,NULL,'2025-11-07 22:03:47','2025-11-07 22:03:47'),(8,2,'MTR-KHI-000001',6276.00,4505.00,1771.00,'2025-08-08','2025-08-07 17:03:46','good','accessible',9,NULL,NULL,'2025-11-07 22:03:47','2025-11-07 22:03:47'),(9,2,'MTR-KHI-000001',7777.00,6276.00,1501.00,'2025-09-08','2025-09-07 17:03:46','good','accessible',1,NULL,NULL,'2025-11-07 22:03:47','2025-11-07 22:03:47'),(10,2,'MTR-KHI-000001',9577.00,7777.00,1800.00,'2025-10-08','2025-10-07 17:03:46','good','accessible',3,NULL,NULL,'2025-11-07 22:03:47','2025-11-07 22:03:47'),(11,3,'MTR-RWP-000001',4322.00,3691.00,631.00,'2025-06-08','2025-06-07 17:03:46','good','accessible',3,NULL,NULL,'2025-11-07 22:03:47','2025-11-07 22:03:47'),(12,3,'MTR-RWP-000001',6297.00,4322.00,1975.00,'2025-07-08','2025-07-07 17:03:46','good','accessible',9,NULL,NULL,'2025-11-07 22:03:47','2025-11-07 22:03:47'),(13,3,'MTR-RWP-000001',8173.00,6297.00,1876.00,'2025-08-08','2025-08-07 17:03:46','good','accessible',9,NULL,NULL,'2025-11-07 22:03:47','2025-11-07 22:03:47'),(14,3,'MTR-RWP-000001',10141.00,8173.00,1968.00,'2025-09-08','2025-09-07 17:03:46','good','accessible',5,NULL,NULL,'2025-11-07 22:03:47','2025-11-07 22:03:47'),(15,3,'MTR-RWP-000001',11487.00,10141.00,1346.00,'2025-10-08','2025-10-07 17:03:46','good','accessible',1,NULL,NULL,'2025-11-07 22:03:47','2025-11-07 22:03:47'),(16,4,'MTR-ISB-000001',16850.00,2688.00,14162.00,'2025-06-08','2025-06-07 17:03:46','good','accessible',1,NULL,NULL,'2025-11-07 22:03:47','2025-11-07 22:03:47'),(17,4,'MTR-ISB-000001',24299.00,16850.00,7449.00,'2025-07-08','2025-07-07 17:03:46','good','accessible',4,NULL,NULL,'2025-11-07 22:03:47','2025-11-07 22:03:47'),(18,4,'MTR-ISB-000001',31993.00,24299.00,7694.00,'2025-08-08','2025-08-07 17:03:46','good','accessible',9,NULL,NULL,'2025-11-07 22:03:47','2025-11-07 22:03:47'),(19,4,'MTR-ISB-000001',38126.00,31993.00,6133.00,'2025-09-08','2025-09-07 17:03:46','good','accessible',1,NULL,NULL,'2025-11-07 22:03:47','2025-11-07 22:03:47'),(20,4,'MTR-ISB-000001',45277.00,38126.00,7151.00,'2025-10-08','2025-10-07 17:03:46','good','accessible',3,NULL,NULL,'2025-11-07 22:03:47','2025-11-07 22:03:47'),(21,5,'MTR-LHE-000002',9695.00,4019.00,5676.00,'2025-06-08','2025-06-07 17:03:46','good','accessible',8,NULL,NULL,'2025-11-07 22:03:47','2025-11-07 22:03:47'),(22,5,'MTR-LHE-000002',23747.00,9695.00,14052.00,'2025-07-08','2025-07-07 17:03:46','good','accessible',8,NULL,NULL,'2025-11-07 22:03:47','2025-11-07 22:03:47'),(23,5,'MTR-LHE-000002',35724.00,23747.00,11977.00,'2025-08-08','2025-08-07 17:03:46','good','accessible',10,NULL,NULL,'2025-11-07 22:03:47','2025-11-07 22:03:47'),(24,5,'MTR-LHE-000002',44523.00,35724.00,8799.00,'2025-09-08','2025-09-07 17:03:46','good','accessible',7,NULL,NULL,'2025-11-07 22:03:47','2025-11-07 22:03:47'),(25,5,'MTR-LHE-000002',54200.00,44523.00,9677.00,'2025-10-08','2025-10-07 17:03:46','good','accessible',8,NULL,NULL,'2025-11-07 22:03:47','2025-11-07 22:03:47'),(26,6,'MTR-LHE-000003',2008.00,1104.00,904.00,'2025-06-08','2025-06-07 17:03:46','good','accessible',1,NULL,NULL,'2025-11-07 22:03:47','2025-11-07 22:03:47'),(27,6,'MTR-LHE-000003',2818.00,2008.00,810.00,'2025-07-08','2025-07-07 17:03:46','good','accessible',1,NULL,NULL,'2025-11-07 22:03:47','2025-11-07 22:03:47'),(28,6,'MTR-LHE-000003',4396.00,2818.00,1578.00,'2025-08-08','2025-08-07 17:03:46','good','accessible',8,NULL,NULL,'2025-11-07 22:03:47','2025-11-07 22:03:47'),(29,6,'MTR-LHE-000003',5401.00,4396.00,1005.00,'2025-09-08','2025-09-07 17:03:46','good','accessible',4,NULL,NULL,'2025-11-07 22:03:47','2025-11-07 22:03:47'),(30,6,'MTR-LHE-000003',6146.00,5401.00,745.00,'2025-10-08','2025-10-07 17:03:46','good','accessible',3,NULL,NULL,'2025-11-07 22:03:47','2025-11-07 22:03:47'),(31,7,'MTR-PEW-000001',16783.00,4656.00,12127.00,'2025-06-08','2025-06-07 17:03:46','good','accessible',3,NULL,NULL,'2025-11-07 22:03:47','2025-11-07 22:03:47'),(32,7,'MTR-PEW-000001',30952.00,16783.00,14169.00,'2025-07-08','2025-07-07 17:03:46','good','accessible',1,NULL,NULL,'2025-11-07 22:03:47','2025-11-07 22:03:47'),(33,7,'MTR-PEW-000001',42021.00,30952.00,11069.00,'2025-08-08','2025-08-07 17:03:46','good','accessible',9,NULL,NULL,'2025-11-07 22:03:47','2025-11-07 22:03:47'),(34,7,'MTR-PEW-000001',55278.00,42021.00,13257.00,'2025-09-08','2025-09-07 17:03:46','good','accessible',10,NULL,NULL,'2025-11-07 22:03:47','2025-11-07 22:03:47'),(35,7,'MTR-PEW-000001',64896.00,55278.00,9618.00,'2025-10-08','2025-10-07 17:03:46','good','accessible',1,NULL,NULL,'2025-11-07 22:03:47','2025-11-07 22:03:47'),(36,8,'MTR-FSD-000001',5210.00,3534.00,1676.00,'2025-06-08','2025-06-07 17:03:46','good','accessible',8,NULL,NULL,'2025-11-07 22:03:48','2025-11-07 22:03:48'),(37,8,'MTR-FSD-000001',7066.00,5210.00,1856.00,'2025-07-08','2025-07-07 17:03:46','good','accessible',3,NULL,NULL,'2025-11-07 22:03:48','2025-11-07 22:03:48'),(38,8,'MTR-FSD-000001',7739.00,7066.00,673.00,'2025-08-08','2025-08-07 17:03:46','good','accessible',6,NULL,NULL,'2025-11-07 22:03:48','2025-11-07 22:03:48'),(39,8,'MTR-FSD-000001',8239.00,7739.00,500.00,'2025-09-08','2025-09-07 17:03:46','good','accessible',4,NULL,NULL,'2025-11-07 22:03:48','2025-11-07 22:03:48'),(40,8,'MTR-FSD-000001',9403.00,8239.00,1164.00,'2025-10-08','2025-10-07 17:03:46','good','accessible',2,NULL,NULL,'2025-11-07 22:03:48','2025-11-07 22:03:48'),(41,9,'MTR-KHI-000002',6065.00,4676.00,1389.00,'2025-06-08','2025-06-07 17:03:46','good','accessible',7,NULL,NULL,'2025-11-07 22:03:48','2025-11-07 22:03:48'),(42,9,'MTR-KHI-000002',7557.00,6065.00,1492.00,'2025-07-08','2025-07-07 17:03:46','good','accessible',1,NULL,NULL,'2025-11-07 22:03:48','2025-11-07 22:03:48'),(43,9,'MTR-KHI-000002',8459.00,7557.00,902.00,'2025-08-08','2025-08-07 17:03:46','good','accessible',8,NULL,NULL,'2025-11-07 22:03:48','2025-11-07 22:03:48'),(44,9,'MTR-KHI-000002',9037.00,8459.00,578.00,'2025-09-08','2025-09-07 17:03:46','good','accessible',8,NULL,NULL,'2025-11-07 22:03:48','2025-11-07 22:03:48'),(45,9,'MTR-KHI-000002',9931.00,9037.00,894.00,'2025-10-08','2025-10-07 17:03:46','good','accessible',5,NULL,NULL,'2025-11-07 22:03:48','2025-11-07 22:03:48'),(46,10,'MTR-ISB-000002',5308.00,4282.00,1026.00,'2025-06-08','2025-06-07 17:03:46','good','accessible',10,NULL,NULL,'2025-11-07 22:03:48','2025-11-07 22:03:48'),(47,10,'MTR-ISB-000002',7276.00,5308.00,1968.00,'2025-07-08','2025-07-07 17:03:46','good','accessible',6,NULL,NULL,'2025-11-07 22:03:48','2025-11-07 22:03:48'),(48,10,'MTR-ISB-000002',8308.00,7276.00,1032.00,'2025-08-08','2025-08-07 17:03:46','good','accessible',10,NULL,NULL,'2025-11-07 22:03:48','2025-11-07 22:03:48'),(49,10,'MTR-ISB-000002',9553.00,8308.00,1245.00,'2025-09-08','2025-09-07 17:03:46','good','accessible',3,NULL,NULL,'2025-11-07 22:03:48','2025-11-07 22:03:48'),(50,10,'MTR-ISB-000002',10759.00,9553.00,1206.00,'2025-10-08','2025-10-07 17:03:46','good','accessible',10,NULL,NULL,'2025-11-07 22:03:48','2025-11-07 22:03:48'),(51,11,'MTR-KHI-000003',2643.00,1847.00,796.00,'2025-06-08','2025-06-07 17:03:46','good','accessible',4,NULL,NULL,'2025-11-07 22:03:48','2025-11-07 22:03:48'),(52,11,'MTR-KHI-000003',3945.00,2643.00,1302.00,'2025-07-08','2025-07-07 17:03:46','good','accessible',9,NULL,NULL,'2025-11-07 22:03:48','2025-11-07 22:03:48'),(53,11,'MTR-KHI-000003',5282.00,3945.00,1337.00,'2025-08-08','2025-08-07 17:03:46','good','accessible',5,NULL,NULL,'2025-11-07 22:03:48','2025-11-07 22:03:48'),(54,11,'MTR-KHI-000003',7086.00,5282.00,1804.00,'2025-09-08','2025-09-07 17:03:46','good','accessible',7,NULL,NULL,'2025-11-07 22:03:48','2025-11-07 22:03:48'),(55,11,'MTR-KHI-000003',7665.00,7086.00,579.00,'2025-10-08','2025-10-07 17:03:46','good','accessible',10,NULL,NULL,'2025-11-07 22:03:48','2025-11-07 22:03:48'),(56,12,'MTR-LHE-000004',3276.00,2548.00,728.00,'2025-06-08','2025-06-07 17:03:46','good','accessible',10,NULL,NULL,'2025-11-07 22:03:48','2025-11-07 22:03:48'),(57,12,'MTR-LHE-000004',3863.00,3276.00,587.00,'2025-07-08','2025-07-07 17:03:46','good','accessible',6,NULL,NULL,'2025-11-07 22:03:48','2025-11-07 22:03:48'),(58,12,'MTR-LHE-000004',5131.00,3863.00,1268.00,'2025-08-08','2025-08-07 17:03:46','good','accessible',8,NULL,NULL,'2025-11-07 22:03:48','2025-11-07 22:03:48'),(59,12,'MTR-LHE-000004',6258.00,5131.00,1127.00,'2025-09-08','2025-09-07 17:03:46','good','accessible',3,NULL,NULL,'2025-11-07 22:03:48','2025-11-07 22:03:48'),(60,12,'MTR-LHE-000004',8185.00,6258.00,1927.00,'2025-10-08','2025-10-07 17:03:46','good','accessible',2,NULL,NULL,'2025-11-07 22:03:48','2025-11-07 22:03:48'),(61,13,'MTR-KHI-000004',6029.00,4535.00,1494.00,'2025-06-08','2025-06-07 17:03:46','good','accessible',4,NULL,NULL,'2025-11-07 22:03:48','2025-11-07 22:03:48'),(62,13,'MTR-KHI-000004',6349.00,6029.00,320.00,'2025-07-08','2025-07-07 17:03:46','good','accessible',3,NULL,NULL,'2025-11-07 22:03:48','2025-11-07 22:03:48'),(63,13,'MTR-KHI-000004',6829.00,6349.00,480.00,'2025-08-08','2025-08-07 17:03:46','good','accessible',1,NULL,NULL,'2025-11-07 22:03:48','2025-11-07 22:03:48'),(64,13,'MTR-KHI-000004',8013.00,6829.00,1184.00,'2025-09-08','2025-09-07 17:03:46','good','accessible',3,NULL,NULL,'2025-11-07 22:03:48','2025-11-07 22:03:48'),(65,13,'MTR-KHI-000004',9490.00,8013.00,1477.00,'2025-10-08','2025-10-07 17:03:46','good','accessible',5,NULL,NULL,'2025-11-07 22:03:48','2025-11-07 22:03:48'),(66,14,'MTR-KHI-000005',3731.00,3530.00,201.00,'2025-06-08','2025-06-07 17:03:46','good','accessible',8,NULL,NULL,'2025-11-07 22:03:48','2025-11-07 22:03:48'),(67,14,'MTR-KHI-000005',4050.00,3731.00,319.00,'2025-07-08','2025-07-07 17:03:46','good','accessible',8,NULL,NULL,'2025-11-07 22:03:48','2025-11-07 22:03:48'),(68,14,'MTR-KHI-000005',4348.00,4050.00,298.00,'2025-08-08','2025-08-07 17:03:46','good','accessible',9,NULL,NULL,'2025-11-07 22:03:48','2025-11-07 22:03:48'),(69,14,'MTR-KHI-000005',4542.00,4348.00,194.00,'2025-09-08','2025-09-07 17:03:46','good','accessible',2,NULL,NULL,'2025-11-07 22:03:48','2025-11-07 22:03:48'),(70,14,'MTR-KHI-000005',4942.00,4542.00,400.00,'2025-10-08','2025-10-07 17:03:46','good','accessible',8,NULL,NULL,'2025-11-07 22:03:48','2025-11-07 22:03:48'),(71,15,'MTR-KHI-000006',14036.00,4544.00,9492.00,'2025-06-08','2025-06-07 17:03:46','good','accessible',1,NULL,NULL,'2025-11-07 22:03:48','2025-11-07 22:03:48'),(72,15,'MTR-KHI-000006',22856.00,14036.00,8820.00,'2025-07-08','2025-07-07 17:03:46','good','accessible',1,NULL,NULL,'2025-11-07 22:03:48','2025-11-07 22:03:48'),(73,15,'MTR-KHI-000006',34665.00,22856.00,11809.00,'2025-08-08','2025-08-07 17:03:46','good','accessible',7,NULL,NULL,'2025-11-07 22:03:48','2025-11-07 22:03:48'),(74,15,'MTR-KHI-000006',41475.00,34665.00,6810.00,'2025-09-08','2025-09-07 17:03:46','good','accessible',1,NULL,NULL,'2025-11-07 22:03:48','2025-11-07 22:03:48'),(75,15,'MTR-KHI-000006',47493.00,41475.00,6018.00,'2025-10-08','2025-10-07 17:03:46','good','accessible',8,NULL,NULL,'2025-11-07 22:03:48','2025-11-07 22:03:48'),(76,16,'MTR-KHI-000007',1764.00,1680.00,84.00,'2025-06-08','2025-06-07 17:03:46','good','accessible',6,NULL,NULL,'2025-11-07 22:03:48','2025-11-07 22:03:48'),(77,16,'MTR-KHI-000007',2087.00,1764.00,323.00,'2025-07-08','2025-07-07 17:03:46','good','accessible',10,NULL,NULL,'2025-11-07 22:03:48','2025-11-07 22:03:48'),(78,16,'MTR-KHI-000007',2415.00,2087.00,328.00,'2025-08-08','2025-08-07 17:03:46','good','accessible',7,NULL,NULL,'2025-11-07 22:03:48','2025-11-07 22:03:48'),(79,16,'MTR-KHI-000007',2703.00,2415.00,288.00,'2025-09-08','2025-09-07 17:03:46','good','accessible',6,NULL,NULL,'2025-11-07 22:03:48','2025-11-07 22:03:48'),(80,16,'MTR-KHI-000007',2795.00,2703.00,92.00,'2025-10-08','2025-10-07 17:03:46','good','accessible',10,NULL,NULL,'2025-11-07 22:03:48','2025-11-07 22:03:48'),(81,17,'MTR-KHI-000008',4566.00,4465.00,101.00,'2025-06-08','2025-06-07 17:03:46','good','accessible',10,NULL,NULL,'2025-11-07 22:03:48','2025-11-07 22:03:48'),(82,17,'MTR-KHI-000008',4656.00,4566.00,90.00,'2025-07-08','2025-07-07 17:03:46','good','accessible',8,NULL,NULL,'2025-11-07 22:03:48','2025-11-07 22:03:48'),(83,17,'MTR-KHI-000008',4993.00,4656.00,337.00,'2025-08-08','2025-08-07 17:03:46','good','accessible',7,NULL,NULL,'2025-11-07 22:03:48','2025-11-07 22:03:48'),(84,17,'MTR-KHI-000008',5152.00,4993.00,159.00,'2025-09-08','2025-09-07 17:03:46','good','accessible',8,NULL,NULL,'2025-11-07 22:03:48','2025-11-07 22:03:48'),(85,17,'MTR-KHI-000008',5276.00,5152.00,124.00,'2025-10-08','2025-10-07 17:03:46','good','accessible',1,NULL,NULL,'2025-11-07 22:03:48','2025-11-07 22:03:48'),(86,18,'MTR-FSD-000002',2612.00,1136.00,1476.00,'2025-06-08','2025-06-07 17:03:46','good','accessible',8,NULL,NULL,'2025-11-07 22:03:48','2025-11-07 22:03:48'),(87,18,'MTR-FSD-000002',2924.00,2612.00,312.00,'2025-07-08','2025-07-07 17:03:46','good','accessible',10,NULL,NULL,'2025-11-07 22:03:48','2025-11-07 22:03:48'),(88,18,'MTR-FSD-000002',3665.00,2924.00,741.00,'2025-08-08','2025-08-07 17:03:46','good','accessible',5,NULL,NULL,'2025-11-07 22:03:48','2025-11-07 22:03:48'),(89,18,'MTR-FSD-000002',3974.00,3665.00,309.00,'2025-09-08','2025-09-07 17:03:46','good','accessible',4,NULL,NULL,'2025-11-07 22:03:48','2025-11-07 22:03:48'),(90,18,'MTR-FSD-000002',4474.00,3974.00,500.00,'2025-10-08','2025-10-07 17:03:46','good','accessible',8,NULL,NULL,'2025-11-07 22:03:48','2025-11-07 22:03:48'),(91,19,'MTR-LHE-000005',5041.00,4914.00,127.00,'2025-06-08','2025-06-07 17:03:46','good','accessible',5,NULL,NULL,'2025-11-07 22:03:48','2025-11-07 22:03:48'),(92,19,'MTR-LHE-000005',5320.00,5041.00,279.00,'2025-07-08','2025-07-07 17:03:46','good','accessible',3,NULL,NULL,'2025-11-07 22:03:48','2025-11-07 22:03:48'),(93,19,'MTR-LHE-000005',5664.00,5320.00,344.00,'2025-08-08','2025-08-07 17:03:46','good','accessible',5,NULL,NULL,'2025-11-07 22:03:48','2025-11-07 22:03:48'),(94,19,'MTR-LHE-000005',5848.00,5664.00,184.00,'2025-09-08','2025-09-07 17:03:46','good','accessible',10,NULL,NULL,'2025-11-07 22:03:48','2025-11-07 22:03:48'),(95,19,'MTR-LHE-000005',5978.00,5848.00,130.00,'2025-10-08','2025-10-07 17:03:46','good','accessible',3,NULL,NULL,'2025-11-07 22:03:48','2025-11-07 22:03:48'),(96,20,'MTR-LHE-000006',1878.00,1605.00,273.00,'2025-06-08','2025-06-07 17:03:46','good','accessible',5,NULL,NULL,'2025-11-07 22:03:48','2025-11-07 22:03:48'),(97,20,'MTR-LHE-000006',1988.00,1878.00,110.00,'2025-07-08','2025-07-07 17:03:46','good','accessible',5,NULL,NULL,'2025-11-07 22:03:48','2025-11-07 22:03:48'),(98,20,'MTR-LHE-000006',2370.00,1988.00,382.00,'2025-08-08','2025-08-07 17:03:46','good','accessible',10,NULL,NULL,'2025-11-07 22:03:48','2025-11-07 22:03:48'),(99,20,'MTR-LHE-000006',2612.00,2370.00,242.00,'2025-09-08','2025-09-07 17:03:46','good','accessible',2,NULL,NULL,'2025-11-07 22:03:48','2025-11-07 22:03:48'),(100,20,'MTR-LHE-000006',2779.00,2612.00,167.00,'2025-10-08','2025-10-07 17:03:46','good','accessible',4,NULL,NULL,'2025-11-07 22:03:48','2025-11-07 22:03:48'),(101,21,'MTR-LHE-000007',4270.00,3563.00,707.00,'2025-06-08','2025-06-07 17:03:46','good','accessible',7,NULL,NULL,'2025-11-07 22:03:48','2025-11-07 22:03:48'),(102,21,'MTR-LHE-000007',5277.00,4270.00,1007.00,'2025-07-08','2025-07-07 17:03:46','good','accessible',1,NULL,NULL,'2025-11-07 22:03:49','2025-11-07 22:03:49'),(103,21,'MTR-LHE-000007',6320.00,5277.00,1043.00,'2025-08-08','2025-08-07 17:03:46','good','accessible',7,NULL,NULL,'2025-11-07 22:03:49','2025-11-07 22:03:49'),(104,21,'MTR-LHE-000007',7460.00,6320.00,1140.00,'2025-09-08','2025-09-07 17:03:46','good','accessible',4,NULL,NULL,'2025-11-07 22:03:49','2025-11-07 22:03:49'),(105,21,'MTR-LHE-000007',8390.00,7460.00,930.00,'2025-10-08','2025-10-07 17:03:46','good','accessible',1,NULL,NULL,'2025-11-07 22:03:49','2025-11-07 22:03:49'),(106,22,'MTR-LHE-000008',3094.00,2918.00,176.00,'2025-06-08','2025-06-07 17:03:46','good','accessible',10,NULL,NULL,'2025-11-07 22:03:49','2025-11-07 22:03:49'),(107,22,'MTR-LHE-000008',3450.00,3094.00,356.00,'2025-07-08','2025-07-07 17:03:46','good','accessible',1,NULL,NULL,'2025-11-07 22:03:49','2025-11-07 22:03:49'),(108,22,'MTR-LHE-000008',3818.00,3450.00,368.00,'2025-08-08','2025-08-07 17:03:46','good','accessible',3,NULL,NULL,'2025-11-07 22:03:49','2025-11-07 22:03:49'),(109,22,'MTR-LHE-000008',3922.00,3818.00,104.00,'2025-09-08','2025-09-07 17:03:46','good','accessible',4,NULL,NULL,'2025-11-07 22:03:49','2025-11-07 22:03:49'),(110,22,'MTR-LHE-000008',4100.00,3922.00,178.00,'2025-10-08','2025-10-07 17:03:46','good','accessible',8,NULL,NULL,'2025-11-07 22:03:49','2025-11-07 22:03:49'),(111,23,'MTR-FSD-000003',2435.00,1661.00,774.00,'2025-06-08','2025-06-07 17:03:46','good','accessible',2,NULL,NULL,'2025-11-07 22:03:49','2025-11-07 22:03:49'),(112,23,'MTR-FSD-000003',2851.00,2435.00,416.00,'2025-07-08','2025-07-07 17:03:46','good','accessible',3,NULL,NULL,'2025-11-07 22:03:49','2025-11-07 22:03:49'),(113,23,'MTR-FSD-000003',3718.00,2851.00,867.00,'2025-08-08','2025-08-07 17:03:46','good','accessible',4,NULL,NULL,'2025-11-07 22:03:49','2025-11-07 22:03:49'),(114,23,'MTR-FSD-000003',4074.00,3718.00,356.00,'2025-09-08','2025-09-07 17:03:46','good','accessible',10,NULL,NULL,'2025-11-07 22:03:49','2025-11-07 22:03:49'),(115,23,'MTR-FSD-000003',4388.00,4074.00,314.00,'2025-10-08','2025-10-07 17:03:46','good','accessible',3,NULL,NULL,'2025-11-07 22:03:49','2025-11-07 22:03:49'),(116,24,'MTR-LHE-000009',3508.00,2409.00,1099.00,'2025-06-08','2025-06-07 17:03:46','good','accessible',4,NULL,NULL,'2025-11-07 22:03:49','2025-11-07 22:03:49'),(117,24,'MTR-LHE-000009',3909.00,3508.00,401.00,'2025-07-08','2025-07-07 17:03:46','good','accessible',9,NULL,NULL,'2025-11-07 22:03:49','2025-11-07 22:03:49'),(118,24,'MTR-LHE-000009',4623.00,3909.00,714.00,'2025-08-08','2025-08-07 17:03:46','good','accessible',7,NULL,NULL,'2025-11-07 22:03:49','2025-11-07 22:03:49'),(119,24,'MTR-LHE-000009',5904.00,4623.00,1281.00,'2025-09-08','2025-09-07 17:03:46','good','accessible',8,NULL,NULL,'2025-11-07 22:03:49','2025-11-07 22:03:49'),(120,24,'MTR-LHE-000009',6746.00,5904.00,842.00,'2025-10-08','2025-10-07 17:03:46','good','accessible',4,NULL,NULL,'2025-11-07 22:03:49','2025-11-07 22:03:49'),(121,25,'MTR-LHE-000010',4792.00,4545.00,247.00,'2025-06-08','2025-06-07 17:03:46','good','accessible',6,NULL,NULL,'2025-11-07 22:03:49','2025-11-07 22:03:49'),(122,25,'MTR-LHE-000010',4874.00,4792.00,82.00,'2025-07-08','2025-07-07 17:03:46','good','accessible',6,NULL,NULL,'2025-11-07 22:03:49','2025-11-07 22:03:49'),(123,25,'MTR-LHE-000010',5196.00,4874.00,322.00,'2025-08-08','2025-08-07 17:03:46','good','accessible',5,NULL,NULL,'2025-11-07 22:03:49','2025-11-07 22:03:49'),(124,25,'MTR-LHE-000010',5319.00,5196.00,123.00,'2025-09-08','2025-09-07 17:03:46','good','accessible',10,NULL,NULL,'2025-11-07 22:03:49','2025-11-07 22:03:49'),(125,25,'MTR-LHE-000010',5594.00,5319.00,275.00,'2025-10-08','2025-10-07 17:03:46','good','accessible',9,NULL,NULL,'2025-11-07 22:03:49','2025-11-07 22:03:49'),(126,26,'MTR-LHE-000011',12477.00,1407.00,11070.00,'2025-06-08','2025-06-07 17:03:46','good','accessible',6,NULL,NULL,'2025-11-07 22:03:49','2025-11-07 22:03:49'),(127,26,'MTR-LHE-000011',22124.00,12477.00,9647.00,'2025-07-08','2025-07-07 17:03:46','good','accessible',8,NULL,NULL,'2025-11-07 22:03:49','2025-11-07 22:03:49'),(128,26,'MTR-LHE-000011',30048.00,22124.00,7924.00,'2025-08-08','2025-08-07 17:03:46','good','accessible',10,NULL,NULL,'2025-11-07 22:03:49','2025-11-07 22:03:49'),(129,26,'MTR-LHE-000011',39641.00,30048.00,9593.00,'2025-09-08','2025-09-07 17:03:46','good','accessible',4,NULL,NULL,'2025-11-07 22:03:49','2025-11-07 22:03:49'),(130,26,'MTR-LHE-000011',50905.00,39641.00,11264.00,'2025-10-08','2025-10-07 17:03:46','good','accessible',10,NULL,NULL,'2025-11-07 22:03:49','2025-11-07 22:03:49'),(131,27,'MTR-KHI-000009',2398.00,1461.00,937.00,'2025-06-08','2025-06-07 17:03:46','good','accessible',8,NULL,NULL,'2025-11-07 22:03:49','2025-11-07 22:03:49'),(132,27,'MTR-KHI-000009',3632.00,2398.00,1234.00,'2025-07-08','2025-07-07 17:03:46','good','accessible',8,NULL,NULL,'2025-11-07 22:03:49','2025-11-07 22:03:49'),(133,27,'MTR-KHI-000009',4449.00,3632.00,817.00,'2025-08-08','2025-08-07 17:03:46','good','accessible',6,NULL,NULL,'2025-11-07 22:03:49','2025-11-07 22:03:49'),(134,27,'MTR-KHI-000009',5560.00,4449.00,1111.00,'2025-09-08','2025-09-07 17:03:46','good','accessible',9,NULL,NULL,'2025-11-07 22:03:49','2025-11-07 22:03:49'),(135,27,'MTR-KHI-000009',6060.00,5560.00,500.00,'2025-10-08','2025-10-07 17:03:46','good','accessible',10,NULL,NULL,'2025-11-07 22:03:49','2025-11-07 22:03:49'),(136,28,'MTR-MUX-000001',1220.00,1046.00,174.00,'2025-06-08','2025-06-07 17:03:46','good','accessible',7,NULL,NULL,'2025-11-07 22:03:49','2025-11-07 22:03:49'),(137,28,'MTR-MUX-000001',1578.00,1220.00,358.00,'2025-07-08','2025-07-07 17:03:46','good','accessible',7,NULL,NULL,'2025-11-07 22:03:49','2025-11-07 22:03:49'),(138,28,'MTR-MUX-000001',1794.00,1578.00,216.00,'2025-08-08','2025-08-07 17:03:46','good','accessible',9,NULL,NULL,'2025-11-07 22:03:49','2025-11-07 22:03:49'),(139,28,'MTR-MUX-000001',1877.00,1794.00,83.00,'2025-09-08','2025-09-07 17:03:46','good','accessible',3,NULL,NULL,'2025-11-07 22:03:49','2025-11-07 22:03:49'),(140,28,'MTR-MUX-000001',2078.00,1877.00,201.00,'2025-10-08','2025-10-07 17:03:46','good','accessible',5,NULL,NULL,'2025-11-07 22:03:49','2025-11-07 22:03:49'),(141,29,'MTR-KHI-000010',4106.00,3711.00,395.00,'2025-06-08','2025-06-07 17:03:46','good','accessible',2,NULL,NULL,'2025-11-07 22:03:49','2025-11-07 22:03:49'),(142,29,'MTR-KHI-000010',4490.00,4106.00,384.00,'2025-07-08','2025-07-07 17:03:46','good','accessible',8,NULL,NULL,'2025-11-07 22:03:49','2025-11-07 22:03:49'),(143,29,'MTR-KHI-000010',4733.00,4490.00,243.00,'2025-08-08','2025-08-07 17:03:46','good','accessible',3,NULL,NULL,'2025-11-07 22:03:49','2025-11-07 22:03:49'),(144,29,'MTR-KHI-000010',5083.00,4733.00,350.00,'2025-09-08','2025-09-07 17:03:46','good','accessible',9,NULL,NULL,'2025-11-07 22:03:49','2025-11-07 22:03:49'),(145,29,'MTR-KHI-000010',5229.00,5083.00,146.00,'2025-10-08','2025-10-07 17:03:46','good','accessible',10,NULL,NULL,'2025-11-07 22:03:49','2025-11-07 22:03:49'),(146,30,'MTR-ISB-000003',2653.00,2386.00,267.00,'2025-06-08','2025-06-07 17:03:46','good','accessible',3,NULL,NULL,'2025-11-07 22:03:49','2025-11-07 22:03:49'),(147,30,'MTR-ISB-000003',2874.00,2653.00,221.00,'2025-07-08','2025-07-07 17:03:46','good','accessible',6,NULL,NULL,'2025-11-07 22:03:49','2025-11-07 22:03:49'),(148,30,'MTR-ISB-000003',3249.00,2874.00,375.00,'2025-08-08','2025-08-07 17:03:46','good','accessible',10,NULL,NULL,'2025-11-07 22:03:49','2025-11-07 22:03:49'),(149,30,'MTR-ISB-000003',3421.00,3249.00,172.00,'2025-09-08','2025-09-07 17:03:46','good','accessible',8,NULL,NULL,'2025-11-07 22:03:49','2025-11-07 22:03:49'),(150,30,'MTR-ISB-000003',3673.00,3421.00,252.00,'2025-10-08','2025-10-07 17:03:46','good','accessible',10,NULL,NULL,'2025-11-07 22:03:49','2025-11-07 22:03:49'),(151,31,'MTR-UET-000001',14607.00,4533.00,10074.00,'2025-06-08','2025-06-07 17:03:46','good','accessible',7,NULL,NULL,'2025-11-07 22:03:49','2025-11-07 22:03:49'),(152,31,'MTR-UET-000001',20288.00,14607.00,5681.00,'2025-07-08','2025-07-07 17:03:46','good','accessible',3,NULL,NULL,'2025-11-07 22:03:49','2025-11-07 22:03:49'),(153,31,'MTR-UET-000001',31663.00,20288.00,11375.00,'2025-08-08','2025-08-07 17:03:46','good','accessible',8,NULL,NULL,'2025-11-07 22:03:49','2025-11-07 22:03:49'),(154,31,'MTR-UET-000001',42421.00,31663.00,10758.00,'2025-09-08','2025-09-07 17:03:46','good','accessible',1,NULL,NULL,'2025-11-07 22:03:49','2025-11-07 22:03:49'),(155,31,'MTR-UET-000001',49488.00,42421.00,7067.00,'2025-10-08','2025-10-07 17:03:46','good','accessible',2,NULL,NULL,'2025-11-07 22:03:49','2025-11-07 22:03:49'),(156,32,'MTR-LHE-000012',4504.00,4064.00,440.00,'2025-06-08','2025-06-07 17:03:46','good','accessible',3,NULL,NULL,'2025-11-07 22:03:49','2025-11-07 22:03:49'),(157,32,'MTR-LHE-000012',5957.00,4504.00,1453.00,'2025-07-08','2025-07-07 17:03:46','good','accessible',5,NULL,NULL,'2025-11-07 22:03:49','2025-11-07 22:03:49'),(158,32,'MTR-LHE-000012',6728.00,5957.00,771.00,'2025-08-08','2025-08-07 17:03:46','good','accessible',7,NULL,NULL,'2025-11-07 22:03:49','2025-11-07 22:03:49'),(159,32,'MTR-LHE-000012',7786.00,6728.00,1058.00,'2025-09-08','2025-09-07 17:03:46','good','accessible',3,NULL,NULL,'2025-11-07 22:03:49','2025-11-07 22:03:49'),(160,32,'MTR-LHE-000012',8671.00,7786.00,885.00,'2025-10-08','2025-10-07 17:03:46','good','accessible',2,NULL,NULL,'2025-11-07 22:03:49','2025-11-07 22:03:49'),(161,33,'MTR-LHE-000013',17510.00,2843.00,14667.00,'2025-06-08','2025-06-07 17:03:46','good','accessible',3,NULL,NULL,'2025-11-07 22:03:49','2025-11-07 22:03:49'),(162,33,'MTR-LHE-000013',31617.00,17510.00,14107.00,'2025-07-08','2025-07-07 17:03:46','good','accessible',7,NULL,NULL,'2025-11-07 22:03:49','2025-11-07 22:03:49'),(163,33,'MTR-LHE-000013',41209.00,31617.00,9592.00,'2025-08-08','2025-08-07 17:03:46','good','accessible',8,NULL,NULL,'2025-11-07 22:03:49','2025-11-07 22:03:49'),(164,33,'MTR-LHE-000013',50829.00,41209.00,9620.00,'2025-09-08','2025-09-07 17:03:46','good','accessible',7,NULL,NULL,'2025-11-07 22:03:49','2025-11-07 22:03:49'),(165,33,'MTR-LHE-000013',58953.00,50829.00,8124.00,'2025-10-08','2025-10-07 17:03:46','good','accessible',8,NULL,NULL,'2025-11-07 22:03:49','2025-11-07 22:03:49'),(166,34,'MTR-FSD-000004',3933.00,2110.00,1823.00,'2025-06-08','2025-06-07 17:03:46','good','accessible',5,NULL,NULL,'2025-11-07 22:03:49','2025-11-07 22:03:49'),(167,34,'MTR-FSD-000004',5333.00,3933.00,1400.00,'2025-07-08','2025-07-07 17:03:46','good','accessible',4,NULL,NULL,'2025-11-07 22:03:50','2025-11-07 22:03:50'),(168,34,'MTR-FSD-000004',5959.00,5333.00,626.00,'2025-08-08','2025-08-07 17:03:46','good','accessible',3,NULL,NULL,'2025-11-07 22:03:50','2025-11-07 22:03:50'),(169,34,'MTR-FSD-000004',7066.00,5959.00,1107.00,'2025-09-08','2025-09-07 17:03:46','good','accessible',5,NULL,NULL,'2025-11-07 22:03:50','2025-11-07 22:03:50'),(170,34,'MTR-FSD-000004',7860.00,7066.00,794.00,'2025-10-08','2025-10-07 17:03:46','good','accessible',4,NULL,NULL,'2025-11-07 22:03:50','2025-11-07 22:03:50'),(171,35,'MTR-KHI-000011',2230.00,1841.00,389.00,'2025-06-08','2025-06-07 17:03:46','good','accessible',5,NULL,NULL,'2025-11-07 22:03:50','2025-11-07 22:03:50'),(172,35,'MTR-KHI-000011',2558.00,2230.00,328.00,'2025-07-08','2025-07-07 17:03:46','good','accessible',5,NULL,NULL,'2025-11-07 22:03:50','2025-11-07 22:03:50'),(173,35,'MTR-KHI-000011',2840.00,2558.00,282.00,'2025-08-08','2025-08-07 17:03:46','good','accessible',10,NULL,NULL,'2025-11-07 22:03:50','2025-11-07 22:03:50'),(174,35,'MTR-KHI-000011',2955.00,2840.00,115.00,'2025-09-08','2025-09-07 17:03:46','good','accessible',8,NULL,NULL,'2025-11-07 22:03:50','2025-11-07 22:03:50'),(175,35,'MTR-KHI-000011',3144.00,2955.00,189.00,'2025-10-08','2025-10-07 17:03:46','good','accessible',10,NULL,NULL,'2025-11-07 22:03:50','2025-11-07 22:03:50'),(176,36,'MTR-LHE-000014',3664.00,3275.00,389.00,'2025-06-08','2025-06-07 17:03:46','good','accessible',9,NULL,NULL,'2025-11-07 22:03:50','2025-11-07 22:03:50'),(177,36,'MTR-LHE-000014',4609.00,3664.00,945.00,'2025-07-08','2025-07-07 17:03:46','good','accessible',6,NULL,NULL,'2025-11-07 22:03:50','2025-11-07 22:03:50'),(178,36,'MTR-LHE-000014',5471.00,4609.00,862.00,'2025-08-08','2025-08-07 17:03:46','good','accessible',1,NULL,NULL,'2025-11-07 22:03:50','2025-11-07 22:03:50'),(179,36,'MTR-LHE-000014',5992.00,5471.00,521.00,'2025-09-08','2025-09-07 17:03:46','good','accessible',5,NULL,NULL,'2025-11-07 22:03:50','2025-11-07 22:03:50'),(180,36,'MTR-LHE-000014',6489.00,5992.00,497.00,'2025-10-08','2025-10-07 17:03:46','good','accessible',9,NULL,NULL,'2025-11-07 22:03:50','2025-11-07 22:03:50'),(181,37,'MTR-KHI-000012',19441.00,4765.00,14676.00,'2025-06-08','2025-06-07 17:03:46','good','accessible',2,NULL,NULL,'2025-11-07 22:03:50','2025-11-07 22:03:50'),(182,37,'MTR-KHI-000012',33170.00,19441.00,13729.00,'2025-07-08','2025-07-07 17:03:46','good','accessible',9,NULL,NULL,'2025-11-07 22:03:50','2025-11-07 22:03:50'),(183,37,'MTR-KHI-000012',46447.00,33170.00,13277.00,'2025-08-08','2025-08-07 17:03:46','good','accessible',3,NULL,NULL,'2025-11-07 22:03:50','2025-11-07 22:03:50'),(184,37,'MTR-KHI-000012',58915.00,46447.00,12468.00,'2025-09-08','2025-09-07 17:03:46','good','accessible',10,NULL,NULL,'2025-11-07 22:03:50','2025-11-07 22:03:50'),(185,37,'MTR-KHI-000012',69057.00,58915.00,10142.00,'2025-10-08','2025-10-07 17:03:46','good','accessible',8,NULL,NULL,'2025-11-07 22:03:50','2025-11-07 22:03:50'),(186,38,'MTR-ISB-000004',5468.00,3835.00,1633.00,'2025-06-08','2025-06-07 17:03:46','good','accessible',4,NULL,NULL,'2025-11-07 22:03:50','2025-11-07 22:03:50'),(187,38,'MTR-ISB-000004',6363.00,5468.00,895.00,'2025-07-08','2025-07-07 17:03:46','good','accessible',8,NULL,NULL,'2025-11-07 22:03:50','2025-11-07 22:03:50'),(188,38,'MTR-ISB-000004',7457.00,6363.00,1094.00,'2025-08-08','2025-08-07 17:03:46','good','accessible',1,NULL,NULL,'2025-11-07 22:03:50','2025-11-07 22:03:50'),(189,38,'MTR-ISB-000004',8053.00,7457.00,596.00,'2025-09-08','2025-09-07 17:03:46','good','accessible',8,NULL,NULL,'2025-11-07 22:03:50','2025-11-07 22:03:50'),(190,38,'MTR-ISB-000004',9491.00,8053.00,1438.00,'2025-10-08','2025-10-07 17:03:46','good','accessible',4,NULL,NULL,'2025-11-07 22:03:50','2025-11-07 22:03:50'),(191,39,'MTR-RWP-000002',2932.00,1568.00,1364.00,'2025-06-08','2025-06-07 17:03:46','good','accessible',6,NULL,NULL,'2025-11-07 22:03:50','2025-11-07 22:03:50'),(192,39,'MTR-RWP-000002',3762.00,2932.00,830.00,'2025-07-08','2025-07-07 17:03:46','good','accessible',4,NULL,NULL,'2025-11-07 22:03:50','2025-11-07 22:03:50'),(193,39,'MTR-RWP-000002',4537.00,3762.00,775.00,'2025-08-08','2025-08-07 17:03:46','good','accessible',6,NULL,NULL,'2025-11-07 22:03:50','2025-11-07 22:03:50'),(194,39,'MTR-RWP-000002',5362.00,4537.00,825.00,'2025-09-08','2025-09-07 17:03:46','good','accessible',4,NULL,NULL,'2025-11-07 22:03:50','2025-11-07 22:03:50'),(195,39,'MTR-RWP-000002',6430.00,5362.00,1068.00,'2025-10-08','2025-10-07 17:03:46','good','accessible',4,NULL,NULL,'2025-11-07 22:03:50','2025-11-07 22:03:50'),(196,40,'MTR-MUX-000002',3680.00,3004.00,676.00,'2025-06-08','2025-06-07 17:03:46','good','accessible',5,NULL,NULL,'2025-11-07 22:03:50','2025-11-07 22:03:50'),(197,40,'MTR-MUX-000002',4950.00,3680.00,1270.00,'2025-07-08','2025-07-07 17:03:46','good','accessible',9,NULL,NULL,'2025-11-07 22:03:50','2025-11-07 22:03:50'),(198,40,'MTR-MUX-000002',5393.00,4950.00,443.00,'2025-08-08','2025-08-07 17:03:46','good','accessible',9,NULL,NULL,'2025-11-07 22:03:50','2025-11-07 22:03:50'),(199,40,'MTR-MUX-000002',6729.00,5393.00,1336.00,'2025-09-08','2025-09-07 17:03:46','good','accessible',2,NULL,NULL,'2025-11-07 22:03:50','2025-11-07 22:03:50'),(200,40,'MTR-MUX-000002',7789.00,6729.00,1060.00,'2025-10-08','2025-10-07 17:03:46','good','accessible',9,NULL,NULL,'2025-11-07 22:03:50','2025-11-07 22:03:50'),(201,41,'MTR-FSD-000005',4649.00,4498.00,151.00,'2025-06-08','2025-06-07 17:03:46','good','accessible',3,NULL,NULL,'2025-11-07 22:03:50','2025-11-07 22:03:50'),(202,41,'MTR-FSD-000005',4845.00,4649.00,196.00,'2025-07-08','2025-07-07 17:03:46','good','accessible',7,NULL,NULL,'2025-11-07 22:03:50','2025-11-07 22:03:50'),(203,41,'MTR-FSD-000005',4931.00,4845.00,86.00,'2025-08-08','2025-08-07 17:03:46','good','accessible',10,NULL,NULL,'2025-11-07 22:03:50','2025-11-07 22:03:50'),(204,41,'MTR-FSD-000005',5121.00,4931.00,190.00,'2025-09-08','2025-09-07 17:03:46','good','accessible',10,NULL,NULL,'2025-11-07 22:03:50','2025-11-07 22:03:50'),(205,41,'MTR-FSD-000005',5254.00,5121.00,133.00,'2025-10-08','2025-10-07 17:03:46','good','accessible',1,NULL,NULL,'2025-11-07 22:03:50','2025-11-07 22:03:50'),(206,42,'MTR-FSD-000006',5331.00,3968.00,1363.00,'2025-06-08','2025-06-07 17:03:46','good','accessible',3,NULL,NULL,'2025-11-07 22:03:50','2025-11-07 22:03:50'),(207,42,'MTR-FSD-000006',6446.00,5331.00,1115.00,'2025-07-08','2025-07-07 17:03:46','good','accessible',1,NULL,NULL,'2025-11-07 22:03:50','2025-11-07 22:03:50'),(208,42,'MTR-FSD-000006',7797.00,6446.00,1351.00,'2025-08-08','2025-08-07 17:03:46','good','accessible',1,NULL,NULL,'2025-11-07 22:03:50','2025-11-07 22:03:50'),(209,42,'MTR-FSD-000006',9722.00,7797.00,1925.00,'2025-09-08','2025-09-07 17:03:46','good','accessible',1,NULL,NULL,'2025-11-07 22:03:50','2025-11-07 22:03:50'),(210,42,'MTR-FSD-000006',11101.00,9722.00,1379.00,'2025-10-08','2025-10-07 17:03:46','good','accessible',3,NULL,NULL,'2025-11-07 22:03:50','2025-11-07 22:03:50'),(211,43,'MTR-ISB-000005',8319.00,3013.00,5306.00,'2025-06-08','2025-06-07 17:03:46','good','accessible',2,NULL,NULL,'2025-11-07 22:03:50','2025-11-07 22:03:50'),(212,43,'MTR-ISB-000005',13963.00,8319.00,5644.00,'2025-07-08','2025-07-07 17:03:46','good','accessible',5,NULL,NULL,'2025-11-07 22:03:50','2025-11-07 22:03:50'),(213,43,'MTR-ISB-000005',21021.00,13963.00,7058.00,'2025-08-08','2025-08-07 17:03:46','good','accessible',9,NULL,NULL,'2025-11-07 22:03:50','2025-11-07 22:03:50'),(214,43,'MTR-ISB-000005',28001.00,21021.00,6980.00,'2025-09-08','2025-09-07 17:03:46','good','accessible',3,NULL,NULL,'2025-11-07 22:03:50','2025-11-07 22:03:50'),(215,43,'MTR-ISB-000005',35931.00,28001.00,7930.00,'2025-10-08','2025-10-07 17:03:46','good','accessible',6,NULL,NULL,'2025-11-07 22:03:50','2025-11-07 22:03:50'),(216,44,'MTR-KHI-000013',3521.00,3281.00,240.00,'2025-06-08','2025-06-07 17:03:46','good','accessible',9,NULL,NULL,'2025-11-07 22:03:50','2025-11-07 22:03:50'),(217,44,'MTR-KHI-000013',3674.00,3521.00,153.00,'2025-07-08','2025-07-07 17:03:46','good','accessible',8,NULL,NULL,'2025-11-07 22:03:50','2025-11-07 22:03:50'),(218,44,'MTR-KHI-000013',3787.00,3674.00,113.00,'2025-08-08','2025-08-07 17:03:46','good','accessible',10,NULL,NULL,'2025-11-07 22:03:50','2025-11-07 22:03:50'),(219,44,'MTR-KHI-000013',4169.00,3787.00,382.00,'2025-09-08','2025-09-07 17:03:46','good','accessible',3,NULL,NULL,'2025-11-07 22:03:50','2025-11-07 22:03:50'),(220,44,'MTR-KHI-000013',4259.00,4169.00,90.00,'2025-10-08','2025-10-07 17:03:46','good','accessible',4,NULL,NULL,'2025-11-07 22:03:50','2025-11-07 22:03:50'),(221,45,'MTR-KHI-000014',3403.00,2089.00,1314.00,'2025-06-08','2025-06-07 17:03:46','good','accessible',7,NULL,NULL,'2025-11-07 22:03:50','2025-11-07 22:03:50'),(222,45,'MTR-KHI-000014',4507.00,3403.00,1104.00,'2025-07-08','2025-07-07 17:03:46','good','accessible',7,NULL,NULL,'2025-11-07 22:03:50','2025-11-07 22:03:50'),(223,45,'MTR-KHI-000014',5445.00,4507.00,938.00,'2025-08-08','2025-08-07 17:03:46','good','accessible',1,NULL,NULL,'2025-11-07 22:03:50','2025-11-07 22:03:50'),(224,45,'MTR-KHI-000014',6782.00,5445.00,1337.00,'2025-09-08','2025-09-07 17:03:46','good','accessible',9,NULL,NULL,'2025-11-07 22:03:50','2025-11-07 22:03:50'),(225,45,'MTR-KHI-000014',7264.00,6782.00,482.00,'2025-10-08','2025-10-07 17:03:46','good','accessible',8,NULL,NULL,'2025-11-07 22:03:50','2025-11-07 22:03:50'),(226,46,'MTR-KHI-000015',4072.00,2436.00,1636.00,'2025-06-08','2025-06-07 17:03:46','good','accessible',5,NULL,NULL,'2025-11-07 22:03:50','2025-11-07 22:03:50'),(227,46,'MTR-KHI-000015',5788.00,4072.00,1716.00,'2025-07-08','2025-07-07 17:03:46','good','accessible',6,NULL,NULL,'2025-11-07 22:03:50','2025-11-07 22:03:50'),(228,46,'MTR-KHI-000015',7297.00,5788.00,1509.00,'2025-08-08','2025-08-07 17:03:46','good','accessible',6,NULL,NULL,'2025-11-07 22:03:50','2025-11-07 22:03:50'),(229,46,'MTR-KHI-000015',9073.00,7297.00,1776.00,'2025-09-08','2025-09-07 17:03:46','good','accessible',6,NULL,NULL,'2025-11-07 22:03:50','2025-11-07 22:03:50'),(230,46,'MTR-KHI-000015',10479.00,9073.00,1406.00,'2025-10-08','2025-10-07 17:03:46','good','accessible',3,NULL,NULL,'2025-11-07 22:03:50','2025-11-07 22:03:50'),(231,47,'MTR-ISB-000006',15698.00,1945.00,13753.00,'2025-06-08','2025-06-07 17:03:46','good','accessible',1,NULL,NULL,'2025-11-07 22:03:50','2025-11-07 22:03:50'),(232,47,'MTR-ISB-000006',27810.00,15698.00,12112.00,'2025-07-08','2025-07-07 17:03:46','good','accessible',1,NULL,NULL,'2025-11-07 22:03:50','2025-11-07 22:03:50'),(233,47,'MTR-ISB-000006',40061.00,27810.00,12251.00,'2025-08-08','2025-08-07 17:03:46','good','accessible',10,NULL,NULL,'2025-11-07 22:03:51','2025-11-07 22:03:51'),(234,47,'MTR-ISB-000006',53408.00,40061.00,13347.00,'2025-09-08','2025-09-07 17:03:46','good','accessible',9,NULL,NULL,'2025-11-07 22:03:51','2025-11-07 22:03:51'),(235,47,'MTR-ISB-000006',65813.00,53408.00,12405.00,'2025-10-08','2025-10-07 17:03:46','good','accessible',8,NULL,NULL,'2025-11-07 22:03:51','2025-11-07 22:03:51'),(236,48,'MTR-RWP-000003',3550.00,2635.00,915.00,'2025-06-08','2025-06-07 17:03:46','good','accessible',4,NULL,NULL,'2025-11-07 22:03:51','2025-11-07 22:03:51'),(237,48,'MTR-RWP-000003',5108.00,3550.00,1558.00,'2025-07-08','2025-07-07 17:03:46','good','accessible',10,NULL,NULL,'2025-11-07 22:03:51','2025-11-07 22:03:51'),(238,48,'MTR-RWP-000003',6012.00,5108.00,904.00,'2025-08-08','2025-08-07 17:03:46','good','accessible',7,NULL,NULL,'2025-11-07 22:03:51','2025-11-07 22:03:51'),(239,48,'MTR-RWP-000003',6522.00,6012.00,510.00,'2025-09-08','2025-09-07 17:03:46','good','accessible',3,NULL,NULL,'2025-11-07 22:03:51','2025-11-07 22:03:51'),(240,48,'MTR-RWP-000003',7826.00,6522.00,1304.00,'2025-10-08','2025-10-07 17:03:46','good','accessible',4,NULL,NULL,'2025-11-07 22:03:51','2025-11-07 22:03:51'),(241,49,'MTR-PEW-000002',4924.00,4535.00,389.00,'2025-06-08','2025-06-07 17:03:46','good','accessible',7,NULL,NULL,'2025-11-07 22:03:51','2025-11-07 22:03:51'),(242,49,'MTR-PEW-000002',5212.00,4924.00,288.00,'2025-07-08','2025-07-07 17:03:46','good','accessible',5,NULL,NULL,'2025-11-07 22:03:51','2025-11-07 22:03:51'),(243,49,'MTR-PEW-000002',5319.00,5212.00,107.00,'2025-08-08','2025-08-07 17:03:46','good','accessible',9,NULL,NULL,'2025-11-07 22:03:51','2025-11-07 22:03:51'),(244,49,'MTR-PEW-000002',5412.00,5319.00,93.00,'2025-09-08','2025-09-07 17:03:46','good','accessible',2,NULL,NULL,'2025-11-07 22:03:51','2025-11-07 22:03:51'),(245,49,'MTR-PEW-000002',5612.00,5412.00,200.00,'2025-10-08','2025-10-07 17:03:46','good','accessible',9,NULL,NULL,'2025-11-07 22:03:51','2025-11-07 22:03:51'),(246,50,'MTR-LHE-000015',4594.00,4065.00,529.00,'2025-06-08','2025-06-07 17:03:46','good','accessible',8,NULL,NULL,'2025-11-07 22:03:51','2025-11-07 22:03:51'),(247,50,'MTR-LHE-000015',5767.00,4594.00,1173.00,'2025-07-08','2025-07-07 17:03:46','good','accessible',10,NULL,NULL,'2025-11-07 22:03:51','2025-11-07 22:03:51'),(248,50,'MTR-LHE-000015',6162.00,5767.00,395.00,'2025-08-08','2025-08-07 17:03:46','good','accessible',5,NULL,NULL,'2025-11-07 22:03:51','2025-11-07 22:03:51'),(249,50,'MTR-LHE-000015',6752.00,6162.00,590.00,'2025-09-08','2025-09-07 17:03:46','good','accessible',10,NULL,NULL,'2025-11-07 22:03:51','2025-11-07 22:03:51'),(250,50,'MTR-LHE-000015',8030.00,6752.00,1278.00,'2025-10-08','2025-10-07 17:03:46','good','accessible',10,NULL,NULL,'2025-11-07 22:03:51','2025-11-07 22:03:51'),(251,52,'MTR-LHE-000052',3219.00,1580.00,1639.00,'2025-10-08','2025-10-07 17:03:46','good','accessible',1,NULL,NULL,'2025-11-07 22:03:51','2025-11-07 22:03:51'),(252,53,'MTR-ISB-000053',2890.00,2155.00,735.00,'2025-09-08','2025-09-07 17:03:46','good','accessible',5,NULL,NULL,'2025-11-07 22:03:51','2025-11-07 22:03:51'),(253,53,'MTR-ISB-000053',4275.00,2890.00,1385.00,'2025-10-08','2025-10-07 17:03:46','good','accessible',4,NULL,NULL,'2025-11-07 22:03:51','2025-11-07 22:03:51'),(254,1,'MTR-LHE-000001',8200.00,6401.00,1799.00,'2025-11-07','2025-11-07 17:12:33','good','accessible',1,NULL,'','2025-11-07 22:12:32','2025-11-07 22:12:32'),(255,2,'MTR-KHI-000001',11145.00,9577.00,1568.00,'2025-11-15','2025-11-14 19:00:00','good','accessible',1,NULL,'Auto-generated by bulk bill generation system using 5-month average consumption.','2025-11-07 22:28:45','2025-11-07 22:28:45'),(256,3,'MTR-RWP-000001',12951.00,11487.00,1464.00,'2025-11-15','2025-11-14 19:00:00','good','accessible',1,NULL,'Auto-generated by bulk bill generation system using 5-month average consumption.','2025-11-07 22:28:45','2025-11-07 22:28:45'),(257,4,'MTR-ISB-000001',53394.00,45277.00,8117.00,'2025-11-15','2025-11-14 19:00:00','good','accessible',1,NULL,'Auto-generated by bulk bill generation system using 5-month average consumption.','2025-11-07 22:28:45','2025-11-07 22:28:45'),(258,5,'MTR-LHE-000002',62734.00,54200.00,8534.00,'2025-11-15','2025-11-14 19:00:00','good','accessible',1,NULL,'Auto-generated by bulk bill generation system using 5-month average consumption.','2025-11-07 22:28:45','2025-11-07 22:28:45'),(259,7,'MTR-PEW-000001',75272.00,64896.00,10376.00,'2025-11-15','2025-11-14 19:00:00','good','accessible',1,NULL,'Auto-generated by bulk bill generation system using 5-month average consumption.','2025-11-07 22:28:45','2025-11-07 22:28:45'),(260,8,'MTR-FSD-000001',10546.00,9403.00,1143.00,'2025-11-15','2025-11-14 19:00:00','good','accessible',1,NULL,'Auto-generated by bulk bill generation system using 5-month average consumption.','2025-11-07 22:28:45','2025-11-07 22:28:45'),(261,9,'MTR-KHI-000002',10998.00,9931.00,1067.00,'2025-11-15','2025-11-14 19:00:00','good','accessible',1,NULL,'Auto-generated by bulk bill generation system using 5-month average consumption.','2025-11-07 22:28:45','2025-11-07 22:28:45'),(262,11,'MTR-KHI-000003',8723.00,7665.00,1058.00,'2025-11-15','2025-11-14 19:00:00','good','accessible',1,NULL,'Auto-generated by bulk bill generation system using 5-month average consumption.','2025-11-07 22:28:46','2025-11-07 22:28:46'),(263,12,'MTR-LHE-000004',9436.00,8185.00,1251.00,'2025-11-15','2025-11-14 19:00:00','good','accessible',1,NULL,'Auto-generated by bulk bill generation system using 5-month average consumption.','2025-11-07 22:28:46','2025-11-07 22:28:46'),(264,13,'MTR-KHI-000004',10358.00,9490.00,868.00,'2025-11-15','2025-11-14 19:00:00','good','accessible',1,NULL,'Auto-generated by bulk bill generation system using 5-month average consumption.','2025-11-07 22:28:46','2025-11-07 22:28:46'),(265,14,'MTR-KHI-000005',5264.00,4942.00,322.00,'2025-11-15','2025-11-14 19:00:00','good','accessible',1,NULL,'Auto-generated by bulk bill generation system using 5-month average consumption.','2025-11-07 22:28:46','2025-11-07 22:28:46'),(266,17,'MTR-KHI-000008',5455.00,5276.00,179.00,'2025-11-15','2025-11-14 19:00:00','good','accessible',1,NULL,'Auto-generated by bulk bill generation system using 5-month average consumption.','2025-11-07 22:28:46','2025-11-07 22:28:46'),(267,18,'MTR-FSD-000002',5077.00,4474.00,603.00,'2025-11-15','2025-11-14 19:00:00','good','accessible',1,NULL,'Auto-generated by bulk bill generation system using 5-month average consumption.','2025-11-07 22:28:46','2025-11-07 22:28:46'),(268,19,'MTR-LHE-000005',6194.00,5978.00,216.00,'2025-11-15','2025-11-14 19:00:00','good','accessible',1,NULL,'Auto-generated by bulk bill generation system using 5-month average consumption.','2025-11-07 22:28:46','2025-11-07 22:28:46'),(269,20,'MTR-LHE-000006',3023.00,2779.00,244.00,'2025-11-15','2025-11-14 19:00:00','good','accessible',1,NULL,'Auto-generated by bulk bill generation system using 5-month average consumption.','2025-11-07 22:28:46','2025-11-07 22:28:46'),(270,21,'MTR-LHE-000007',9409.00,8390.00,1019.00,'2025-11-15','2025-11-14 19:00:00','good','accessible',1,NULL,'Auto-generated by bulk bill generation system using 5-month average consumption.','2025-11-07 22:28:46','2025-11-07 22:28:46'),(271,22,'MTR-LHE-000008',4304.00,4100.00,204.00,'2025-11-15','2025-11-14 19:00:00','good','accessible',1,NULL,'Auto-generated by bulk bill generation system using 5-month average consumption.','2025-11-07 22:28:46','2025-11-07 22:28:46'),(272,23,'MTR-FSD-000003',4936.00,4388.00,548.00,'2025-11-15','2025-11-14 19:00:00','good','accessible',1,NULL,'Auto-generated by bulk bill generation system using 5-month average consumption.','2025-11-07 22:28:46','2025-11-07 22:28:46'),(273,24,'MTR-LHE-000009',7590.00,6746.00,844.00,'2025-11-15','2025-11-14 19:00:00','good','accessible',1,NULL,'Auto-generated by bulk bill generation system using 5-month average consumption.','2025-11-07 22:28:46','2025-11-07 22:28:46'),(274,25,'MTR-LHE-000010',5794.00,5594.00,200.00,'2025-11-15','2025-11-14 19:00:00','good','accessible',1,NULL,'Auto-generated by bulk bill generation system using 5-month average consumption.','2025-11-07 22:28:46','2025-11-07 22:28:46'),(275,26,'MTR-LHE-000011',60479.00,50905.00,9574.00,'2025-11-15','2025-11-14 19:00:00','good','accessible',1,NULL,'Auto-generated by bulk bill generation system using 5-month average consumption.','2025-11-07 22:28:47','2025-11-07 22:28:47'),(276,28,'MTR-MUX-000001',2305.00,2078.00,227.00,'2025-11-15','2025-11-14 19:00:00','good','accessible',1,NULL,'Auto-generated by bulk bill generation system using 5-month average consumption.','2025-11-07 22:28:47','2025-11-07 22:28:47'),(277,29,'MTR-KHI-000010',5565.00,5229.00,336.00,'2025-11-15','2025-11-14 19:00:00','good','accessible',1,NULL,'Auto-generated by bulk bill generation system using 5-month average consumption.','2025-11-07 22:28:47','2025-11-07 22:28:47'),(278,30,'MTR-ISB-000003',3930.00,3673.00,257.00,'2025-11-15','2025-11-14 19:00:00','good','accessible',1,NULL,'Auto-generated by bulk bill generation system using 5-month average consumption.','2025-11-07 22:28:47','2025-11-07 22:28:47'),(279,31,'MTR-UET-000001',57440.00,49488.00,7952.00,'2025-11-15','2025-11-14 19:00:00','good','accessible',1,NULL,'Auto-generated by bulk bill generation system using 5-month average consumption.','2025-11-07 22:28:47','2025-11-07 22:28:47'),(280,32,'MTR-LHE-000012',9578.00,8671.00,907.00,'2025-11-15','2025-11-14 19:00:00','good','accessible',1,NULL,'Auto-generated by bulk bill generation system using 5-month average consumption.','2025-11-07 22:28:47','2025-11-07 22:28:47'),(281,33,'MTR-LHE-000013',71096.00,58953.00,12143.00,'2025-11-15','2025-11-14 19:00:00','good','accessible',1,NULL,'Auto-generated by bulk bill generation system using 5-month average consumption.','2025-11-07 22:28:47','2025-11-07 22:28:47'),(282,34,'MTR-FSD-000004',9055.00,7860.00,1195.00,'2025-11-15','2025-11-14 19:00:00','good','accessible',1,NULL,'Auto-generated by bulk bill generation system using 5-month average consumption.','2025-11-07 22:28:47','2025-11-07 22:28:47'),(283,35,'MTR-KHI-000011',3402.00,3144.00,258.00,'2025-11-15','2025-11-14 19:00:00','good','accessible',1,NULL,'Auto-generated by bulk bill generation system using 5-month average consumption.','2025-11-07 22:28:48','2025-11-07 22:28:48'),(284,38,'MTR-ISB-000004',10775.00,9491.00,1284.00,'2025-11-15','2025-11-14 19:00:00','good','accessible',1,NULL,'Auto-generated by bulk bill generation system using 5-month average consumption.','2025-11-07 22:28:48','2025-11-07 22:28:48'),(285,39,'MTR-RWP-000002',7342.00,6430.00,912.00,'2025-11-15','2025-11-14 19:00:00','good','accessible',1,NULL,'Auto-generated by bulk bill generation system using 5-month average consumption.','2025-11-07 22:28:48','2025-11-07 22:28:48'),(286,40,'MTR-MUX-000002',8722.00,7789.00,933.00,'2025-11-15','2025-11-14 19:00:00','good','accessible',1,NULL,'Auto-generated by bulk bill generation system using 5-month average consumption.','2025-11-07 22:28:48','2025-11-07 22:28:48'),(287,41,'MTR-FSD-000005',5426.00,5254.00,172.00,'2025-11-15','2025-11-14 19:00:00','good','accessible',1,NULL,'Auto-generated by bulk bill generation system using 5-month average consumption.','2025-11-07 22:28:48','2025-11-07 22:28:48'),(288,43,'MTR-ISB-000005',43269.00,35931.00,7338.00,'2025-11-15','2025-11-14 19:00:00','good','accessible',1,NULL,'Auto-generated by bulk bill generation system using 5-month average consumption.','2025-11-07 22:28:48','2025-11-07 22:28:48'),(289,44,'MTR-KHI-000013',4463.00,4259.00,204.00,'2025-11-15','2025-11-14 19:00:00','good','accessible',1,NULL,'Auto-generated by bulk bill generation system using 5-month average consumption.','2025-11-07 22:28:48','2025-11-07 22:28:48'),(290,45,'MTR-KHI-000014',8342.00,7264.00,1078.00,'2025-11-15','2025-11-14 19:00:00','good','accessible',1,NULL,'Auto-generated by bulk bill generation system using 5-month average consumption.','2025-11-07 22:28:48','2025-11-07 22:28:48'),(291,47,'MTR-ISB-000006',79104.00,65813.00,13291.00,'2025-11-15','2025-11-14 19:00:00','good','accessible',1,NULL,'Auto-generated by bulk bill generation system using 5-month average consumption.','2025-11-07 22:28:48','2025-11-07 22:28:48'),(292,48,'MTR-RWP-000003',8737.00,7826.00,911.00,'2025-11-15','2025-11-14 19:00:00','good','accessible',1,NULL,'Auto-generated by bulk bill generation system using 5-month average consumption.','2025-11-07 22:28:48','2025-11-07 22:28:48'),(293,49,'MTR-PEW-000002',5847.00,5612.00,235.00,'2025-11-15','2025-11-14 19:00:00','good','accessible',1,NULL,'Auto-generated by bulk bill generation system using 5-month average consumption.','2025-11-07 22:28:48','2025-11-07 22:28:48'),(294,51,'MTR-KHI-000051',227.00,0.00,227.00,'2025-11-15','2025-11-14 19:00:00','good','accessible',1,NULL,'First reading - Auto-generated for new customer (Residential). Based on connection type defaults.','2025-11-07 22:28:48','2025-11-07 22:28:48'),(295,52,'MTR-LHE-000052',4939.00,3219.00,1720.00,'2025-11-15','2025-11-14 19:00:00','good','accessible',1,NULL,'Auto-generated by bulk bill generation system using 1-month average consumption.','2025-11-07 22:28:48','2025-11-07 22:28:48'),(296,53,'MTR-ISB-000053',5280.00,4275.00,1005.00,'2025-11-15','2025-11-14 19:00:00','good','accessible',1,NULL,'Auto-generated by bulk bill generation system using 2-month average consumption.','2025-11-07 22:28:48','2025-11-07 22:28:48'),(297,54,'MTR-KHI-000052',227.00,0.00,227.00,'2025-11-15','2025-11-14 19:00:00','good','accessible',1,NULL,'First reading - Auto-generated for new customer (Residential). Based on connection type defaults.','2025-11-07 22:28:48','2025-11-07 22:28:48');
/*!40000 ALTER TABLE `meter_readings` ENABLE KEYS */;
UNLOCK TABLES;

--
-- Table structure for table `notifications`
--

DROP TABLE IF EXISTS `notifications`;
/*!40101 SET @saved_cs_client     = @@character_set_client */;
/*!50503 SET character_set_client = utf8mb4 */;
CREATE TABLE `notifications` (
  `id` int NOT NULL AUTO_INCREMENT,
  `user_id` int NOT NULL,
  `notification_type` enum('billing','payment','usage','outage','service','reminder','system','maintenance','alert','info','work_order') NOT NULL,
  `title` varchar(255) NOT NULL,
  `message` text NOT NULL,
  `is_read` int NOT NULL DEFAULT '0',
  `read_at` timestamp NULL DEFAULT NULL,
  `created_at` timestamp NOT NULL DEFAULT (now()),
  `priority` enum('low','normal','medium','high') NOT NULL DEFAULT 'normal',
  `action_url` varchar(255) DEFAULT NULL,
  `action_text` varchar(100) DEFAULT NULL,
  PRIMARY KEY (`id`),
  KEY `notifications_user_id_users_id_fk` (`user_id`),
  CONSTRAINT `notifications_user_id_users_id_fk` FOREIGN KEY (`user_id`) REFERENCES `users` (`id`) ON DELETE CASCADE
) ENGINE=InnoDB AUTO_INCREMENT=56 DEFAULT CHARSET=utf8mb4 COLLATE=utf8mb4_0900_ai_ci;
/*!40101 SET character_set_client = @saved_cs_client */;

--
-- Dumping data for table `notifications`
--

LOCK TABLES `notifications` WRITE;
/*!40000 ALTER TABLE `notifications` DISABLE KEYS */;
INSERT INTO `notifications` VALUES (1,2,'work_order','New Meter Reading Assignment','You have been assigned a meter reading request for Rolando Durgan (Account: ELX-2024-000001)',0,NULL,'2025-11-07 22:11:20','normal',NULL,NULL),(2,12,'work_order','Meter Reading Completed','Your meter reading has been completed successfully. Units consumed: 1799 kWh. Your bill will be generated shortly.',0,NULL,'2025-11-07 22:12:32','normal','/customer/view-bills','View Bills'),(3,12,'billing','New Bill Generated','Your bill for 2025-11-01 has been generated. Amount: Rs 11192.00. Due date: 11/23/2025',0,NULL,'2025-11-07 22:12:33','high','/customer/view-bills','View Bill'),(4,12,'payment','Payment Received','Payment of Rs. 11192 has been successfully processed for bill BILL-2025-28757019',0,NULL,'2025-11-07 22:15:43','normal','/customer/payment','View Receipt'),(5,1,'service','New Complaint Submitted','New MEDIUM priority complaint: h',0,NULL,'2025-11-07 22:16:25','normal','/admin/complaints',NULL),(6,2,'work_order','New Complaint Assigned','You have been assigned to complaint: h',0,NULL,'2025-11-07 22:16:44','normal','/employee/work-orders',NULL),(7,12,'service','Complaint Resolved','Your complaint \"h\" has been resolved. hhhhhh',0,NULL,'2025-11-07 22:17:10','high','/customer/complaints','View Complaint'),(8,1,'service','Complaint Resolved by Employee','Complaint \"h\" from Rolando Durgan has been resolved. hhhhhh',0,NULL,'2025-11-07 22:17:10','normal','/admin/complaints','View Complaint'),(9,12,'work_order','Work Order Completed','Your work order \"h\" has been completed successfully. hhhhhh',0,NULL,'2025-11-07 22:17:10','normal','/customer/services','View Details'),(10,12,'service','Complaint Closed','Your complaint \"h\" has been closed.',0,NULL,'2025-11-07 22:17:17','normal','/customer/complaints',NULL),(11,1,'service','New Connection Request','Application APP-2025-380042 submitted by Tom',0,NULL,'2025-11-07 22:20:46','normal','/admin/connection-requests','Review'),(12,2,'work_order','New Installation Work Order','Assigned to install connection for application APP-2025-380042.',0,NULL,'2025-11-07 22:21:20','medium','/employee/work-orders','View Work Orders'),(13,65,'service','Account Created','Your Electrolux account ELX-2025-124190-1153 has been created. You can log in and view your bills.',0,NULL,'2025-11-07 22:22:04','normal','/login','Login'),(14,13,'billing','New Bill Generated','Your bill for 2025-11-01 is ready. Amount: Rs 19902.00. Due date: 11/23/2025',0,NULL,'2025-11-07 23:01:29','high','/customer/view-bills','View Bill'),(15,14,'billing','New Bill Generated','Your bill for 2025-11-01 is ready. Amount: Rs 18379.00. Due date: 11/23/2025',0,NULL,'2025-11-07 23:01:30','high','/customer/view-bills','View Bill'),(16,15,'billing','New Bill Generated','Your bill for 2025-11-01 is ready. Amount: Rs 82355.00. Due date: 11/23/2025',0,NULL,'2025-11-07 23:01:30','high','/customer/view-bills','View Bill'),(17,16,'billing','New Bill Generated','Your bill for 2025-11-01 is ready. Amount: Rs 86955.00. Due date: 11/23/2025',0,NULL,'2025-11-07 23:01:30','high','/customer/view-bills','View Bill'),(18,18,'billing','New Bill Generated','Your bill for 2025-11-01 is ready. Amount: Rs 107765.00. Due date: 11/23/2025',0,NULL,'2025-11-07 23:01:30','high','/customer/view-bills','View Bill'),(19,19,'billing','New Bill Generated','Your bill for 2025-11-01 is ready. Amount: Rs 13673.00. Due date: 11/23/2025',0,NULL,'2025-11-07 23:01:30','high','/customer/view-bills','View Bill'),(20,20,'billing','New Bill Generated','Your bill for 2025-11-01 is ready. Amount: Rs 5802.00. Due date: 11/23/2025',0,NULL,'2025-11-07 23:01:30','high','/customer/view-bills','View Bill'),(21,22,'billing','New Bill Generated','Your bill for 2025-11-01 is ready. Amount: Rs 12428.00. Due date: 11/23/2025',0,NULL,'2025-11-07 23:01:30','high','/customer/view-bills','View Bill'),(22,23,'billing','New Bill Generated','Your bill for 2025-11-01 is ready. Amount: Rs 15256.00. Due date: 11/23/2025',0,NULL,'2025-11-07 23:01:30','high','/customer/view-bills','View Bill'),(23,24,'billing','New Bill Generated','Your bill for 2025-11-01 is ready. Amount: Rs 4501.00. Due date: 11/23/2025',0,NULL,'2025-11-07 23:01:30','high','/customer/view-bills','View Bill'),(24,25,'billing','New Bill Generated','Your bill for 2025-11-01 is ready. Amount: Rs 2554.00. Due date: 11/23/2025',0,NULL,'2025-11-07 23:01:30','high','/customer/view-bills','View Bill'),(25,28,'billing','New Bill Generated','Your bill for 2025-11-01 is ready. Amount: Rs 1213.00. Due date: 11/23/2025',0,NULL,'2025-11-07 23:01:30','high','/customer/view-bills','View Bill'),(26,29,'billing','New Bill Generated','Your bill for 2025-11-01 is ready. Amount: Rs 2874.00. Due date: 11/23/2025',0,NULL,'2025-11-07 23:01:30','high','/customer/view-bills','View Bill'),(27,30,'billing','New Bill Generated','Your bill for 2025-11-01 is ready. Amount: Rs 1519.00. Due date: 11/23/2025',0,NULL,'2025-11-07 23:01:30','high','/customer/view-bills','View Bill'),(28,31,'billing','New Bill Generated','Your bill for 2025-11-01 is ready. Amount: Rs 1782.00. Due date: 11/23/2025',0,NULL,'2025-11-07 23:01:30','high','/customer/view-bills','View Bill'),(29,32,'billing','New Bill Generated','Your bill for 2025-11-01 is ready. Amount: Rs 5448.00. Due date: 11/23/2025',0,NULL,'2025-11-07 23:01:30','high','/customer/view-bills','View Bill'),(30,33,'billing','New Bill Generated','Your bill for 2025-11-01 is ready. Amount: Rs 1407.00. Due date: 11/23/2025',0,NULL,'2025-11-07 23:01:30','high','/customer/view-bills','View Bill'),(31,34,'billing','New Bill Generated','Your bill for 2025-11-01 is ready. Amount: Rs 2537.00. Due date: 11/23/2025',0,NULL,'2025-11-07 23:01:30','high','/customer/view-bills','View Bill'),(32,35,'billing','New Bill Generated','Your bill for 2025-11-01 is ready. Amount: Rs 4353.00. Due date: 11/23/2025',0,NULL,'2025-11-07 23:01:30','high','/customer/view-bills','View Bill'),(33,36,'billing','New Bill Generated','Your bill for 2025-11-01 is ready. Amount: Rs 1371.00. Due date: 11/23/2025',0,NULL,'2025-11-07 23:01:30','high','/customer/view-bills','View Bill'),(34,37,'billing','New Bill Generated','Your bill for 2025-11-01 is ready. Amount: Rs 98430.00. Due date: 11/23/2025',0,NULL,'2025-11-07 23:01:30','high','/customer/view-bills','View Bill'),(35,39,'billing','New Bill Generated','Your bill for 2025-11-01 is ready. Amount: Rs 1623.00. Due date: 11/23/2025',0,NULL,'2025-11-07 23:01:30','high','/customer/view-bills','View Bill'),(36,40,'billing','New Bill Generated','Your bill for 2025-11-01 is ready. Amount: Rs 2710.00. Due date: 11/23/2025',0,NULL,'2025-11-07 23:01:30','high','/customer/view-bills','View Bill'),(37,41,'billing','New Bill Generated','Your bill for 2025-11-01 is ready. Amount: Rs 1905.00. Due date: 11/23/2025',0,NULL,'2025-11-07 23:01:30','high','/customer/view-bills','View Bill'),(38,42,'billing','New Bill Generated','Your bill for 2025-11-01 is ready. Amount: Rs 80534.00. Due date: 11/23/2025',0,NULL,'2025-11-07 23:01:30','high','/customer/view-bills','View Bill'),(39,43,'billing','New Bill Generated','Your bill for 2025-11-01 is ready. Amount: Rs 4739.00. Due date: 11/23/2025',0,NULL,'2025-11-07 23:01:30','high','/customer/view-bills','View Bill'),(40,44,'billing','New Bill Generated','Your bill for 2025-11-01 is ready. Amount: Rs 129555.00. Due date: 11/23/2025',0,NULL,'2025-11-07 23:01:30','high','/customer/view-bills','View Bill'),(41,45,'billing','New Bill Generated','Your bill for 2025-11-01 is ready. Amount: Rs 14435.00. Due date: 11/23/2025',0,NULL,'2025-11-07 23:01:30','high','/customer/view-bills','View Bill'),(42,46,'billing','New Bill Generated','Your bill for 2025-11-01 is ready. Amount: Rs 1913.00. Due date: 11/23/2025',0,NULL,'2025-11-07 23:01:30','high','/customer/view-bills','View Bill'),(43,49,'billing','New Bill Generated','Your bill for 2025-11-01 is ready. Amount: Rs 15740.00. Due date: 11/23/2025',0,NULL,'2025-11-07 23:01:30','high','/customer/view-bills','View Bill'),(44,50,'billing','New Bill Generated','Your bill for 2025-11-01 is ready. Amount: Rs 4770.00. Due date: 11/23/2025',0,NULL,'2025-11-07 23:01:30','high','/customer/view-bills','View Bill'),(45,51,'billing','New Bill Generated','Your bill for 2025-11-01 is ready. Amount: Rs 4899.00. Due date: 11/23/2025',0,NULL,'2025-11-07 23:01:30','high','/customer/view-bills','View Bill'),(46,52,'billing','New Bill Generated','Your bill for 2025-11-01 is ready. Amount: Rs 1161.00. Due date: 11/23/2025',0,NULL,'2025-11-07 23:01:30','high','/customer/view-bills','View Bill'),(47,54,'billing','New Bill Generated','Your bill for 2025-11-01 is ready. Amount: Rs 73759.00. Due date: 11/23/2025',0,NULL,'2025-11-07 23:01:30','high','/customer/view-bills','View Bill'),(48,55,'billing','New Bill Generated','Your bill for 2025-11-01 is ready. Amount: Rs 1407.00. Due date: 11/23/2025',0,NULL,'2025-11-07 23:01:30','high','/customer/view-bills','View Bill'),(49,56,'billing','New Bill Generated','Your bill for 2025-11-01 is ready. Amount: Rs 5883.00. Due date: 11/23/2025',0,NULL,'2025-11-07 23:01:30','high','/customer/view-bills','View Bill'),(50,58,'billing','New Bill Generated','Your bill for 2025-11-01 is ready. Amount: Rs 143710.00. Due date: 11/23/2025',0,NULL,'2025-11-07 23:01:30','high','/customer/view-bills','View Bill'),(51,59,'billing','New Bill Generated','Your bill for 2025-11-01 is ready. Amount: Rs 10445.00. Due date: 11/23/2025',0,NULL,'2025-11-07 23:01:30','high','/customer/view-bills','View Bill'),(52,60,'billing','New Bill Generated','Your bill for 2025-11-01 is ready. Amount: Rs 1698.00. Due date: 11/23/2025',0,NULL,'2025-11-07 23:01:30','high','/customer/view-bills','View Bill'),(53,62,'billing','New Bill Generated','Your bill for 2025-11-01 is ready. Amount: Rs 1623.00. Due date: 11/23/2025',0,NULL,'2025-11-07 23:01:30','high','/customer/view-bills','View Bill'),(54,63,'billing','New Bill Generated','Your bill for 2025-11-01 is ready. Amount: Rs 22130.00. Due date: 11/23/2025',0,NULL,'2025-11-07 23:01:30','high','/customer/view-bills','View Bill'),(55,64,'billing','New Bill Generated','Your bill for 2025-11-01 is ready. Amount: Rs 5345.00. Due date: 11/23/2025',0,NULL,'2025-11-07 23:01:30','high','/customer/view-bills','View Bill');
/*!40000 ALTER TABLE `notifications` ENABLE KEYS */;
UNLOCK TABLES;

--
-- Table structure for table `outages`
--

DROP TABLE IF EXISTS `outages`;
/*!40101 SET @saved_cs_client     = @@character_set_client */;
/*!50503 SET character_set_client = utf8mb4 */;
CREATE TABLE `outages` (
  `id` int NOT NULL AUTO_INCREMENT,
  `area_name` varchar(255) COLLATE utf8mb4_unicode_ci NOT NULL,
  `zone` varchar(50) COLLATE utf8mb4_unicode_ci NOT NULL,
  `outage_type` enum('planned','unplanned') COLLATE utf8mb4_unicode_ci NOT NULL,
  `reason` text COLLATE utf8mb4_unicode_ci,
  `severity` enum('low','medium','high','critical') COLLATE utf8mb4_unicode_ci NOT NULL,
  `scheduled_start_time` datetime DEFAULT NULL,
  `scheduled_end_time` datetime DEFAULT NULL,
  `actual_start_time` datetime DEFAULT NULL,
  `actual_end_time` datetime DEFAULT NULL,
  `affected_customer_count` int DEFAULT '0',
  `status` enum('scheduled','ongoing','restored','cancelled') COLLATE utf8mb4_unicode_ci NOT NULL,
  `restoration_notes` text COLLATE utf8mb4_unicode_ci,
  `created_by` int NOT NULL,
  `created_at` timestamp NOT NULL DEFAULT CURRENT_TIMESTAMP,
  `updated_at` timestamp NOT NULL DEFAULT CURRENT_TIMESTAMP ON UPDATE CURRENT_TIMESTAMP,
  PRIMARY KEY (`id`),
  KEY `idx_outages_zone` (`zone`),
  KEY `idx_outages_status` (`status`),
  KEY `idx_outages_type` (`outage_type`),
  KEY `idx_outages_created_by` (`created_by`),
  CONSTRAINT `outages_created_by_fk` FOREIGN KEY (`created_by`) REFERENCES `users` (`id`) ON DELETE CASCADE
) ENGINE=InnoDB AUTO_INCREMENT=21 DEFAULT CHARSET=utf8mb4 COLLATE=utf8mb4_unicode_ci;
/*!40101 SET character_set_client = @saved_cs_client */;

--
-- Dumping data for table `outages`
--

LOCK TABLES `outages` WRITE;
/*!40000 ALTER TABLE `outages` DISABLE KEYS */;
INSERT INTO `outages` VALUES (1,'Zone A - North District','Zone A','unplanned','Equipment failure - transformer malfunction','critical','2025-11-04 05:00:00','2025-11-04 09:00:00','2025-11-04 05:00:00','2025-11-04 09:00:00',11,'restored','Power successfully restored. All systems functioning normally.',1,'2025-11-07 22:03:51','2025-11-07 22:03:51'),(2,'Zone B - South District','Zone B','planned','Infrastructure improvement - substation work','medium','2025-10-15 15:00:00','2025-10-15 19:00:00','2025-10-15 15:00:00','2025-10-15 19:00:00',11,'restored','Power successfully restored. All systems functioning normally.',1,'2025-11-07 22:03:51','2025-11-07 22:03:51'),(3,'Zone C - East District','Zone C','planned','Scheduled maintenance - power line upgrade','medium','2025-10-21 06:00:00','2025-10-21 07:00:00','2025-10-21 06:00:00','2025-10-21 07:00:00',11,'restored','Power successfully restored. All systems functioning normally.',1,'2025-11-07 22:03:51','2025-11-07 22:03:51'),(4,'Zone D - West District','Zone D','unplanned','Equipment failure - transformer malfunction','high','2025-11-06 07:00:00','2025-11-06 11:00:00','2025-11-06 07:00:00','2025-11-06 11:00:00',10,'restored','Power successfully restored. All systems functioning normally.',1,'2025-11-07 22:03:51','2025-11-07 22:03:51'),(5,'Zone E - Central District','Zone E','planned','Scheduled maintenance - power line upgrade','medium','2025-10-14 06:00:00','2025-10-14 07:00:00','2025-10-14 06:00:00','2025-10-14 07:00:00',10,'restored','Power successfully restored. All systems functioning normally.',1,'2025-11-07 22:03:51','2025-11-07 22:03:51'),(6,'Zone A - Industrial Area','Zone A','planned','Infrastructure improvement - substation work','critical','2025-10-23 20:00:00','2025-10-24 00:00:00','2025-10-23 20:00:00','2025-10-24 00:00:00',11,'restored','Power successfully restored. All systems functioning normally.',1,'2025-11-07 22:03:51','2025-11-07 22:03:51'),(7,'Zone B - Residential Complex A','Zone B','unplanned','Equipment failure - transformer malfunction','high','2025-10-19 19:00:00','2025-10-19 22:00:00','2025-10-19 19:00:00','2025-10-19 22:00:00',11,'restored','Power successfully restored. All systems functioning normally.',1,'2025-11-07 22:03:51','2025-11-07 22:03:51'),(8,'Zone C - Residential Complex B','Zone C','planned','Infrastructure improvement - substation work','medium','2025-11-04 07:00:00','2025-11-04 11:00:00','2025-11-04 07:00:00','2025-11-04 11:00:00',11,'restored','Power successfully restored. All systems functioning normally.',1,'2025-11-07 22:03:51','2025-11-07 22:03:51'),(9,'Zone D - Business Park','Zone D','planned','Scheduled maintenance - power line upgrade','medium','2025-10-29 04:00:00','2025-10-29 06:00:00','2025-10-29 04:00:00','2025-10-29 06:00:00',10,'restored','Power successfully restored. All systems functioning normally.',1,'2025-11-07 22:03:51','2025-11-07 22:03:51'),(10,'Zone E - Downtown','Zone E','unplanned','Equipment failure - transformer malfunction','high','2025-11-03 07:00:00','2025-11-03 08:00:00','2025-11-03 07:00:00','2025-11-03 08:00:00',10,'restored','Power successfully restored. All systems functioning normally.',1,'2025-11-07 22:03:51','2025-11-07 22:03:51'),(11,'Zone C - West District','Zone C','unplanned','Emergency repair - cable fault','high',NULL,'2025-11-07 22:03:52','2025-11-07 20:03:52',NULL,11,'ongoing','Repair crew on site. Estimated completion time provided.',1,'2025-11-07 22:03:51','2025-11-07 22:03:51'),(12,'Zone D - Central District','Zone D','unplanned','Weather damage - storm impact','high',NULL,'2025-11-07 22:03:52','2025-11-07 19:03:52',NULL,10,'ongoing','Repair crew on site. Estimated completion time provided.',1,'2025-11-07 22:03:51','2025-11-07 22:03:51'),(13,'Zone A - Industrial Area','Zone A','planned','Scheduled maintenance - grid modernization','medium','2025-11-11 01:00:00','2025-11-11 03:00:00',NULL,NULL,11,'scheduled',NULL,1,'2025-11-07 22:03:51','2025-11-07 22:03:51'),(14,'Zone B - Residential Complex A','Zone B','planned','Infrastructure upgrade - smart meter installation','low','2025-11-18 09:00:00','2025-11-18 12:00:00',NULL,NULL,11,'scheduled',NULL,1,'2025-11-07 22:03:51','2025-11-07 22:03:51'),(15,'Zone C - Residential Complex B','Zone C','planned','Scheduled maintenance - grid modernization','low','2025-11-21 01:00:00','2025-11-21 03:00:00',NULL,NULL,11,'scheduled',NULL,1,'2025-11-07 22:03:51','2025-11-07 22:03:51'),(16,'Zone D - Business Park','Zone D','planned','Infrastructure upgrade - smart meter installation','medium','2025-11-17 09:00:00','2025-11-17 12:00:00',NULL,NULL,10,'scheduled',NULL,1,'2025-11-07 22:03:51','2025-11-07 22:03:51'),(17,'Zone E - Downtown','Zone E','planned','Scheduled maintenance - grid modernization','low','2025-11-22 01:00:00','2025-11-22 03:00:00',NULL,NULL,10,'scheduled',NULL,1,'2025-11-07 22:03:51','2025-11-07 22:03:51'),(18,'Zone A - North District','Zone A','planned','Infrastructure upgrade - smart meter installation','low','2025-11-10 09:00:00','2025-11-10 12:00:00',NULL,NULL,11,'scheduled',NULL,1,'2025-11-07 22:03:51','2025-11-07 22:03:51'),(19,'Zone B - South District','Zone B','planned','Scheduled maintenance - grid modernization','medium','2025-11-17 01:00:00','2025-11-17 03:00:00',NULL,NULL,11,'scheduled',NULL,1,'2025-11-07 22:03:51','2025-11-07 22:03:51'),(20,'Zone C - East District','Zone C','planned','Infrastructure upgrade - smart meter installation','low','2025-11-17 09:00:00','2025-11-17 12:00:00',NULL,NULL,11,'scheduled',NULL,1,'2025-11-07 22:03:51','2025-11-07 22:03:51');
/*!40000 ALTER TABLE `outages` ENABLE KEYS */;
UNLOCK TABLES;

--
-- Table structure for table `password_reset_requests`
--

DROP TABLE IF EXISTS `password_reset_requests`;
/*!40101 SET @saved_cs_client     = @@character_set_client */;
/*!50503 SET character_set_client = utf8mb4 */;
CREATE TABLE `password_reset_requests` (
  `id` int NOT NULL AUTO_INCREMENT,
  `request_number` varchar(50) COLLATE utf8mb4_unicode_ci NOT NULL COMMENT 'Format: PWRST-2025-XXXXX',
  `user_id` int DEFAULT NULL COMMENT 'References users.id, NULL initially until matched',
  `email` varchar(255) COLLATE utf8mb4_unicode_ci NOT NULL,
  `account_number` varchar(50) COLLATE utf8mb4_unicode_ci DEFAULT NULL COMMENT 'For customers',
  `user_type` enum('employee','customer') COLLATE utf8mb4_unicode_ci NOT NULL,
  `request_reason` text COLLATE utf8mb4_unicode_ci,
  `status` enum('pending','approved','rejected','completed') COLLATE utf8mb4_unicode_ci NOT NULL DEFAULT 'pending',
  `temp_password_plain` varchar(255) COLLATE utf8mb4_unicode_ci DEFAULT NULL COMMENT 'Encrypted temporary password for admin display',
  `requested_at` timestamp NOT NULL DEFAULT CURRENT_TIMESTAMP,
  `processed_at` timestamp NULL DEFAULT NULL,
  `processed_by` int DEFAULT NULL COMMENT 'Admin user who processed the request',
  `expires_at` timestamp NULL DEFAULT NULL COMMENT 'Temporary password expiration',
  `rejection_reason` text COLLATE utf8mb4_unicode_ci,
  `created_at` timestamp NOT NULL DEFAULT CURRENT_TIMESTAMP,
  `updated_at` timestamp NOT NULL DEFAULT CURRENT_TIMESTAMP ON UPDATE CURRENT_TIMESTAMP,
  PRIMARY KEY (`id`),
  UNIQUE KEY `request_number` (`request_number`),
  KEY `fk_password_reset_processor` (`processed_by`),
  KEY `idx_status` (`status`),
  KEY `idx_email` (`email`),
  KEY `idx_user_id` (`user_id`),
  CONSTRAINT `fk_password_reset_processor` FOREIGN KEY (`processed_by`) REFERENCES `users` (`id`) ON DELETE SET NULL,
  CONSTRAINT `fk_password_reset_user` FOREIGN KEY (`user_id`) REFERENCES `users` (`id`) ON DELETE CASCADE
) ENGINE=InnoDB AUTO_INCREMENT=8 DEFAULT CHARSET=utf8mb4 COLLATE=utf8mb4_unicode_ci;
/*!40101 SET character_set_client = @saved_cs_client */;

--
-- Dumping data for table `password_reset_requests`
--

LOCK TABLES `password_reset_requests` WRITE;
/*!40000 ALTER TABLE `password_reset_requests` DISABLE KEYS */;
INSERT INTO `password_reset_requests` VALUES (1,'PWRST-2025-000001',12,'customer1@example.com','','customer',NULL,'approved','P$@DloqW*i58','2025-10-30 13:29:36','2025-10-30 13:52:58',1,'2025-10-31 13:52:58',NULL,'2025-10-30 18:29:36','2025-10-30 18:52:58'),(2,'PWRST-2025-000002',12,'customer1@example.com','','customer',NULL,'approved','r$80nSlYjB*W','2025-10-30 13:37:03','2025-10-30 13:37:34',1,'2025-10-31 13:37:34',NULL,'2025-10-30 18:37:03','2025-10-30 18:37:33'),(3,'PWRST-2025-000003',12,'customer1@example.com','','customer',NULL,'approved','3bQ*ZYP3BBQV','2025-10-30 13:41:10','2025-10-30 13:52:55',1,'2025-10-31 13:52:55',NULL,'2025-10-30 18:41:10','2025-10-30 18:52:55'),(4,'PWRST-2025-000004',12,'customer1@example.com','','customer',NULL,'approved','8s%MP4TM1N8d','2025-10-30 13:42:32','2025-10-30 13:52:47',1,'2025-10-31 13:52:47',NULL,'2025-10-30 18:42:32','2025-10-30 18:52:47'),(5,'PWRST-2025-000005',13,'customer2@example.com','','customer',NULL,'approved','&p%axTk2NZM2','2025-10-30 13:53:22','2025-10-30 13:53:33',1,'2025-10-31 13:53:33',NULL,'2025-10-30 18:53:22','2025-10-30 18:53:32'),(6,'PWRST-2025-000006',31,'customer20@example.com','','customer','FORGOT','pending',NULL,'2025-10-30 15:08:33',NULL,NULL,NULL,NULL,'2025-10-30 20:08:32','2025-10-30 20:08:32'),(7,'PWRST-2025-000007',65,'tom@customer.com','','customer','forgot','approved','qVl*Blyb06#@','2025-11-07 17:23:34','2025-11-07 17:24:25',1,'2025-11-08 17:24:25',NULL,'2025-11-07 22:23:33','2025-11-07 22:24:24');
/*!40000 ALTER TABLE `password_reset_requests` ENABLE KEYS */;
UNLOCK TABLES;

--
-- Table structure for table `payments`
--

DROP TABLE IF EXISTS `payments`;
/*!40101 SET @saved_cs_client     = @@character_set_client */;
/*!50503 SET character_set_client = utf8mb4 */;
CREATE TABLE `payments` (
  `id` int NOT NULL AUTO_INCREMENT,
  `customer_id` int NOT NULL,
  `bill_id` int DEFAULT NULL,
  `payment_amount` decimal(10,2) NOT NULL,
  `payment_method` enum('credit_card','debit_card','bank_transfer','cash','cheque','upi','wallet') NOT NULL,
  `payment_date` date NOT NULL,
  `transaction_id` varchar(100) DEFAULT NULL,
  `receipt_number` varchar(50) DEFAULT NULL,
  `status` enum('pending','completed','failed','refunded') NOT NULL DEFAULT 'completed',
  `notes` text,
  `created_at` timestamp NOT NULL DEFAULT (now()),
  `updated_at` timestamp NOT NULL DEFAULT (now()) ON UPDATE CURRENT_TIMESTAMP,
  PRIMARY KEY (`id`),
  UNIQUE KEY `payments_transaction_id_unique` (`transaction_id`),
  UNIQUE KEY `payments_receipt_number_unique` (`receipt_number`),
  KEY `payments_customer_id_customers_id_fk` (`customer_id`),
  KEY `payments_bill_id_bills_id_fk` (`bill_id`),
  CONSTRAINT `payments_bill_id_bills_id_fk` FOREIGN KEY (`bill_id`) REFERENCES `bills` (`id`),
  CONSTRAINT `payments_customer_id_customers_id_fk` FOREIGN KEY (`customer_id`) REFERENCES `customers` (`id`) ON DELETE CASCADE
) ENGINE=InnoDB AUTO_INCREMENT=244 DEFAULT CHARSET=utf8mb4 COLLATE=utf8mb4_0900_ai_ci;
/*!40101 SET character_set_client = @saved_cs_client */;

--
-- Dumping data for table `payments`
--

LOCK TABLES `payments` WRITE;
/*!40000 ALTER TABLE `payments` DISABLE KEYS */;
INSERT INTO `payments` VALUES (1,1,1,6884.00,'upi','2025-06-18','TXN-1762553027480-C1XFFO8ME','RCP-2024-000001','completed',NULL,'2025-11-07 22:03:47','2025-11-07 22:03:47'),(2,1,2,2690.00,'bank_transfer','2025-07-21','TXN-1762553027500-1LO577QEH','RCP-2024-000002','completed',NULL,'2025-11-07 22:03:47','2025-11-07 22:03:47'),(3,1,3,5824.00,'wallet','2025-08-20','TXN-1762553027516-CTZMNO6R9','RCP-2024-000003','completed',NULL,'2025-11-07 22:03:47','2025-11-07 22:03:47'),(4,1,4,6266.00,'credit_card','2025-09-23','TXN-1762553027532-K3AZ1K0MX','RCP-2024-000004','completed',NULL,'2025-11-07 22:03:47','2025-11-07 22:03:47'),(5,1,5,2184.00,'upi','2025-10-15','TXN-1762553027547-YNIBIWGTS','RCP-2024-000005','completed',NULL,'2025-11-07 22:03:47','2025-11-07 22:03:47'),(6,2,6,18085.00,'wallet','2025-06-18','TXN-1762553027561-13IA1QIRE','RCP-2024-000006','completed',NULL,'2025-11-07 22:03:47','2025-11-07 22:03:47'),(7,2,7,6367.00,'debit_card','2025-07-20','TXN-1762553027578-XEVSS7Z98','RCP-2024-000007','completed',NULL,'2025-11-07 22:03:47','2025-11-07 22:03:47'),(8,2,8,22877.00,'bank_transfer','2025-08-16','TXN-1762553027593-P4VQQ5ZZM','RCP-2024-000008','completed',NULL,'2025-11-07 22:03:47','2025-11-07 22:03:47'),(9,2,9,18920.00,'bank_transfer','2025-09-13','TXN-1762553027610-GLQU1WHS7','RCP-2024-000009','completed',NULL,'2025-11-07 22:03:47','2025-11-07 22:03:47'),(10,2,10,23303.00,'bank_transfer','2025-10-18','TXN-1762553027624-G5IE86JEE','RCP-2024-000010','completed',NULL,'2025-11-07 22:03:47','2025-11-07 22:03:47'),(11,3,11,6877.00,'bank_transfer','2025-06-22','TXN-1762553027640-FWYPQGAY5','RCP-2024-000011','completed',NULL,'2025-11-07 22:03:47','2025-11-07 22:03:47'),(12,3,12,25867.00,'debit_card','2025-07-18','TXN-1762553027656-A00PFIPXD','RCP-2024-000012','completed',NULL,'2025-11-07 22:03:47','2025-11-07 22:03:47'),(13,3,13,24417.00,'upi','2025-08-21','TXN-1762553027671-F4ZQSGRO8','RCP-2024-000013','completed',NULL,'2025-11-07 22:03:47','2025-11-07 22:03:47'),(14,3,15,16649.00,'bank_transfer','2025-10-13','TXN-1762553027698-BR1EVWUUJ','RCP-2024-000014','completed',NULL,'2025-11-07 22:03:47','2025-11-07 22:03:47'),(15,4,16,154450.00,'upi','2025-06-14','TXN-1762553027713-HR36EZE3T','RCP-2024-000015','completed',NULL,'2025-11-07 22:03:47','2025-11-07 22:03:47'),(16,4,17,74985.00,'upi','2025-07-22','TXN-1762553027729-G34B10VTG','RCP-2024-000016','completed',NULL,'2025-11-07 22:03:47','2025-11-07 22:03:47'),(17,4,18,77688.00,'credit_card','2025-08-20','TXN-1762553027744-KOWURHHB5','RCP-2024-000017','completed',NULL,'2025-11-07 22:03:47','2025-11-07 22:03:47'),(18,4,19,60466.00,'upi','2025-09-23','TXN-1762553027761-PBRU6KP8O','RCP-2024-000018','completed',NULL,'2025-11-07 22:03:47','2025-11-07 22:03:47'),(19,4,20,71697.00,'wallet','2025-10-15','TXN-1762553027776-8MVDKAQBG','RCP-2024-000019','completed',NULL,'2025-11-07 22:03:47','2025-11-07 22:03:47'),(20,5,21,55422.00,'wallet','2025-06-19','TXN-1762553027791-MDGXS9OKY','RCP-2024-000020','completed',NULL,'2025-11-07 22:03:47','2025-11-07 22:03:47'),(21,5,22,153093.00,'bank_transfer','2025-07-19','TXN-1762553027807-LGXIZF7I2','RCP-2024-000021','completed',NULL,'2025-11-07 22:03:47','2025-11-07 22:03:47'),(22,5,23,127507.00,'bank_transfer','2025-08-23','TXN-1762553027821-ZCZ5BCCCF','RCP-2024-000022','completed',NULL,'2025-11-07 22:03:47','2025-11-07 22:03:47'),(23,5,24,89879.00,'debit_card','2025-09-15','TXN-1762553027839-VURF6DW5E','RCP-2024-000023','completed',NULL,'2025-11-07 22:03:47','2025-11-07 22:03:47'),(24,5,25,99566.00,'bank_transfer','2025-10-16','TXN-1762553027853-SBH4W915R','RCP-2024-000024','completed',NULL,'2025-11-07 22:03:47','2025-11-07 22:03:47'),(25,6,26,10356.00,'upi','2025-06-19','TXN-1762553027867-O0Z2N56NP','RCP-2024-000025','completed',NULL,'2025-11-07 22:03:47','2025-11-07 22:03:47'),(26,6,27,9158.00,'wallet','2025-07-21','TXN-1762553027883-SOBJSFKBD','RCP-2024-000026','completed',NULL,'2025-11-07 22:03:47','2025-11-07 22:03:47'),(27,6,28,20048.00,'wallet','2025-08-22','TXN-1762553027897-4GK4I3BEG','RCP-2024-000027','completed',NULL,'2025-11-07 22:03:47','2025-11-07 22:03:47'),(28,6,29,11650.00,'upi','2025-09-22','TXN-1762553027914-BZ3BHJMES','RCP-2024-000028','completed',NULL,'2025-11-07 22:03:47','2025-11-07 22:03:47'),(29,6,30,8330.00,'debit_card','2025-10-22','TXN-1762553027929-14AMNIZIA','RCP-2024-000029','completed',NULL,'2025-11-07 22:03:47','2025-11-07 22:03:47'),(30,7,31,129356.00,'bank_transfer','2025-06-19','TXN-1762553027943-8URVJFS05','RCP-2024-000030','completed',NULL,'2025-11-07 22:03:47','2025-11-07 22:03:47'),(31,7,32,154536.00,'upi','2025-07-22','TXN-1762553027961-CUGMTA197','RCP-2024-000031','completed',NULL,'2025-11-07 22:03:47','2025-11-07 22:03:47'),(32,7,33,116310.00,'wallet','2025-08-14','TXN-1762553027975-F7WQO6FFC','RCP-2024-000032','completed',NULL,'2025-11-07 22:03:47','2025-11-07 22:03:47'),(33,7,34,143291.00,'wallet','2025-09-22','TXN-1762553027993-ZN09LCEY9','RCP-2024-000033','completed',NULL,'2025-11-07 22:03:47','2025-11-07 22:03:47'),(34,7,35,98915.00,'upi','2025-10-20','TXN-1762553028009-MPTROWUG7','RCP-2024-000034','completed',NULL,'2025-11-07 22:03:48','2025-11-07 22:03:48'),(35,8,36,21485.00,'bank_transfer','2025-06-18','TXN-1762553028023-FO45PJYA2','RCP-2024-000035','completed',NULL,'2025-11-07 22:03:48','2025-11-07 22:03:48'),(36,8,38,7412.00,'credit_card','2025-08-17','TXN-1762553028050-65SQFCPVD','RCP-2024-000036','completed',NULL,'2025-11-07 22:03:48','2025-11-07 22:03:48'),(37,8,40,13982.00,'wallet','2025-10-20','TXN-1762553028075-GONC7M1UX','RCP-2024-000037','completed',NULL,'2025-11-07 22:03:48','2025-11-07 22:03:48'),(38,9,41,8173.00,'credit_card','2025-06-22','TXN-1762553028091-X7YL7XVXJ','RCP-2024-000038','completed',NULL,'2025-11-07 22:03:48','2025-11-07 22:03:48'),(39,9,42,8931.00,'upi','2025-07-16','TXN-1762553028107-I7O5C5OX0','RCP-2024-000039','completed',NULL,'2025-11-07 22:03:48','2025-11-07 22:03:48'),(40,9,43,4708.00,'credit_card','2025-08-20','TXN-1762553028120-LY8AZOP4H','RCP-2024-000040','completed',NULL,'2025-11-07 22:03:48','2025-11-07 22:03:48'),(41,9,44,2721.00,'bank_transfer','2025-09-15','TXN-1762553028136-XEWFXFP1P','RCP-2024-000041','completed',NULL,'2025-11-07 22:03:48','2025-11-07 22:03:48'),(42,9,45,4660.00,'debit_card','2025-10-17','TXN-1762553028152-G065SPJHK','RCP-2024-000042','completed',NULL,'2025-11-07 22:03:48','2025-11-07 22:03:48'),(43,10,46,11959.00,'wallet','2025-06-18','TXN-1762553028166-9HQY5CK2P','RCP-2024-000043','completed',NULL,'2025-11-07 22:03:48','2025-11-07 22:03:48'),(44,10,47,25764.00,'debit_card','2025-07-21','TXN-1762553028183-XZ9DAMPRK','RCP-2024-000044','completed',NULL,'2025-11-07 22:03:48','2025-11-07 22:03:48'),(45,10,48,12047.00,'wallet','2025-08-17','TXN-1762553028199-GWELW4U2Z','RCP-2024-000045','completed',NULL,'2025-11-07 22:03:48','2025-11-07 22:03:48'),(46,10,49,15168.00,'wallet','2025-09-23','TXN-1762553028216-VYQCNN8RM','RCP-2024-000046','completed',NULL,'2025-11-07 22:03:48','2025-11-07 22:03:48'),(47,10,50,14597.00,'debit_card','2025-10-22','TXN-1762553028231-SQKCHFEJ5','RCP-2024-000047','completed',NULL,'2025-11-07 22:03:48','2025-11-07 22:03:48'),(48,11,51,8980.00,'upi','2025-06-21','TXN-1762553028248-L012FCZ4T','RCP-2024-000048','completed',NULL,'2025-11-07 22:03:48','2025-11-07 22:03:48'),(49,11,52,16004.00,'debit_card','2025-07-19','TXN-1762553028263-TC1BO6B23','RCP-2024-000049','completed',NULL,'2025-11-07 22:03:48','2025-11-07 22:03:48'),(50,11,53,16516.00,'wallet','2025-08-20','TXN-1762553028277-XZF4Y2Q4O','RCP-2024-000050','completed',NULL,'2025-11-07 22:03:48','2025-11-07 22:03:48'),(51,11,54,23360.00,'wallet','2025-09-19','TXN-1762553028293-6OF2KECZI','RCP-2024-000051','completed',NULL,'2025-11-07 22:03:48','2025-11-07 22:03:48'),(52,11,55,6214.00,'credit_card','2025-10-17','TXN-1762553028308-YAU108WRS','RCP-2024-000052','completed',NULL,'2025-11-07 22:03:48','2025-11-07 22:03:48'),(53,12,56,8113.00,'upi','2025-06-14','TXN-1762553028323-3GF0M471R','RCP-2024-000053','completed',NULL,'2025-11-07 22:03:48','2025-11-07 22:03:48'),(54,12,57,6315.00,'wallet','2025-07-21','TXN-1762553028339-ZB6TDMSOR','RCP-2024-000054','completed',NULL,'2025-11-07 22:03:48','2025-11-07 22:03:48'),(55,12,58,15505.00,'wallet','2025-08-15','TXN-1762553028353-JLV182VF3','RCP-2024-000055','completed',NULL,'2025-11-07 22:03:48','2025-11-07 22:03:48'),(56,12,59,13438.00,'bank_transfer','2025-09-14','TXN-1762553028369-PCUVW9JQ2','RCP-2024-000056','completed',NULL,'2025-11-07 22:03:48','2025-11-07 22:03:48'),(57,12,60,25162.00,'credit_card','2025-10-16','TXN-1762553028383-0BUFUL4C9','RCP-2024-000057','completed',NULL,'2025-11-07 22:03:48','2025-11-07 22:03:48'),(58,13,61,8946.00,'wallet','2025-06-20','TXN-1762553028401-RSWY5VBJ3','RCP-2024-000058','completed',NULL,'2025-11-07 22:03:48','2025-11-07 22:03:48'),(59,13,62,1359.00,'bank_transfer','2025-07-19','TXN-1762553028416-X9FIX0PQU','RCP-2024-000059','completed',NULL,'2025-11-07 22:03:48','2025-11-07 22:03:48'),(60,13,63,2145.00,'credit_card','2025-08-14','TXN-1762553028432-FY583I4G5','RCP-2024-000060','completed',NULL,'2025-11-07 22:03:48','2025-11-07 22:03:48'),(61,13,64,6663.00,'upi','2025-09-15','TXN-1762553028448-ZI650VA0L','RCP-2024-000061','completed',NULL,'2025-11-07 22:03:48','2025-11-07 22:03:48'),(62,13,65,8821.00,'credit_card','2025-10-17','TXN-1762553028465-BO23CU0SG','RCP-2024-000062','completed',NULL,'2025-11-07 22:03:48','2025-11-07 22:03:48'),(63,14,66,1378.00,'bank_transfer','2025-06-13','TXN-1762553028479-PYJSW8M9T','RCP-2024-000063','completed',NULL,'2025-11-07 22:03:48','2025-11-07 22:03:48'),(64,14,67,2519.00,'credit_card','2025-07-18','TXN-1762553028494-0JDG04B0D','RCP-2024-000064','completed',NULL,'2025-11-07 22:03:48','2025-11-07 22:03:48'),(65,14,69,1326.00,'wallet','2025-09-18','TXN-1762553028520-B0W3EZ4QE','RCP-2024-000065','completed',NULL,'2025-11-07 22:03:48','2025-11-07 22:03:48'),(66,14,70,3431.00,'bank_transfer','2025-10-17','TXN-1762553028537-V7BGZTO87','RCP-2024-000066','completed',NULL,'2025-11-07 22:03:48','2025-11-07 22:03:48'),(67,15,71,97525.00,'debit_card','2025-06-18','TXN-1762553028552-2DQXB6FJM','RCP-2024-000067','completed',NULL,'2025-11-07 22:03:48','2025-11-07 22:03:48'),(68,15,72,90111.00,'debit_card','2025-07-23','TXN-1762553028570-VGQ9ZNBPS','RCP-2024-000068','completed',NULL,'2025-11-07 22:03:48','2025-11-07 22:03:48'),(69,15,74,67934.00,'credit_card','2025-09-17','TXN-1762553028596-7MU7X4APL','RCP-2024-000069','completed',NULL,'2025-11-07 22:03:48','2025-11-07 22:03:48'),(70,15,75,59196.00,'wallet','2025-10-19','TXN-1762553028611-GYGF0KKHG','RCP-2024-000070','completed',NULL,'2025-11-07 22:03:48','2025-11-07 22:03:48'),(71,16,76,532.00,'upi','2025-06-13','TXN-1762553028627-4D5DDZYHH','RCP-2024-000071','completed',NULL,'2025-11-07 22:03:48','2025-11-07 22:03:48'),(72,16,77,2564.00,'debit_card','2025-07-17','TXN-1762553028644-YDP4U9V07','RCP-2024-000072','completed',NULL,'2025-11-07 22:03:48','2025-11-07 22:03:48'),(73,16,78,2621.00,'bank_transfer','2025-08-16','TXN-1762553028659-3KNDK44ZT','RCP-2024-000073','completed',NULL,'2025-11-07 22:03:48','2025-11-07 22:03:48'),(74,16,79,2194.00,'debit_card','2025-09-14','TXN-1762553028676-8BVSREUY9','RCP-2024-000074','completed',NULL,'2025-11-07 22:03:48','2025-11-07 22:03:48'),(75,16,80,577.00,'wallet','2025-10-21','TXN-1762553028692-O2VVDL1YH','RCP-2024-000075','completed',NULL,'2025-11-07 22:03:48','2025-11-07 22:03:48'),(76,17,81,628.00,'upi','2025-06-13','TXN-1762553028704-3U01U54YB','RCP-2024-000076','completed',NULL,'2025-11-07 22:03:48','2025-11-07 22:03:48'),(77,17,82,565.00,'debit_card','2025-07-18','TXN-1762553028721-MXGH4QW1Y','RCP-2024-000077','completed',NULL,'2025-11-07 22:03:48','2025-11-07 22:03:48'),(78,17,83,2722.00,'bank_transfer','2025-08-18','TXN-1762553028736-6D2G39KO2','RCP-2024-000078','completed',NULL,'2025-11-07 22:03:48','2025-11-07 22:03:48'),(79,17,84,1063.00,'debit_card','2025-09-22','TXN-1762553028754-L628GFN87','RCP-2024-000079','completed',NULL,'2025-11-07 22:03:48','2025-11-07 22:03:48'),(80,17,85,801.00,'credit_card','2025-10-22','TXN-1762553028770-QYOONN5U0','RCP-2024-000080','completed',NULL,'2025-11-07 22:03:48','2025-11-07 22:03:48'),(81,18,86,8813.00,'upi','2025-06-22','TXN-1762553028785-10IQNVECL','RCP-2024-000081','completed',NULL,'2025-11-07 22:03:48','2025-11-07 22:03:48'),(82,18,87,1320.00,'bank_transfer','2025-07-20','TXN-1762553028799-T1A9TEPCO','RCP-2024-000082','completed',NULL,'2025-11-07 22:03:48','2025-11-07 22:03:48'),(83,18,88,3721.00,'wallet','2025-08-21','TXN-1762553028812-LA51AIRBA','RCP-2024-000083','completed',NULL,'2025-11-07 22:03:48','2025-11-07 22:03:48'),(84,18,89,1305.00,'credit_card','2025-09-16','TXN-1762553028828-HI5T2W753','RCP-2024-000084','completed',NULL,'2025-11-07 22:03:48','2025-11-07 22:03:48'),(85,18,90,2243.00,'wallet','2025-10-15','TXN-1762553028843-AWRY55F8U','RCP-2024-000085','completed',NULL,'2025-11-07 22:03:48','2025-11-07 22:03:48'),(86,19,91,824.00,'upi','2025-06-13','TXN-1762553028861-JVSPGGV3I','RCP-2024-000086','completed',NULL,'2025-11-07 22:03:48','2025-11-07 22:03:48'),(87,19,92,2110.00,'debit_card','2025-07-18','TXN-1762553028875-C0ROXH1IZ','RCP-2024-000087','completed',NULL,'2025-11-07 22:03:48','2025-11-07 22:03:48'),(88,19,93,2801.00,'debit_card','2025-08-19','TXN-1762553028889-57JW6EMZA','RCP-2024-000088','completed',NULL,'2025-11-07 22:03:48','2025-11-07 22:03:48'),(89,19,94,1251.00,'upi','2025-09-14','TXN-1762553028904-VYRUXFXSP','RCP-2024-000089','completed',NULL,'2025-11-07 22:03:48','2025-11-07 22:03:48'),(90,19,95,846.00,'bank_transfer','2025-10-20','TXN-1762553028916-M8GGYERVW','RCP-2024-000090','completed',NULL,'2025-11-07 22:03:48','2025-11-07 22:03:48'),(91,20,96,2054.00,'bank_transfer','2025-06-22','TXN-1762553028932-B39Y4GUFL','RCP-2024-000091','completed',NULL,'2025-11-07 22:03:48','2025-11-07 22:03:48'),(92,20,97,696.00,'debit_card','2025-07-19','TXN-1762553028947-ZGVDVKJH5','RCP-2024-000092','completed',NULL,'2025-11-07 22:03:48','2025-11-07 22:03:48'),(93,20,98,3228.00,'bank_transfer','2025-08-18','TXN-1762553028959-0AEH5FCB4','RCP-2024-000093','completed',NULL,'2025-11-07 22:03:48','2025-11-07 22:03:48'),(94,20,99,1763.00,'credit_card','2025-09-14','TXN-1762553028977-9R2W35N1B','RCP-2024-000094','completed',NULL,'2025-11-07 22:03:48','2025-11-07 22:03:48'),(95,20,100,1123.00,'upi','2025-10-21','TXN-1762553028989-WTUAMX1SV','RCP-2024-000095','completed',NULL,'2025-11-07 22:03:48','2025-11-07 22:03:48'),(96,21,101,3512.00,'wallet','2025-06-19','TXN-1762553029005-74RTX7WKH','RCP-2024-000096','completed',NULL,'2025-11-07 22:03:49','2025-11-07 22:03:49'),(97,21,102,5361.00,'debit_card','2025-07-17','TXN-1762553029019-NXDVGRDBS','RCP-2024-000097','completed',NULL,'2025-11-07 22:03:49','2025-11-07 22:03:49'),(98,21,103,5625.00,'upi','2025-08-13','TXN-1762553029034-V6RYG4NTK','RCP-2024-000098','completed',NULL,'2025-11-07 22:03:49','2025-11-07 22:03:49'),(99,21,104,6339.00,'upi','2025-09-19','TXN-1762553029051-6VR7RMFMI','RCP-2024-000099','completed',NULL,'2025-11-07 22:03:49','2025-11-07 22:03:49'),(100,21,105,4880.00,'upi','2025-10-13','TXN-1762553029065-VPA3AQW6L','RCP-2024-000100','completed',NULL,'2025-11-07 22:03:49','2025-11-07 22:03:49'),(101,22,106,1191.00,'credit_card','2025-06-18','TXN-1762553029083-G6P4KQ64I','RCP-2024-000101','completed',NULL,'2025-11-07 22:03:49','2025-11-07 22:03:49'),(102,22,107,2936.00,'debit_card','2025-07-23','TXN-1762553029097-N9NO1QLDP','RCP-2024-000102','completed',NULL,'2025-11-07 22:03:49','2025-11-07 22:03:49'),(103,22,108,3070.00,'wallet','2025-08-14','TXN-1762553029111-DXA54N8B3','RCP-2024-000103','completed',NULL,'2025-11-07 22:03:49','2025-11-07 22:03:49'),(104,22,109,650.00,'bank_transfer','2025-09-16','TXN-1762553029127-37RCGQHPH','RCP-2024-000104','completed',NULL,'2025-11-07 22:03:49','2025-11-07 22:03:49'),(105,22,110,1206.00,'debit_card','2025-10-22','TXN-1762553029141-CRXQ35CSY','RCP-2024-000105','completed',NULL,'2025-11-07 22:03:49','2025-11-07 22:03:49'),(106,23,111,3924.00,'bank_transfer','2025-06-17','TXN-1762553029158-UG0VLJEIW','RCP-2024-000106','completed',NULL,'2025-11-07 22:03:49','2025-11-07 22:03:49'),(107,23,112,1831.00,'bank_transfer','2025-07-16','TXN-1762553029173-DOCVOSPN1','RCP-2024-000107','completed',NULL,'2025-11-07 22:03:49','2025-11-07 22:03:49'),(108,23,113,4493.00,'debit_card','2025-08-20','TXN-1762553029188-7UROTTPP7','RCP-2024-000108','completed',NULL,'2025-11-07 22:03:49','2025-11-07 22:03:49'),(109,23,114,1536.00,'credit_card','2025-09-21','TXN-1762553029205-7XJ670IIR','RCP-2024-000109','completed',NULL,'2025-11-07 22:03:49','2025-11-07 22:03:49'),(110,24,116,6038.00,'upi','2025-06-18','TXN-1762553029229-74I7110PG','RCP-2024-000110','completed',NULL,'2025-11-07 22:03:49','2025-11-07 22:03:49'),(111,24,117,1757.00,'bank_transfer','2025-07-20','TXN-1762553029245-II2RC1NY3','RCP-2024-000111','completed',NULL,'2025-11-07 22:03:49','2025-11-07 22:03:49'),(112,24,118,3555.00,'debit_card','2025-08-19','TXN-1762553029260-QUE0MV3Z6','RCP-2024-000112','completed',NULL,'2025-11-07 22:03:49','2025-11-07 22:03:49'),(113,24,119,7377.00,'upi','2025-09-15','TXN-1762553029277-3QNAEY4Z1','RCP-2024-000113','completed',NULL,'2025-11-07 22:03:49','2025-11-07 22:03:49'),(114,24,120,4340.00,'debit_card','2025-10-19','TXN-1762553029292-Z6ZENF2U9','RCP-2024-000114','completed',NULL,'2025-11-07 22:03:49','2025-11-07 22:03:49'),(115,25,121,1810.00,'bank_transfer','2025-06-19','TXN-1762553029306-W7XFAOPWU','RCP-2024-000115','completed',NULL,'2025-11-07 22:03:49','2025-11-07 22:03:49'),(116,25,122,520.00,'wallet','2025-07-16','TXN-1762553029322-QY1OCM7UF','RCP-2024-000116','completed',NULL,'2025-11-07 22:03:49','2025-11-07 22:03:49'),(117,25,123,2554.00,'upi','2025-08-22','TXN-1762553029337-0TJZ2BAQG','RCP-2024-000117','completed',NULL,'2025-11-07 22:03:49','2025-11-07 22:03:49'),(118,25,124,793.00,'upi','2025-09-14','TXN-1762553029350-FCWD3MRZO','RCP-2024-000118','completed',NULL,'2025-11-07 22:03:49','2025-11-07 22:03:49'),(119,25,125,2073.00,'bank_transfer','2025-10-23','TXN-1762553029366-ZHP600CIL','RCP-2024-000119','completed',NULL,'2025-11-07 22:03:49','2025-11-07 22:03:49'),(120,26,126,116322.00,'credit_card','2025-06-21','TXN-1762553029382-QQKKKRGGG','RCP-2024-000120','completed',NULL,'2025-11-07 22:03:49','2025-11-07 22:03:49'),(121,26,127,99236.00,'upi','2025-07-16','TXN-1762553029398-6EJ0Z5T46','RCP-2024-000121','completed',NULL,'2025-11-07 22:03:49','2025-11-07 22:03:49'),(122,26,128,80225.00,'upi','2025-08-18','TXN-1762553029411-X6DSUT4BU','RCP-2024-000122','completed',NULL,'2025-11-07 22:03:49','2025-11-07 22:03:49'),(123,26,129,98640.00,'bank_transfer','2025-09-14','TXN-1762553029426-179UR2QUZ','RCP-2024-000123','completed',NULL,'2025-11-07 22:03:49','2025-11-07 22:03:49'),(124,26,130,118715.00,'bank_transfer','2025-10-13','TXN-1762553029443-VINLAYD7E','RCP-2024-000124','completed',NULL,'2025-11-07 22:03:49','2025-11-07 22:03:49'),(125,27,131,4923.00,'wallet','2025-06-19','TXN-1762553029460-1K3JG6J7Y','RCP-2024-000125','completed',NULL,'2025-11-07 22:03:49','2025-11-07 22:03:49'),(126,27,132,7032.00,'wallet','2025-07-22','TXN-1762553029473-7MQUU8RPT','RCP-2024-000126','completed',NULL,'2025-11-07 22:03:49','2025-11-07 22:03:49'),(127,27,133,4187.00,'upi','2025-08-19','TXN-1762553029489-MYZ4BLT0Q','RCP-2024-000127','completed',NULL,'2025-11-07 22:03:49','2025-11-07 22:03:49'),(128,27,134,6127.00,'debit_card','2025-09-21','TXN-1762553029504-T5ZUFEQBF','RCP-2024-000128','completed',NULL,'2025-11-07 22:03:49','2025-11-07 22:03:49'),(129,27,135,2243.00,'upi','2025-10-19','TXN-1762553029521-MDRH3QAGD','RCP-2024-000129','completed',NULL,'2025-11-07 22:03:49','2025-11-07 22:03:49'),(130,28,136,1176.00,'bank_transfer','2025-06-18','TXN-1762553029537-HE540M0RR','RCP-2024-000130','completed',NULL,'2025-11-07 22:03:49','2025-11-07 22:03:49'),(131,28,137,2958.00,'debit_card','2025-07-13','TXN-1762553029554-08KL8BT1V','RCP-2024-000131','completed',NULL,'2025-11-07 22:03:49','2025-11-07 22:03:49'),(132,28,138,1519.00,'bank_transfer','2025-08-21','TXN-1762553029570-4R3AE0GZ3','RCP-2024-000132','completed',NULL,'2025-11-07 22:03:49','2025-11-07 22:03:49'),(133,28,139,526.00,'bank_transfer','2025-09-15','TXN-1762553029586-44U2S3M3E','RCP-2024-000133','completed',NULL,'2025-11-07 22:03:49','2025-11-07 22:03:49'),(134,28,140,1378.00,'bank_transfer','2025-10-21','TXN-1762553029603-ZLDRV8YRP','RCP-2024-000134','completed',NULL,'2025-11-07 22:03:49','2025-11-07 22:03:49'),(135,29,141,3375.00,'bank_transfer','2025-06-15','TXN-1762553029619-PU6V6S1SH','RCP-2024-000135','completed',NULL,'2025-11-07 22:03:49','2025-11-07 22:03:49'),(136,29,142,3251.00,'upi','2025-07-13','TXN-1762553029635-2MVDIDDC9','RCP-2024-000136','completed',NULL,'2025-11-07 22:03:49','2025-11-07 22:03:49'),(137,29,143,1772.00,'upi','2025-08-13','TXN-1762553029650-ZQGM4XV00','RCP-2024-000137','completed',NULL,'2025-11-07 22:03:49','2025-11-07 22:03:49'),(138,29,144,2869.00,'upi','2025-09-20','TXN-1762553029665-3RLIQNIF8','RCP-2024-000138','completed',NULL,'2025-11-07 22:03:49','2025-11-07 22:03:49'),(139,29,145,966.00,'upi','2025-10-13','TXN-1762553029682-3LUR1UNBB','RCP-2024-000139','completed',NULL,'2025-11-07 22:03:49','2025-11-07 22:03:49'),(140,30,146,1998.00,'upi','2025-06-18','TXN-1762553029698-D5DV9JREJ','RCP-2024-000140','completed',NULL,'2025-11-07 22:03:49','2025-11-07 22:03:49'),(141,30,147,1566.00,'debit_card','2025-07-19','TXN-1762553029714-DEAJTOGUU','RCP-2024-000141','completed',NULL,'2025-11-07 22:03:49','2025-11-07 22:03:49'),(142,30,148,3149.00,'bank_transfer','2025-08-13','TXN-1762553029729-GWQBVRBT6','RCP-2024-000142','completed',NULL,'2025-11-07 22:03:49','2025-11-07 22:03:49'),(143,30,149,1161.00,'wallet','2025-09-18','TXN-1762553029745-01JEH0VYK','RCP-2024-000143','completed',NULL,'2025-11-07 22:03:49','2025-11-07 22:03:49'),(144,30,150,1856.00,'upi','2025-10-17','TXN-1762553029761-6XDITIQVM','RCP-2024-000144','completed',NULL,'2025-11-07 22:03:49','2025-11-07 22:03:49'),(145,31,151,104041.00,'wallet','2025-06-20','TXN-1762553029777-MY8FFT9MK','RCP-2024-000145','completed',NULL,'2025-11-07 22:03:49','2025-11-07 22:03:49'),(146,31,152,55479.00,'credit_card','2025-07-15','TXN-1762553029793-PJ00TG90Z','RCP-2024-000146','completed',NULL,'2025-11-07 22:03:49','2025-11-07 22:03:49'),(147,31,153,120084.00,'debit_card','2025-08-18','TXN-1762553029808-BY22BHZ2X','RCP-2024-000147','completed',NULL,'2025-11-07 22:03:49','2025-11-07 22:03:49'),(148,31,155,70771.00,'bank_transfer','2025-10-19','TXN-1762553029835-I6662F0SY','RCP-2024-000148','completed',NULL,'2025-11-07 22:03:49','2025-11-07 22:03:49'),(149,32,156,1948.00,'wallet','2025-06-14','TXN-1762553029849-Y02XIUOR1','RCP-2024-000149','completed',NULL,'2025-11-07 22:03:49','2025-11-07 22:03:49'),(150,32,157,8645.00,'credit_card','2025-07-21','TXN-1762553029865-7N8F3K0LS','RCP-2024-000150','completed',NULL,'2025-11-07 22:03:49','2025-11-07 22:03:49'),(151,32,158,3905.00,'debit_card','2025-08-22','TXN-1762553029881-FNFCTERCG','RCP-2024-000151','completed',NULL,'2025-11-07 22:03:49','2025-11-07 22:03:49'),(152,32,159,5736.00,'debit_card','2025-09-16','TXN-1762553029900-KBP4FQOSZ','RCP-2024-000152','completed',NULL,'2025-11-07 22:03:49','2025-11-07 22:03:49'),(153,32,160,4604.00,'debit_card','2025-10-19','TXN-1762553029914-15WD6TSY4','RCP-2024-000153','completed',NULL,'2025-11-07 22:03:49','2025-11-07 22:03:49'),(154,33,161,160677.00,'credit_card','2025-06-20','TXN-1762553029930-Y6TVEI6AD','RCP-2024-000154','completed',NULL,'2025-11-07 22:03:49','2025-11-07 22:03:49'),(155,33,162,153772.00,'debit_card','2025-07-19','TXN-1762553029945-7HC6XBTRP','RCP-2024-000155','completed',NULL,'2025-11-07 22:03:49','2025-11-07 22:03:49'),(156,33,163,98628.00,'bank_transfer','2025-08-18','TXN-1762553029959-300WH80U3','RCP-2024-000156','completed',NULL,'2025-11-07 22:03:49','2025-11-07 22:03:49'),(157,33,164,98937.00,'wallet','2025-09-20','TXN-1762553029974-H8882Q3XD','RCP-2024-000157','completed',NULL,'2025-11-07 22:03:49','2025-11-07 22:03:49'),(158,33,165,82431.00,'wallet','2025-10-21','TXN-1762553029990-OAPXYD21U','RCP-2024-000158','completed',NULL,'2025-11-07 22:03:49','2025-11-07 22:03:49'),(159,34,167,17440.00,'wallet','2025-07-13','TXN-1762553030018-TBW92VEJF','RCP-2024-000159','completed',NULL,'2025-11-07 22:03:50','2025-11-07 22:03:50'),(160,34,168,6813.00,'debit_card','2025-08-15','TXN-1762553030032-D4UAIFTMG','RCP-2024-000160','completed',NULL,'2025-11-07 22:03:50','2025-11-07 22:03:50'),(161,34,169,13145.00,'credit_card','2025-09-15','TXN-1762553030047-MWIP880L6','RCP-2024-000161','completed',NULL,'2025-11-07 22:03:50','2025-11-07 22:03:50'),(162,34,170,8954.00,'credit_card','2025-10-21','TXN-1762553030063-4V5R229R4','RCP-2024-000162','completed',NULL,'2025-11-07 22:03:50','2025-11-07 22:03:50'),(163,35,171,3308.00,'bank_transfer','2025-06-18','TXN-1762553030078-KF1PIZ8G4','RCP-2024-000163','completed',NULL,'2025-11-07 22:03:50','2025-11-07 22:03:50'),(164,35,172,2621.00,'bank_transfer','2025-07-16','TXN-1762553030097-TM5FBXSUM','RCP-2024-000164','completed',NULL,'2025-11-07 22:03:50','2025-11-07 22:03:50'),(165,35,173,2138.00,'debit_card','2025-08-19','TXN-1762553030112-241W71RMW','RCP-2024-000165','completed',NULL,'2025-11-07 22:03:50','2025-11-07 22:03:50'),(166,35,174,733.00,'debit_card','2025-09-15','TXN-1762553030128-J03R66M5J','RCP-2024-000166','completed',NULL,'2025-11-07 22:03:50','2025-11-07 22:03:50'),(167,35,175,1289.00,'upi','2025-10-19','TXN-1762553030143-YMHJN7819','RCP-2024-000167','completed',NULL,'2025-11-07 22:03:50','2025-11-07 22:03:50'),(168,36,176,1698.00,'credit_card','2025-06-15','TXN-1762553030158-1U2THW9BY','RCP-2024-000168','completed',NULL,'2025-11-07 22:03:50','2025-11-07 22:03:50'),(169,36,177,4973.00,'credit_card','2025-07-16','TXN-1762553030173-NVBFWSHDD','RCP-2024-000169','completed',NULL,'2025-11-07 22:03:50','2025-11-07 22:03:50'),(170,36,178,4463.00,'credit_card','2025-08-22','TXN-1762553030186-6ILC9UK5J','RCP-2024-000170','completed',NULL,'2025-11-07 22:03:50','2025-11-07 22:03:50'),(171,36,179,2371.00,'debit_card','2025-09-15','TXN-1762553030204-XU17LOZ16','RCP-2024-000171','completed',NULL,'2025-11-07 22:03:50','2025-11-07 22:03:50'),(172,36,180,2228.00,'upi','2025-10-18','TXN-1762553030219-ZDR08EHZ1','RCP-2024-000172','completed',NULL,'2025-11-07 22:03:50','2025-11-07 22:03:50'),(173,37,181,160788.00,'credit_card','2025-06-17','TXN-1762553030234-GC07RXZK4','RCP-2024-000173','completed',NULL,'2025-11-07 22:03:50','2025-11-07 22:03:50'),(174,37,182,149111.00,'upi','2025-07-20','TXN-1762553030251-HUDNRQW25','RCP-2024-000174','completed',NULL,'2025-11-07 22:03:50','2025-11-07 22:03:50'),(175,37,183,143538.00,'bank_transfer','2025-08-22','TXN-1762553030265-LAX0PUE53','RCP-2024-000175','completed',NULL,'2025-11-07 22:03:50','2025-11-07 22:03:50'),(176,37,185,104880.00,'credit_card','2025-10-18','TXN-1762553030291-UOZ126UQC','RCP-2024-000176','completed',NULL,'2025-11-07 22:03:50','2025-11-07 22:03:50'),(177,38,186,20854.00,'upi','2025-06-16','TXN-1762553030305-5DQ1APGHI','RCP-2024-000177','completed',NULL,'2025-11-07 22:03:50','2025-11-07 22:03:50'),(178,38,187,10241.00,'bank_transfer','2025-07-20','TXN-1762553030321-BXLK31O1N','RCP-2024-000178','completed',NULL,'2025-11-07 22:03:50','2025-11-07 22:03:50'),(179,38,188,12955.00,'wallet','2025-08-21','TXN-1762553030336-DPG8JQN4X','RCP-2024-000179','completed',NULL,'2025-11-07 22:03:50','2025-11-07 22:03:50'),(180,38,189,6431.00,'credit_card','2025-09-14','TXN-1762553030351-TMMJ743W2','RCP-2024-000180','completed',NULL,'2025-11-07 22:03:50','2025-11-07 22:03:50'),(181,38,190,17997.00,'credit_card','2025-10-15','TXN-1762553030367-3F422ERM3','RCP-2024-000181','completed',NULL,'2025-11-07 22:03:50','2025-11-07 22:03:50'),(182,39,191,7989.00,'upi','2025-06-16','TXN-1762553030382-GHQTROKIP','RCP-2024-000182','completed',NULL,'2025-11-07 22:03:50','2025-11-07 22:03:50'),(183,39,192,4267.00,'upi','2025-07-13','TXN-1762553030396-ZHD9KC01O','RCP-2024-000183','completed',NULL,'2025-11-07 22:03:50','2025-11-07 22:03:50'),(184,39,193,3929.00,'wallet','2025-08-15','TXN-1762553030412-VMKMKE2A7','RCP-2024-000184','completed',NULL,'2025-11-07 22:03:50','2025-11-07 22:03:50'),(185,39,194,4236.00,'debit_card','2025-09-19','TXN-1762553030428-1QAVTI7NK','RCP-2024-000185','completed',NULL,'2025-11-07 22:03:50','2025-11-07 22:03:50'),(186,39,195,5809.00,'wallet','2025-10-20','TXN-1762553030445-NOLQILUCX','RCP-2024-000186','completed',NULL,'2025-11-07 22:03:50','2025-11-07 22:03:50'),(187,40,197,7297.00,'upi','2025-07-22','TXN-1762553030470-Z5LAA8ZRI','RCP-2024-000187','completed',NULL,'2025-11-07 22:03:50','2025-11-07 22:03:50'),(188,40,198,1964.00,'bank_transfer','2025-08-18','TXN-1762553030487-3GCRFTK6X','RCP-2024-000188','completed',NULL,'2025-11-07 22:03:50','2025-11-07 22:03:50'),(189,40,199,7783.00,'debit_card','2025-09-13','TXN-1762553030502-19W8T8JV9','RCP-2024-000189','completed',NULL,'2025-11-07 22:03:50','2025-11-07 22:03:50'),(190,40,200,5750.00,'upi','2025-10-14','TXN-1762553030516-JPX6RSQ6G','RCP-2024-000190','completed',NULL,'2025-11-07 22:03:50','2025-11-07 22:03:50'),(191,41,201,1003.00,'bank_transfer','2025-06-19','TXN-1762553030533-4ALX48P64','RCP-2024-000191','completed',NULL,'2025-11-07 22:03:50','2025-11-07 22:03:50'),(192,41,202,1342.00,'credit_card','2025-07-20','TXN-1762553030547-4D2D04124','RCP-2024-000192','completed',NULL,'2025-11-07 22:03:50','2025-11-07 22:03:50'),(193,41,203,543.00,'upi','2025-08-13','TXN-1762553030563-3TWQ39POZ','RCP-2024-000193','completed',NULL,'2025-11-07 22:03:50','2025-11-07 22:03:50'),(194,41,204,1296.00,'credit_card','2025-09-18','TXN-1762553030578-QWKT18R3S','RCP-2024-000194','completed',NULL,'2025-11-07 22:03:50','2025-11-07 22:03:50'),(195,42,206,16898.00,'bank_transfer','2025-06-19','TXN-1762553030604-MDIDYNII9','RCP-2024-000195','completed',NULL,'2025-11-07 22:03:50','2025-11-07 22:03:50'),(196,42,207,13262.00,'wallet','2025-07-13','TXN-1762553030619-TTRSFYWDA','RCP-2024-000196','completed',NULL,'2025-11-07 22:03:50','2025-11-07 22:03:50'),(197,42,208,16722.00,'credit_card','2025-08-15','TXN-1762553030634-H3VK4LTNN','RCP-2024-000197','completed',NULL,'2025-11-07 22:03:50','2025-11-07 22:03:50'),(198,42,209,25134.00,'upi','2025-09-15','TXN-1762553030650-X5BLK5UKS','RCP-2024-000198','completed',NULL,'2025-11-07 22:03:50','2025-11-07 22:03:50'),(199,42,210,17131.00,'upi','2025-10-13','TXN-1762553030667-TQCJMAS6L','RCP-2024-000199','completed',NULL,'2025-11-07 22:03:50','2025-11-07 22:03:50'),(200,43,211,51341.00,'credit_card','2025-06-23','TXN-1762553030682-QYBECNZEI','RCP-2024-000200','completed',NULL,'2025-11-07 22:03:50','2025-11-07 22:03:50'),(201,43,212,55069.00,'upi','2025-07-21','TXN-1762553030698-EKW30T5OL','RCP-2024-000201','completed',NULL,'2025-11-07 22:03:50','2025-11-07 22:03:50'),(202,43,213,70670.00,'bank_transfer','2025-08-23','TXN-1762553030713-QPWYQRC90','RCP-2024-000202','completed',NULL,'2025-11-07 22:03:50','2025-11-07 22:03:50'),(203,43,214,69810.00,'wallet','2025-09-14','TXN-1762553030729-5S1XW6SH2','RCP-2024-000203','completed',NULL,'2025-11-07 22:03:50','2025-11-07 22:03:50'),(204,43,215,80291.00,'upi','2025-10-22','TXN-1762553030744-83N9T0AXB','RCP-2024-000204','completed',NULL,'2025-11-07 22:03:50','2025-11-07 22:03:50'),(205,44,216,1744.00,'credit_card','2025-06-22','TXN-1762553030762-T8OBJ74N1','RCP-2024-000205','completed',NULL,'2025-11-07 22:03:50','2025-11-07 22:03:50'),(206,44,217,1018.00,'wallet','2025-07-23','TXN-1762553030777-SYGEGBZH6','RCP-2024-000206','completed',NULL,'2025-11-07 22:03:50','2025-11-07 22:03:50'),(207,44,218,719.00,'wallet','2025-08-18','TXN-1762553030791-DWD3RVFSZ','RCP-2024-000207','completed',NULL,'2025-11-07 22:03:50','2025-11-07 22:03:50'),(208,44,219,3228.00,'debit_card','2025-09-16','TXN-1762553030807-SIF7MY7M9','RCP-2024-000208','completed',NULL,'2025-11-07 22:03:50','2025-11-07 22:03:50'),(209,44,220,565.00,'bank_transfer','2025-10-17','TXN-1762553030821-NEBXIXD3M','RCP-2024-000209','completed',NULL,'2025-11-07 22:03:50','2025-11-07 22:03:50'),(210,45,221,7620.00,'wallet','2025-06-16','TXN-1762553030838-DYDFSTZ0I','RCP-2024-000210','completed',NULL,'2025-11-07 22:03:50','2025-11-07 22:03:50'),(211,45,222,6075.00,'bank_transfer','2025-07-13','TXN-1762553030853-6NP5OEISW','RCP-2024-000211','completed',NULL,'2025-11-07 22:03:50','2025-11-07 22:03:50'),(212,45,223,4930.00,'credit_card','2025-08-19','TXN-1762553030868-BJE18H4QE','RCP-2024-000212','completed',NULL,'2025-11-07 22:03:50','2025-11-07 22:03:50'),(213,45,224,7790.00,'debit_card','2025-09-18','TXN-1762553030883-3QBFBCD9Q','RCP-2024-000213','completed',NULL,'2025-11-07 22:03:50','2025-11-07 22:03:50'),(214,45,225,2155.00,'upi','2025-10-18','TXN-1762553030899-E4BS33RIS','RCP-2024-000214','completed',NULL,'2025-11-07 22:03:50','2025-11-07 22:03:50'),(215,46,226,20899.00,'bank_transfer','2025-06-17','TXN-1762553030914-EQEFLQ9AO','RCP-2024-000215','completed',NULL,'2025-11-07 22:03:50','2025-11-07 22:03:50'),(216,46,227,22071.00,'upi','2025-07-22','TXN-1762553030929-N40RG3FHB','RCP-2024-000216','completed',NULL,'2025-11-07 22:03:50','2025-11-07 22:03:50'),(217,46,228,19037.00,'bank_transfer','2025-08-15','TXN-1762553030943-4005FFEXH','RCP-2024-000217','completed',NULL,'2025-11-07 22:03:50','2025-11-07 22:03:50'),(218,46,229,22951.00,'bank_transfer','2025-09-23','TXN-1762553030960-X3OQ3AVFN','RCP-2024-000218','completed',NULL,'2025-11-07 22:03:50','2025-11-07 22:03:50'),(219,46,230,17528.00,'credit_card','2025-10-23','TXN-1762553030975-RA6XWUCZZ','RCP-2024-000219','completed',NULL,'2025-11-07 22:03:50','2025-11-07 22:03:50'),(220,47,231,149407.00,'credit_card','2025-06-14','TXN-1762553030992-VUHX092CP','RCP-2024-000220','completed',NULL,'2025-11-07 22:03:50','2025-11-07 22:03:50'),(221,47,232,129171.00,'upi','2025-07-19','TXN-1762553031005-3H7H7TAPF','RCP-2024-000221','completed',NULL,'2025-11-07 22:03:51','2025-11-07 22:03:51'),(222,47,233,130886.00,'bank_transfer','2025-08-23','TXN-1762553031018-X86E8BETW','RCP-2024-000222','completed',NULL,'2025-11-07 22:03:51','2025-11-07 22:03:51'),(223,47,234,144400.00,'upi','2025-09-17','TXN-1762553031033-S3ZVU84DN','RCP-2024-000223','completed',NULL,'2025-11-07 22:03:51','2025-11-07 22:03:51'),(224,47,235,132785.00,'upi','2025-10-18','TXN-1762553031048-GMO0I6E4O','RCP-2024-000224','completed',NULL,'2025-11-07 22:03:51','2025-11-07 22:03:51'),(225,48,236,10496.00,'debit_card','2025-06-14','TXN-1762553031065-LNZU9MAEW','RCP-2024-000225','completed',NULL,'2025-11-07 22:03:51','2025-11-07 22:03:51'),(226,48,237,19756.00,'debit_card','2025-07-14','TXN-1762553031081-VQBMLOOE7','RCP-2024-000226','completed',NULL,'2025-11-07 22:03:51','2025-11-07 22:03:51'),(227,48,238,10356.00,'upi','2025-08-17','TXN-1762553031098-WRGQF1CQD','RCP-2024-000227','completed',NULL,'2025-11-07 22:03:51','2025-11-07 22:03:51'),(228,48,239,5335.00,'debit_card','2025-09-21','TXN-1762553031112-BNHNS3RG3','RCP-2024-000228','completed',NULL,'2025-11-07 22:03:51','2025-11-07 22:03:51'),(229,48,240,16033.00,'wallet','2025-10-16','TXN-1762553031126-AB9RDT2PS','RCP-2024-000229','completed',NULL,'2025-11-07 22:03:51','2025-11-07 22:03:51'),(230,49,241,3308.00,'wallet','2025-06-21','TXN-1762553031143-7KRXER56H','RCP-2024-000230','completed',NULL,'2025-11-07 22:03:51','2025-11-07 22:03:51'),(231,49,242,2194.00,'upi','2025-07-14','TXN-1762553031157-MP1K0Z7GO','RCP-2024-000231','completed',NULL,'2025-11-07 22:03:51','2025-11-07 22:03:51'),(232,49,243,673.00,'wallet','2025-08-21','TXN-1762553031175-ID525X7QF','RCP-2024-000232','completed',NULL,'2025-11-07 22:03:51','2025-11-07 22:03:51'),(233,49,244,583.00,'credit_card','2025-09-15','TXN-1762553031190-PXQN32HY3','RCP-2024-000233','completed',NULL,'2025-11-07 22:03:51','2025-11-07 22:03:51'),(234,49,245,1371.00,'wallet','2025-10-17','TXN-1762553031206-HLVATZAXB','RCP-2024-000234','completed',NULL,'2025-11-07 22:03:51','2025-11-07 22:03:51'),(235,50,246,2420.00,'credit_card','2025-06-15','TXN-1762553031221-BLEX9P5ZI','RCP-2024-000235','completed',NULL,'2025-11-07 22:03:51','2025-11-07 22:03:51'),(236,50,247,6582.00,'credit_card','2025-07-14','TXN-1762553031236-KPIX730PY','RCP-2024-000236','completed',NULL,'2025-11-07 22:03:51','2025-11-07 22:03:51'),(237,50,248,1728.00,'credit_card','2025-08-23','TXN-1762553031252-DQMU6GTYP','RCP-2024-000237','completed',NULL,'2025-11-07 22:03:51','2025-11-07 22:03:51'),(238,50,249,2794.00,'bank_transfer','2025-09-23','TXN-1762553031266-FXRCVJ408','RCP-2024-000238','completed',NULL,'2025-11-07 22:03:51','2025-11-07 22:03:51'),(239,50,250,7356.00,'credit_card','2025-10-13','TXN-1762553031281-K7PC6VOC0','RCP-2024-000239','completed',NULL,'2025-11-07 22:03:51','2025-11-07 22:03:51'),(240,52,251,20943.00,'credit_card','2025-10-13','TXN-1762553031305-1R6KROSOQ','RCP-2024-000240','completed',NULL,'2025-11-07 22:03:51','2025-11-07 22:03:51'),(241,53,252,3684.00,'credit_card','2025-09-22','TXN-1762553031320-F6VZNSYV0','RCP-2024-000241','completed',NULL,'2025-11-07 22:03:51','2025-11-07 22:03:51'),(242,53,253,8143.00,'upi','2025-10-16','TXN-1762553031334-9N2LXMS5Z','RCP-2024-000242','completed',NULL,'2025-11-07 22:03:51','2025-11-07 22:03:51'),(243,1,254,11192.00,'wallet','2025-11-07','TXN-1762553743740-SAZ9ECXKZ','RCP-2025-53743740','completed',NULL,'2025-11-07 22:15:43','2025-11-07 22:15:43');
/*!40000 ALTER TABLE `payments` ENABLE KEYS */;
UNLOCK TABLES;

--
-- Table structure for table `reading_requests`
--

DROP TABLE IF EXISTS `reading_requests`;
/*!40101 SET @saved_cs_client     = @@character_set_client */;
/*!50503 SET character_set_client = utf8mb4 */;
CREATE TABLE `reading_requests` (
  `id` int NOT NULL AUTO_INCREMENT,
  `request_number` varchar(50) NOT NULL,
  `customer_id` int NOT NULL,
  `request_date` timestamp NOT NULL DEFAULT CURRENT_TIMESTAMP,
  `preferred_date` date DEFAULT NULL,
  `request_reason` text,
  `priority` enum('normal','urgent') NOT NULL DEFAULT 'normal',
  `status` enum('pending','assigned','completed','cancelled') NOT NULL DEFAULT 'pending',
  `notes` text,
  `work_order_id` int DEFAULT NULL,
  `assigned_date` timestamp NULL DEFAULT NULL,
  `completed_date` timestamp NULL DEFAULT NULL,
  `created_at` timestamp NOT NULL DEFAULT CURRENT_TIMESTAMP,
  `updated_at` timestamp NOT NULL DEFAULT CURRENT_TIMESTAMP ON UPDATE CURRENT_TIMESTAMP,
  PRIMARY KEY (`id`),
  UNIQUE KEY `request_number` (`request_number`),
  KEY `idx_status` (`status`),
  KEY `idx_customer_id` (`customer_id`),
  KEY `idx_request_date` (`request_date`),
  KEY `reading_requests_ibfk_2` (`work_order_id`),
  CONSTRAINT `reading_requests_ibfk_1` FOREIGN KEY (`customer_id`) REFERENCES `customers` (`id`) ON DELETE CASCADE,
  CONSTRAINT `reading_requests_ibfk_2` FOREIGN KEY (`work_order_id`) REFERENCES `work_orders` (`id`) ON DELETE SET NULL
) ENGINE=InnoDB AUTO_INCREMENT=5 DEFAULT CHARSET=utf8mb4 COLLATE=utf8mb4_0900_ai_ci;
/*!40101 SET character_set_client = @saved_cs_client */;

--
-- Dumping data for table `reading_requests`
--

LOCK TABLES `reading_requests` WRITE;
/*!40000 ALTER TABLE `reading_requests` DISABLE KEYS */;
INSERT INTO `reading_requests` VALUES (1,'RR-1761908653831-84',48,'2025-10-31 11:04:13','2025-10-31','Request Type: regular\nPreferred Time: morning\nContact: 03164479797\nAlternate: \n\nAccess Instructions:\nNone provided','normal','pending',NULL,NULL,NULL,NULL,'2025-10-31 11:04:13','2025-10-31 11:04:13'),(2,'RR-1761909775654-590',6,'2025-10-31 11:22:55','2025-10-31','Request Type: regular\nPreferred Time: morning\nContact: 03164976456\nAlternate: \n\nAccess Instructions:\nNone provided','normal','assigned',NULL,39,'2025-10-31 06:38:23',NULL,'2025-10-31 11:22:55','2025-10-31 11:38:22'),(3,'RR-1762553399526-66',1,'2025-11-07 22:09:59','2025-11-08','Request Type: regular\nPreferred Time: morning\nContact: 03154987867\nAlternate: \n\nAccess Instructions:\nNone provided','normal','pending',NULL,NULL,NULL,NULL,'2025-11-07 22:09:59','2025-11-07 22:09:59'),(4,'RR-1762553407062-176',1,'2025-11-07 22:10:07','2025-11-08','Request Type: regular\nPreferred Time: morning\nContact: 03154987867\nAlternate: \n\nAccess Instructions:\nNone provided','normal','assigned',NULL,21,'2025-11-07 17:11:20',NULL,'2025-11-07 22:10:07','2025-11-07 22:11:20');
/*!40000 ALTER TABLE `reading_requests` ENABLE KEYS */;
UNLOCK TABLES;

--
-- Table structure for table `tariff_slabs`
--

DROP TABLE IF EXISTS `tariff_slabs`;
/*!40101 SET @saved_cs_client     = @@character_set_client */;
/*!50503 SET character_set_client = utf8mb4 */;
CREATE TABLE `tariff_slabs` (
  `id` int NOT NULL AUTO_INCREMENT,
  `tariff_id` int NOT NULL,
  `slab_order` int NOT NULL,
  `start_units` int NOT NULL,
  `end_units` int DEFAULT NULL,
  `rate_per_unit` decimal(10,2) NOT NULL,
  `created_at` timestamp NOT NULL DEFAULT CURRENT_TIMESTAMP,
  PRIMARY KEY (`id`),
  UNIQUE KEY `unique_tariff_slab` (`tariff_id`,`slab_order`),
  KEY `idx_tariff_slabs_tariff_id` (`tariff_id`),
  CONSTRAINT `tariff_slabs_tariff_id_tariffs_id_fk` FOREIGN KEY (`tariff_id`) REFERENCES `tariffs` (`id`) ON DELETE CASCADE,
  CONSTRAINT `check_positive_rate` CHECK ((`rate_per_unit` > 0)),
  CONSTRAINT `check_slab_units` CHECK (((`end_units` is null) or (`end_units` > `start_units`)))
) ENGINE=InnoDB AUTO_INCREMENT=21 DEFAULT CHARSET=utf8mb4 COLLATE=utf8mb4_0900_ai_ci;
/*!40101 SET character_set_client = @saved_cs_client */;

--
-- Dumping data for table `tariff_slabs`
--

LOCK TABLES `tariff_slabs` WRITE;
/*!40000 ALTER TABLE `tariff_slabs` DISABLE KEYS */;
INSERT INTO `tariff_slabs` VALUES (1,1,1,0,100,4.50,'2025-11-07 22:03:47'),(2,1,2,101,200,6.00,'2025-11-07 22:03:47'),(3,1,3,201,300,7.50,'2025-11-07 22:03:47'),(4,1,4,301,500,9.00,'2025-11-07 22:03:47'),(5,1,5,501,NULL,10.50,'2025-11-07 22:03:47'),(6,2,1,0,200,7.00,'2025-11-07 22:03:47'),(7,2,2,201,500,8.50,'2025-11-07 22:03:47'),(8,2,3,501,1000,10.00,'2025-11-07 22:03:47'),(9,2,4,1001,2000,11.50,'2025-11-07 22:03:47'),(10,2,5,2001,NULL,13.00,'2025-11-07 22:03:47'),(11,3,1,0,1000,6.50,'2025-11-07 22:03:47'),(12,3,2,1001,5000,7.50,'2025-11-07 22:03:47'),(13,3,3,5001,10000,8.50,'2025-11-07 22:03:47'),(14,3,4,10001,20000,9.50,'2025-11-07 22:03:47'),(15,3,5,20001,NULL,10.50,'2025-11-07 22:03:47'),(16,4,1,0,200,3.00,'2025-11-07 22:03:47'),(17,4,2,201,500,4.00,'2025-11-07 22:03:47'),(18,4,3,501,1000,5.00,'2025-11-07 22:03:47'),(19,4,4,1001,2000,6.00,'2025-11-07 22:03:47'),(20,4,5,2001,NULL,7.00,'2025-11-07 22:03:47');
/*!40000 ALTER TABLE `tariff_slabs` ENABLE KEYS */;
UNLOCK TABLES;

--
-- Table structure for table `tariffs`
--

DROP TABLE IF EXISTS `tariffs`;
/*!40101 SET @saved_cs_client     = @@character_set_client */;
/*!50503 SET character_set_client = utf8mb4 */;
CREATE TABLE `tariffs` (
  `id` int NOT NULL AUTO_INCREMENT,
  `category` enum('Residential','Commercial','Industrial','Agricultural') NOT NULL,
  `fixed_charge` decimal(10,2) NOT NULL,
  `time_of_use_peak_rate` decimal(10,2) DEFAULT NULL,
  `time_of_use_normal_rate` decimal(10,2) DEFAULT NULL,
  `time_of_use_offpeak_rate` decimal(10,2) DEFAULT NULL,
  `electricity_duty_percent` decimal(5,2) DEFAULT '0.00',
  `gst_percent` decimal(5,2) DEFAULT '18.00',
  `effective_date` date NOT NULL,
  `valid_until` date DEFAULT NULL,
  `created_at` timestamp NOT NULL DEFAULT (now()),
  `updated_at` timestamp NOT NULL DEFAULT (now()) ON UPDATE CURRENT_TIMESTAMP,
  PRIMARY KEY (`id`)
) ENGINE=InnoDB AUTO_INCREMENT=5 DEFAULT CHARSET=utf8mb4 COLLATE=utf8mb4_0900_ai_ci;
/*!40101 SET character_set_client = @saved_cs_client */;

--
-- Dumping data for table `tariffs`
--

LOCK TABLES `tariffs` WRITE;
/*!40000 ALTER TABLE `tariffs` DISABLE KEYS */;
INSERT INTO `tariffs` VALUES (1,'Residential',50.00,12.00,7.50,5.00,6.00,18.00,'2024-01-01',NULL,'2025-11-07 22:03:47','2025-11-07 22:03:47'),(2,'Commercial',150.00,15.00,10.00,7.00,8.00,18.00,'2024-01-01',NULL,'2025-11-07 22:03:47','2025-11-07 22:03:47'),(3,'Industrial',500.00,13.00,8.50,6.00,10.00,18.00,'2024-01-01',NULL,'2025-11-07 22:03:47','2025-11-07 22:03:47'),(4,'Agricultural',30.00,8.00,5.00,3.50,4.00,18.00,'2024-01-01',NULL,'2025-11-07 22:03:47','2025-11-07 22:03:47');
/*!40000 ALTER TABLE `tariffs` ENABLE KEYS */;
UNLOCK TABLES;

--
-- Table structure for table `users`
--

DROP TABLE IF EXISTS `users`;
/*!40101 SET @saved_cs_client     = @@character_set_client */;
/*!50503 SET character_set_client = utf8mb4 */;
CREATE TABLE `users` (
  `id` int NOT NULL AUTO_INCREMENT,
  `email` varchar(255) NOT NULL,
  `password` varchar(255) NOT NULL,
  `user_type` enum('admin','employee','customer') NOT NULL,
  `name` varchar(255) NOT NULL,
  `phone` varchar(20) DEFAULT NULL,
  `is_active` int NOT NULL DEFAULT '1',
  `created_at` timestamp NOT NULL DEFAULT (now()),
  `updated_at` timestamp NOT NULL DEFAULT (now()) ON UPDATE CURRENT_TIMESTAMP,
  `requires_password_change` tinyint(1) NOT NULL DEFAULT '0',
  PRIMARY KEY (`id`),
  UNIQUE KEY `users_email_unique` (`email`)
) ENGINE=InnoDB AUTO_INCREMENT=66 DEFAULT CHARSET=utf8mb4 COLLATE=utf8mb4_0900_ai_ci;
/*!40101 SET character_set_client = @saved_cs_client */;

--
-- Dumping data for table `users`
--

LOCK TABLES `users` WRITE;
/*!40000 ALTER TABLE `users` DISABLE KEYS */;
INSERT INTO `users` VALUES (1,'admin@electrolux.com','$2a$10$LsUhtHuX6T/B8D1UXaDnZ.r2S9I2iTuUj1SvRbrF.FwQ3zlWHCEFu','admin','Admin User','+1234567890',1,'2025-11-07 22:03:47','2025-11-07 22:03:47',0),(2,'employee1@electrolux.com','$2a$10$LsUhtHuX6T/B8D1UXaDnZ.r2S9I2iTuUj1SvRbrF.FwQ3zlWHCEFu','employee','Dwayne Lang','6054423568',1,'2025-11-07 22:03:47','2025-11-07 22:03:47',0),(3,'employee2@electrolux.com','$2a$10$LsUhtHuX6T/B8D1UXaDnZ.r2S9I2iTuUj1SvRbrF.FwQ3zlWHCEFu','employee','Mabel Haley','2017960458',1,'2025-11-07 22:03:47','2025-11-07 22:03:47',0),(4,'employee3@electrolux.com','$2a$10$LsUhtHuX6T/B8D1UXaDnZ.r2S9I2iTuUj1SvRbrF.FwQ3zlWHCEFu','employee','Santos Dickinson','3224989915',1,'2025-11-07 22:03:47','2025-11-07 22:03:47',0),(5,'employee4@electrolux.com','$2a$10$LsUhtHuX6T/B8D1UXaDnZ.r2S9I2iTuUj1SvRbrF.FwQ3zlWHCEFu','employee','Santos Botsford','1450973433',1,'2025-11-07 22:03:47','2025-11-07 22:03:47',0),(6,'employee5@electrolux.com','$2a$10$LsUhtHuX6T/B8D1UXaDnZ.r2S9I2iTuUj1SvRbrF.FwQ3zlWHCEFu','employee','Gerald Hettinger','2089622825',1,'2025-11-07 22:03:47','2025-11-07 22:03:47',0),(7,'employee6@electrolux.com','$2a$10$LsUhtHuX6T/B8D1UXaDnZ.r2S9I2iTuUj1SvRbrF.FwQ3zlWHCEFu','employee','Dustin Strosin','3301314562',1,'2025-11-07 22:03:47','2025-11-07 22:03:47',0),(8,'employee7@electrolux.com','$2a$10$LsUhtHuX6T/B8D1UXaDnZ.r2S9I2iTuUj1SvRbrF.FwQ3zlWHCEFu','employee','Dr. Jamie O\'Keefe','7882271027',1,'2025-11-07 22:03:47','2025-11-07 22:03:47',0),(9,'employee8@electrolux.com','$2a$10$LsUhtHuX6T/B8D1UXaDnZ.r2S9I2iTuUj1SvRbrF.FwQ3zlWHCEFu','employee','Joel Yost','3991392381',1,'2025-11-07 22:03:47','2025-11-07 22:03:47',0),(10,'employee9@electrolux.com','$2a$10$LsUhtHuX6T/B8D1UXaDnZ.r2S9I2iTuUj1SvRbrF.FwQ3zlWHCEFu','employee','Colin Welch','5764227589',1,'2025-11-07 22:03:47','2025-11-07 22:03:47',0),(11,'employee10@electrolux.com','$2a$10$LsUhtHuX6T/B8D1UXaDnZ.r2S9I2iTuUj1SvRbrF.FwQ3zlWHCEFu','employee','Tracy Gislason','8731269397',1,'2025-11-07 22:03:47','2025-11-07 22:03:47',0),(12,'customer1@example.com','$2a$10$LsUhtHuX6T/B8D1UXaDnZ.r2S9I2iTuUj1SvRbrF.FwQ3zlWHCEFu','customer','Rolando Durgan','0025019361',1,'2025-11-07 22:03:47','2025-11-07 22:03:47',0),(13,'customer2@example.com','$2a$10$LsUhtHuX6T/B8D1UXaDnZ.r2S9I2iTuUj1SvRbrF.FwQ3zlWHCEFu','customer','Mr. Alonzo Erdman','2826846154',1,'2025-11-07 22:03:47','2025-11-07 22:03:47',0),(14,'customer3@example.com','$2a$10$LsUhtHuX6T/B8D1UXaDnZ.r2S9I2iTuUj1SvRbrF.FwQ3zlWHCEFu','customer','Horace Schulist','9019931614',1,'2025-11-07 22:03:47','2025-11-07 22:03:47',0),(15,'customer4@example.com','$2a$10$LsUhtHuX6T/B8D1UXaDnZ.r2S9I2iTuUj1SvRbrF.FwQ3zlWHCEFu','customer','Sabrina Cremin','0052404264',1,'2025-11-07 22:03:47','2025-11-07 22:03:47',0),(16,'customer5@example.com','$2a$10$LsUhtHuX6T/B8D1UXaDnZ.r2S9I2iTuUj1SvRbrF.FwQ3zlWHCEFu','customer','Mattie Hickle','3755387861',1,'2025-11-07 22:03:47','2025-11-07 22:03:47',0),(17,'customer6@example.com','$2a$10$LsUhtHuX6T/B8D1UXaDnZ.r2S9I2iTuUj1SvRbrF.FwQ3zlWHCEFu','customer','Sherman Schulist','4600146369',1,'2025-11-07 22:03:47','2025-11-07 22:03:47',0),(18,'customer7@example.com','$2a$10$LsUhtHuX6T/B8D1UXaDnZ.r2S9I2iTuUj1SvRbrF.FwQ3zlWHCEFu','customer','Guy Schultz','1522481439',1,'2025-11-07 22:03:47','2025-11-07 22:03:47',0),(19,'customer8@example.com','$2a$10$LsUhtHuX6T/B8D1UXaDnZ.r2S9I2iTuUj1SvRbrF.FwQ3zlWHCEFu','customer','Agnes Wiza','5851885112',1,'2025-11-07 22:03:47','2025-11-07 22:03:47',0),(20,'customer9@example.com','$2a$10$LsUhtHuX6T/B8D1UXaDnZ.r2S9I2iTuUj1SvRbrF.FwQ3zlWHCEFu','customer','Louis Graham','7042226870',1,'2025-11-07 22:03:47','2025-11-07 22:03:47',0),(21,'customer10@example.com','$2a$10$LsUhtHuX6T/B8D1UXaDnZ.r2S9I2iTuUj1SvRbrF.FwQ3zlWHCEFu','customer','Ms. Laurie Murphy','9654523597',1,'2025-11-07 22:03:47','2025-11-07 22:03:47',0),(22,'customer11@example.com','$2a$10$LsUhtHuX6T/B8D1UXaDnZ.r2S9I2iTuUj1SvRbrF.FwQ3zlWHCEFu','customer','Miss Sara Wilkinson','4728763991',1,'2025-11-07 22:03:47','2025-11-07 22:03:47',0),(23,'customer12@example.com','$2a$10$LsUhtHuX6T/B8D1UXaDnZ.r2S9I2iTuUj1SvRbrF.FwQ3zlWHCEFu','customer','Claude Predovic','2464764172',1,'2025-11-07 22:03:47','2025-11-07 22:03:47',0),(24,'customer13@example.com','$2a$10$LsUhtHuX6T/B8D1UXaDnZ.r2S9I2iTuUj1SvRbrF.FwQ3zlWHCEFu','customer','Mrs. Jane Wisozk','8317782259',1,'2025-11-07 22:03:47','2025-11-07 22:03:47',0),(25,'customer14@example.com','$2a$10$LsUhtHuX6T/B8D1UXaDnZ.r2S9I2iTuUj1SvRbrF.FwQ3zlWHCEFu','customer','Mr. Clayton Mohr','8600971608',1,'2025-11-07 22:03:47','2025-11-07 22:03:47',0),(26,'customer15@example.com','$2a$10$LsUhtHuX6T/B8D1UXaDnZ.r2S9I2iTuUj1SvRbrF.FwQ3zlWHCEFu','customer','Joanne Lynch','3862228059',1,'2025-11-07 22:03:47','2025-11-07 22:03:47',0),(27,'customer16@example.com','$2a$10$LsUhtHuX6T/B8D1UXaDnZ.r2S9I2iTuUj1SvRbrF.FwQ3zlWHCEFu','customer','Rolando Waters','8073888508',1,'2025-11-07 22:03:47','2025-11-07 22:03:47',0),(28,'customer17@example.com','$2a$10$LsUhtHuX6T/B8D1UXaDnZ.r2S9I2iTuUj1SvRbrF.FwQ3zlWHCEFu','customer','Horace Rodriguez','6516837416',1,'2025-11-07 22:03:47','2025-11-07 22:03:47',0),(29,'customer18@example.com','$2a$10$LsUhtHuX6T/B8D1UXaDnZ.r2S9I2iTuUj1SvRbrF.FwQ3zlWHCEFu','customer','Guadalupe Lubowitz','9492229008',1,'2025-11-07 22:03:47','2025-11-07 22:03:47',0),(30,'customer19@example.com','$2a$10$LsUhtHuX6T/B8D1UXaDnZ.r2S9I2iTuUj1SvRbrF.FwQ3zlWHCEFu','customer','Mrs. Susan Greenfelder','1628323338',1,'2025-11-07 22:03:47','2025-11-07 22:03:47',0),(31,'customer20@example.com','$2a$10$LsUhtHuX6T/B8D1UXaDnZ.r2S9I2iTuUj1SvRbrF.FwQ3zlWHCEFu','customer','Miranda Glover-Hirthe','7171292945',1,'2025-11-07 22:03:47','2025-11-07 22:03:47',0),(32,'customer21@example.com','$2a$10$LsUhtHuX6T/B8D1UXaDnZ.r2S9I2iTuUj1SvRbrF.FwQ3zlWHCEFu','customer','Mae Wiegand','4587629984',1,'2025-11-07 22:03:47','2025-11-07 22:03:47',0),(33,'customer22@example.com','$2a$10$LsUhtHuX6T/B8D1UXaDnZ.r2S9I2iTuUj1SvRbrF.FwQ3zlWHCEFu','customer','Fannie Hettinger','4026044643',1,'2025-11-07 22:03:47','2025-11-07 22:03:47',0),(34,'customer23@example.com','$2a$10$LsUhtHuX6T/B8D1UXaDnZ.r2S9I2iTuUj1SvRbrF.FwQ3zlWHCEFu','customer','Tricia Durgan','5985028978',1,'2025-11-07 22:03:47','2025-11-07 22:03:47',0),(35,'customer24@example.com','$2a$10$LsUhtHuX6T/B8D1UXaDnZ.r2S9I2iTuUj1SvRbrF.FwQ3zlWHCEFu','customer','Terry Pfeffer','9605980928',1,'2025-11-07 22:03:47','2025-11-07 22:03:47',0),(36,'customer25@example.com','$2a$10$LsUhtHuX6T/B8D1UXaDnZ.r2S9I2iTuUj1SvRbrF.FwQ3zlWHCEFu','customer','Ernestine Weber III','5477791066',1,'2025-11-07 22:03:47','2025-11-07 22:03:47',0),(37,'customer26@example.com','$2a$10$LsUhtHuX6T/B8D1UXaDnZ.r2S9I2iTuUj1SvRbrF.FwQ3zlWHCEFu','customer','Santos Kshlerin','8448844484',1,'2025-11-07 22:03:47','2025-11-07 22:03:47',0),(38,'customer27@example.com','$2a$10$LsUhtHuX6T/B8D1UXaDnZ.r2S9I2iTuUj1SvRbrF.FwQ3zlWHCEFu','customer','Kent Ratke','7438657484',1,'2025-11-07 22:03:47','2025-11-07 22:03:47',0),(39,'customer28@example.com','$2a$10$LsUhtHuX6T/B8D1UXaDnZ.r2S9I2iTuUj1SvRbrF.FwQ3zlWHCEFu','customer','Gene Larkin','9653240244',1,'2025-11-07 22:03:47','2025-11-07 22:03:47',0),(40,'customer29@example.com','$2a$10$LsUhtHuX6T/B8D1UXaDnZ.r2S9I2iTuUj1SvRbrF.FwQ3zlWHCEFu','customer','Jean Koch','2410780380',1,'2025-11-07 22:03:47','2025-11-07 22:03:47',0),(41,'customer30@example.com','$2a$10$LsUhtHuX6T/B8D1UXaDnZ.r2S9I2iTuUj1SvRbrF.FwQ3zlWHCEFu','customer','Terrence Emard','3469800562',1,'2025-11-07 22:03:47','2025-11-07 22:03:47',0),(42,'customer31@example.com','$2a$10$LsUhtHuX6T/B8D1UXaDnZ.r2S9I2iTuUj1SvRbrF.FwQ3zlWHCEFu','customer','Ed Wolff','3406256534',1,'2025-11-07 22:03:47','2025-11-07 22:03:47',0),(43,'customer32@example.com','$2a$10$LsUhtHuX6T/B8D1UXaDnZ.r2S9I2iTuUj1SvRbrF.FwQ3zlWHCEFu','customer','Daryl Turner','9675031166',1,'2025-11-07 22:03:47','2025-11-07 22:03:47',0),(44,'customer33@example.com','$2a$10$LsUhtHuX6T/B8D1UXaDnZ.r2S9I2iTuUj1SvRbrF.FwQ3zlWHCEFu','customer','Carmen Bode','3099993268',1,'2025-11-07 22:03:47','2025-11-07 22:03:47',0),(45,'customer34@example.com','$2a$10$LsUhtHuX6T/B8D1UXaDnZ.r2S9I2iTuUj1SvRbrF.FwQ3zlWHCEFu','customer','Josephine Gutkowski','6580326363',1,'2025-11-07 22:03:47','2025-11-07 22:03:47',0),(46,'customer35@example.com','$2a$10$LsUhtHuX6T/B8D1UXaDnZ.r2S9I2iTuUj1SvRbrF.FwQ3zlWHCEFu','customer','Frances Hermann','6359050748',1,'2025-11-07 22:03:47','2025-11-07 22:03:47',0),(47,'customer36@example.com','$2a$10$LsUhtHuX6T/B8D1UXaDnZ.r2S9I2iTuUj1SvRbrF.FwQ3zlWHCEFu','customer','Lowell Gerhold','9648185283',1,'2025-11-07 22:03:47','2025-11-07 22:03:47',0),(48,'customer37@example.com','$2a$10$LsUhtHuX6T/B8D1UXaDnZ.r2S9I2iTuUj1SvRbrF.FwQ3zlWHCEFu','customer','Mrs. Kathryn Bayer','8255913552',1,'2025-11-07 22:03:47','2025-11-07 22:03:47',0),(49,'customer38@example.com','$2a$10$LsUhtHuX6T/B8D1UXaDnZ.r2S9I2iTuUj1SvRbrF.FwQ3zlWHCEFu','customer','Morris Bins','5374054329',1,'2025-11-07 22:03:47','2025-11-07 22:03:47',0),(50,'customer39@example.com','$2a$10$LsUhtHuX6T/B8D1UXaDnZ.r2S9I2iTuUj1SvRbrF.FwQ3zlWHCEFu','customer','Irma McGlynn','5050742487',1,'2025-11-07 22:03:47','2025-11-07 22:03:47',0),(51,'customer40@example.com','$2a$10$LsUhtHuX6T/B8D1UXaDnZ.r2S9I2iTuUj1SvRbrF.FwQ3zlWHCEFu','customer','Carlton Schumm','3823649871',1,'2025-11-07 22:03:47','2025-11-07 22:03:47',0),(52,'customer41@example.com','$2a$10$LsUhtHuX6T/B8D1UXaDnZ.r2S9I2iTuUj1SvRbrF.FwQ3zlWHCEFu','customer','Geoffrey Upton','8155108859',1,'2025-11-07 22:03:47','2025-11-07 22:03:47',0),(53,'customer42@example.com','$2a$10$LsUhtHuX6T/B8D1UXaDnZ.r2S9I2iTuUj1SvRbrF.FwQ3zlWHCEFu','customer','Wanda Stamm MD','8807784068',1,'2025-11-07 22:03:47','2025-11-07 22:03:47',0),(54,'customer43@example.com','$2a$10$LsUhtHuX6T/B8D1UXaDnZ.r2S9I2iTuUj1SvRbrF.FwQ3zlWHCEFu','customer','Pablo Barton','4965544080',1,'2025-11-07 22:03:47','2025-11-07 22:03:47',0),(55,'customer44@example.com','$2a$10$LsUhtHuX6T/B8D1UXaDnZ.r2S9I2iTuUj1SvRbrF.FwQ3zlWHCEFu','customer','Juana Ryan','3345926124',1,'2025-11-07 22:03:47','2025-11-07 22:03:47',0),(56,'customer45@example.com','$2a$10$LsUhtHuX6T/B8D1UXaDnZ.r2S9I2iTuUj1SvRbrF.FwQ3zlWHCEFu','customer','Bob Gislason','3956774817',1,'2025-11-07 22:03:47','2025-11-07 22:03:47',0),(57,'customer46@example.com','$2a$10$LsUhtHuX6T/B8D1UXaDnZ.r2S9I2iTuUj1SvRbrF.FwQ3zlWHCEFu','customer','Irma Jacobs V','3852159676',1,'2025-11-07 22:03:47','2025-11-07 22:03:47',0),(58,'customer47@example.com','$2a$10$LsUhtHuX6T/B8D1UXaDnZ.r2S9I2iTuUj1SvRbrF.FwQ3zlWHCEFu','customer','Dr. Steven Corkery','0217615228',1,'2025-11-07 22:03:47','2025-11-07 22:03:47',0),(59,'customer48@example.com','$2a$10$LsUhtHuX6T/B8D1UXaDnZ.r2S9I2iTuUj1SvRbrF.FwQ3zlWHCEFu','customer','Lauren Hintz','1961351254',1,'2025-11-07 22:03:47','2025-11-07 22:03:47',0),(60,'customer49@example.com','$2a$10$LsUhtHuX6T/B8D1UXaDnZ.r2S9I2iTuUj1SvRbrF.FwQ3zlWHCEFu','customer','Jenna Runolfsson','4410154580',1,'2025-11-07 22:03:47','2025-11-07 22:03:47',0),(61,'customer50@example.com','$2a$10$LsUhtHuX6T/B8D1UXaDnZ.r2S9I2iTuUj1SvRbrF.FwQ3zlWHCEFu','customer','Virginia Williamson-Ritchie','9624008736',1,'2025-11-07 22:03:47','2025-11-07 22:03:47',0),(62,'customer51@gmail.com','$2a$10$LsUhtHuX6T/B8D1UXaDnZ.r2S9I2iTuUj1SvRbrF.FwQ3zlWHCEFu','customer','Patti Jacobi-Smitham','294-374-1961 x009',1,'2025-11-07 22:03:47','2025-11-07 22:03:47',0),(63,'customer52@gmail.com','$2a$10$LsUhtHuX6T/B8D1UXaDnZ.r2S9I2iTuUj1SvRbrF.FwQ3zlWHCEFu','customer','Reginald Lindgren','937-501-5901 x0200',1,'2025-11-07 22:03:47','2025-11-07 22:03:47',0),(64,'customer53@gmail.com','$2a$10$LsUhtHuX6T/B8D1UXaDnZ.r2S9I2iTuUj1SvRbrF.FwQ3zlWHCEFu','customer','Darrin Wolf','816-916-5780 x630',1,'2025-11-07 22:03:47','2025-11-07 22:03:47',0),(65,'tom@customer.com','$2a$10$TI2UmQithMouCJNN92Dj6upriXbC7GeRHKBpF7/wCc3TJ5GTK/w.K','customer','Tommy','03787877778',0,'2025-11-07 22:22:04','2025-11-07 18:00:14',1);
/*!40000 ALTER TABLE `users` ENABLE KEYS */;
UNLOCK TABLES;

--
-- Table structure for table `work_orders`
--

DROP TABLE IF EXISTS `work_orders`;
/*!40101 SET @saved_cs_client     = @@character_set_client */;
/*!50503 SET character_set_client = utf8mb4 */;
CREATE TABLE `work_orders` (
  `id` int NOT NULL AUTO_INCREMENT,
  `employee_id` int DEFAULT NULL,
  `customer_id` int DEFAULT NULL,
  `work_type` enum('meter_reading','maintenance','complaint_resolution','new_connection','disconnection','reconnection') NOT NULL,
  `title` varchar(255) NOT NULL,
  `description` text,
  `status` enum('assigned','in_progress','completed','cancelled') NOT NULL DEFAULT 'assigned',
  `priority` enum('low','medium','high','urgent') NOT NULL DEFAULT 'medium',
  `assigned_date` date NOT NULL,
  `due_date` date NOT NULL,
  `completion_date` date DEFAULT NULL,
  `completion_notes` text,
  `created_at` timestamp NOT NULL DEFAULT (now()),
  `updated_at` timestamp NOT NULL DEFAULT (now()) ON UPDATE CURRENT_TIMESTAMP,
  PRIMARY KEY (`id`),
  KEY `work_orders_employee_id_employees_id_fk` (`employee_id`),
  KEY `work_orders_customer_id_customers_id_fk` (`customer_id`),
  CONSTRAINT `work_orders_customer_id_customers_id_fk` FOREIGN KEY (`customer_id`) REFERENCES `customers` (`id`),
  CONSTRAINT `work_orders_employee_id_employees_id_fk` FOREIGN KEY (`employee_id`) REFERENCES `employees` (`id`)
) ENGINE=InnoDB AUTO_INCREMENT=24 DEFAULT CHARSET=utf8mb4 COLLATE=utf8mb4_0900_ai_ci;
/*!40101 SET character_set_client = @saved_cs_client */;

--
-- Dumping data for table `work_orders`
--

LOCK TABLES `work_orders` WRITE;
/*!40000 ALTER TABLE `work_orders` DISABLE KEYS */;
INSERT INTO `work_orders` VALUES (1,10,49,'reconnection','Immersive attitude-oriented contingency','Sapiente patruus summa cras solvo aut curiositas acies eaque ancilla.','assigned','low','2025-10-10','2025-10-17',NULL,NULL,'2025-11-07 22:03:51','2025-11-07 22:03:51'),(2,8,41,'new_connection','Sharable immersive alliance','Compono vita decipio delinquo centum videlicet claustrum urbanus.','in_progress','low','2025-10-13','2025-10-17',NULL,NULL,'2025-11-07 22:03:51','2025-11-07 22:03:51'),(3,1,10,'complaint_resolution','AI-driven transitional benchmark','In delego cuius adamo tabesco est addo conturbo deleniti.','assigned','medium','2025-10-17','2025-10-24',NULL,NULL,'2025-11-07 22:03:51','2025-11-07 22:03:51'),(4,1,39,'reconnection','Fully-configurable hybrid encoding','Ipsa aequus aestus defetiscor.','completed','medium','2025-10-29','2025-11-02','2025-11-03','Tertius varius dolor conicio arx dedecor cornu victoria vulnus beatae.','2025-11-07 22:03:51','2025-11-07 22:03:51'),(5,8,25,'reconnection','Business-focused real-time support','Tergo itaque consectetur confero.','in_progress','medium','2025-11-04','2025-11-09',NULL,NULL,'2025-11-07 22:03:51','2025-11-07 22:03:51'),(6,4,37,'new_connection','AI-driven zero defect core','Victus officiis confido ater tempore derelinquo aliqua.','in_progress','high','2025-10-28','2025-10-31',NULL,NULL,'2025-11-07 22:03:51','2025-11-07 22:03:51'),(7,8,39,'maintenance','Automated client-server model','Cernuus strenuus arto debilito architecto pecco arto cupiditate cum.','completed','low','2025-10-19','2025-10-21','2025-10-24','Trado creo confugo adhaero pel quo.','2025-11-07 22:03:51','2025-11-07 22:03:51'),(8,8,33,'complaint_resolution','Robust resilient functionalities','Dedecor tres delectus acies alius.','assigned','medium','2025-10-28','2025-10-29',NULL,NULL,'2025-11-07 22:03:51','2025-11-07 22:03:51'),(9,4,21,'complaint_resolution','Ergonomic homogeneous functionalities','Capillus rerum texo verto.','in_progress','urgent','2025-10-30','2025-11-04',NULL,NULL,'2025-11-07 22:03:51','2025-11-07 22:03:51'),(10,7,36,'maintenance','Managed content-based migration','Numquam aer degero comparo turpis.','in_progress','low','2025-10-10','2025-10-15',NULL,NULL,'2025-11-07 22:03:51','2025-11-07 22:03:51'),(11,1,27,'meter_reading','Proactive client-server middleware','Corporis cur tum ea comptus vulnus temptatio ascit.','completed','urgent','2025-11-06','2025-11-10','2025-11-09','Admoveo adstringo arx aufero.','2025-11-07 22:03:51','2025-11-07 22:03:51'),(12,7,32,'new_connection','User-friendly intermediate project','Laudantium quasi tripudio excepturi cognomen ascisco.','completed','urgent','2025-10-30','2025-11-04','2025-11-02','Benevolentia suasoria conduco deprecator tactus colligo adflicto vesica verus.','2025-11-07 22:03:51','2025-11-07 22:03:51'),(13,8,18,'meter_reading','Realigned systematic task-force','Statim crebro demens adipisci cupio pecco vallum stips.','assigned','high','2025-10-22','2025-10-29',NULL,NULL,'2025-11-07 22:03:51','2025-11-07 22:03:51'),(14,1,35,'new_connection','Open-source actuating workforce','Tolero comitatus ager explicabo deleo quisquam paulatim.','in_progress','urgent','2025-10-20','2025-10-25',NULL,NULL,'2025-11-07 22:03:51','2025-11-07 22:03:51'),(15,9,18,'complaint_resolution','Team-oriented responsive methodology','Reiciendis amplitudo cinis adsidue bellum neque sit delicate conspergo.','assigned','medium','2025-11-04','2025-11-10',NULL,NULL,'2025-11-07 22:03:51','2025-11-07 22:03:51'),(16,4,18,'maintenance','Progressive dynamic architecture','Bibo speciosus tamquam congregatio balbus audacia vergo stillicidium.','in_progress','high','2025-10-26','2025-10-29',NULL,NULL,'2025-11-07 22:03:51','2025-11-07 22:03:51'),(17,7,8,'complaint_resolution','Integrated contextually-based challenge','Adsum viduo demoror atrox patria vestrum amissio vallum delibero.','assigned','low','2025-11-01','2025-11-07',NULL,NULL,'2025-11-07 22:03:51','2025-11-07 22:03:51'),(18,2,8,'maintenance','Intuitive user-facing access','Vespillo terga taedium synagoga celebrer neque tergo surculus tantillus.','completed','medium','2025-10-20','2025-10-22','2025-10-21','Ventosus corona defendo vitae tamdiu adinventitias temptatio communis.','2025-11-07 22:03:51','2025-11-07 22:03:51'),(19,4,19,'new_connection','Immersive holistic ability','Validus complectus voluptatem spoliatio umquam.','assigned','urgent','2025-10-10','2025-10-11',NULL,NULL,'2025-11-07 22:03:51','2025-11-07 22:03:51'),(20,9,41,'maintenance','Innovative sustainable implementation','Audacia repellendus praesentium.','in_progress','medium','2025-10-19','2025-10-20',NULL,NULL,'2025-11-07 22:03:51','2025-11-07 22:03:51'),(21,1,1,'meter_reading','Meter Reading Request - Rolando Durgan','Request Type: regular\nPreferred Time: morning\nContact: 03154987867\nAlternate: \n\nAccess Instructions:\nNone provided','completed','medium','2025-11-08','2025-11-15','2025-11-08','Meter reading completed. Reading: 8200 kWh. Bill auto-generated.','2025-11-07 22:11:20','2025-11-07 22:12:35'),(22,1,1,'complaint_resolution','h','h','completed','medium','2025-11-08','2025-11-13','2025-11-07','hhhhhh','2025-11-07 22:16:44','2025-11-07 22:17:10'),(23,1,54,'new_connection','New Connection Installation - APP-2025-380042','Install new single-phase connection for Tom','completed','high','2025-11-07','2025-11-08','2025-11-07','completed','2025-11-07 22:21:20','2025-11-07 22:22:04');
/*!40000 ALTER TABLE `work_orders` ENABLE KEYS */;
UNLOCK TABLES;
/*!40103 SET TIME_ZONE=@OLD_TIME_ZONE */;

/*!40101 SET SQL_MODE=@OLD_SQL_MODE */;
/*!40014 SET FOREIGN_KEY_CHECKS=@OLD_FOREIGN_KEY_CHECKS */;
/*!40014 SET UNIQUE_CHECKS=@OLD_UNIQUE_CHECKS */;
/*!40101 SET CHARACTER_SET_CLIENT=@OLD_CHARACTER_SET_CLIENT */;
/*!40101 SET CHARACTER_SET_RESULTS=@OLD_CHARACTER_SET_RESULTS */;
/*!40101 SET COLLATION_CONNECTION=@OLD_COLLATION_CONNECTION */;
/*!40111 SET SQL_NOTES=@OLD_SQL_NOTES */;

-- Dump completed on 2025-11-08 21:33:35
