-- MySQL dump 10.13  Distrib 8.4.6, for Win64 (x86_64)
--
-- Host: localhost    Database: electricity_ems
-- ------------------------------------------------------
-- Server version	8.4.6

/*!40101 SET @OLD_CHARACTER_SET_CLIENT=@@CHARACTER_SET_CLIENT */;
/*!40101 SET @OLD_CHARACTER_SET_RESULTS=@@CHARACTER_SET_RESULTS */;
/*!40101 SET @OLD_COLLATION_CONNECTION=@@COLLATION_CONNECTION */;
/*!50503 SET NAMES utf8mb4 */;
/*!40103 SET @OLD_TIME_ZONE=@@TIME_ZONE */;
/*!40103 SET TIME_ZONE='+00:00' */;
/*!40014 SET @OLD_UNIQUE_CHECKS=@@UNIQUE_CHECKS, UNIQUE_CHECKS=0 */;
/*!40014 SET @OLD_FOREIGN_KEY_CHECKS=@@FOREIGN_KEY_CHECKS, FOREIGN_KEY_CHECKS=0 */;
/*!40101 SET @OLD_SQL_MODE=@@SQL_MODE, SQL_MODE='NO_AUTO_VALUE_ON_ZERO' */;
/*!40111 SET @OLD_SQL_NOTES=@@SQL_NOTES, SQL_NOTES=0 */;

--
-- Table structure for table `bill_requests`
--

DROP TABLE IF EXISTS `bill_requests`;
/*!40101 SET @saved_cs_client     = @@character_set_client */;
/*!50503 SET character_set_client = utf8mb4 */;
CREATE TABLE `bill_requests` (
  `id` int NOT NULL AUTO_INCREMENT,
  `request_id` varchar(50) COLLATE utf8mb4_unicode_ci NOT NULL,
  `customer_id` int NOT NULL,
  `billing_month` date NOT NULL,
  `priority` enum('low','medium','high') COLLATE utf8mb4_unicode_ci DEFAULT 'medium',
  `notes` text COLLATE utf8mb4_unicode_ci,
  `status` enum('pending','processing','completed','rejected') COLLATE utf8mb4_unicode_ci DEFAULT 'pending',
  `request_date` date NOT NULL,
  `created_by` int DEFAULT NULL,
  `created_at` timestamp NULL DEFAULT CURRENT_TIMESTAMP,
  `updated_at` timestamp NULL DEFAULT CURRENT_TIMESTAMP ON UPDATE CURRENT_TIMESTAMP,
  PRIMARY KEY (`id`),
  UNIQUE KEY `request_id` (`request_id`),
  UNIQUE KEY `unique_request_month` (`customer_id`,`billing_month`),
  KEY `fk_bill_request_user` (`created_by`),
  CONSTRAINT `fk_bill_request_customer` FOREIGN KEY (`customer_id`) REFERENCES `customers` (`id`) ON DELETE CASCADE,
  CONSTRAINT `fk_bill_request_user` FOREIGN KEY (`created_by`) REFERENCES `users` (`id`)
) ENGINE=InnoDB AUTO_INCREMENT=16 DEFAULT CHARSET=utf8mb4 COLLATE=utf8mb4_unicode_ci;
/*!40101 SET character_set_client = @saved_cs_client */;

--
-- Dumping data for table `bill_requests`
--

LOCK TABLES `bill_requests` WRITE;
/*!40000 ALTER TABLE `bill_requests` DISABLE KEYS */;
INSERT INTO `bill_requests` VALUES (1,'BREQ-2024-000001',3,'2025-10-01','low','Customer requesting meter reading and bill generation for October 2025 billing period. No reading taken yet for this month.','completed','2025-10-28',NULL,'2025-10-30 18:23:38','2025-10-30 14:00:33'),(2,'BREQ-2024-000002',16,'2025-10-01','medium','Customer requesting meter reading and bill generation for October 2025 billing period. No reading taken yet for this month.','pending','2025-10-27',NULL,'2025-10-30 18:23:38','2025-10-30 18:23:38'),(3,'BREQ-2024-000003',6,'2025-10-01','high','Customer requesting meter reading and bill generation for October 2025 billing period. No reading taken yet for this month.','completed','2025-10-23',NULL,'2025-10-30 18:23:38','2025-10-31 06:39:19'),(4,'BREQ-2024-000004',21,'2025-10-01','low','Customer requesting meter reading and bill generation for October 2025 billing period. No reading taken yet for this month.','completed','2025-10-30',NULL,'2025-10-30 18:23:38','2025-10-30 15:47:14'),(5,'BREQ-2024-000005',39,'2025-10-01','medium','Customer requesting meter reading and bill generation for October 2025 billing period. No reading taken yet for this month.','pending','2025-10-26',NULL,'2025-10-30 18:23:38','2025-10-30 18:23:38'),(6,'BREQ-2024-000006',46,'2025-10-01','high','Customer requesting meter reading and bill generation for October 2025 billing period. No reading taken yet for this month.','pending','2025-10-25',NULL,'2025-10-30 18:23:38','2025-10-30 18:23:38'),(7,'BREQ-2024-000007',32,'2025-10-01','low','Customer requesting meter reading and bill generation for October 2025 billing period. No reading taken yet for this month.','completed','2025-10-27',NULL,'2025-10-30 18:23:38','2025-10-30 16:13:25'),(8,'BREQ-2024-000008',35,'2025-10-01','medium','Customer requesting meter reading and bill generation for October 2025 billing period. No reading taken yet for this month.','completed','2025-10-28',NULL,'2025-10-30 18:23:38','2025-10-30 16:40:52'),(9,'BREQ-2024-000009',11,'2025-10-01','high','Customer requesting meter reading and bill generation for October 2025 billing period. No reading taken yet for this month.','completed','2025-10-29',NULL,'2025-10-30 18:23:38','2025-10-31 04:49:32'),(10,'BREQ-2024-000010',36,'2025-10-01','low','Customer requesting meter reading and bill generation for October 2025 billing period. No reading taken yet for this month.','pending','2025-10-28',NULL,'2025-10-30 18:23:38','2025-10-30 18:23:38'),(11,'BREQ-2024-000011',41,'2025-10-01','medium','Customer requesting meter reading and bill generation for October 2025 billing period. No reading taken yet for this month.','pending','2025-10-24',NULL,'2025-10-30 18:23:38','2025-10-30 18:23:38'),(12,'BREQ-2024-000012',48,'2025-10-01','high','Customer requesting meter reading and bill generation for October 2025 billing period. No reading taken yet for this month.','pending','2025-10-25',NULL,'2025-10-30 18:23:38','2025-10-30 18:23:38'),(13,'BREQ-2024-000013',4,'2025-10-01','low','Customer requesting meter reading and bill generation for October 2025 billing period. No reading taken yet for this month.','pending','2025-10-26',NULL,'2025-10-30 18:23:38','2025-10-30 18:23:38'),(14,'BREQ-2024-000014',31,'2025-10-01','medium','Customer requesting meter reading and bill generation for October 2025 billing period. No reading taken yet for this month.','pending','2025-10-27',NULL,'2025-10-30 18:23:38','2025-10-30 18:23:38'),(15,'BREQ-2024-000015',28,'2025-10-01','high','Customer requesting meter reading and bill generation for October 2025 billing period. No reading taken yet for this month.','pending','2025-10-29',NULL,'2025-10-30 18:23:38','2025-10-30 18:23:38');
/*!40000 ALTER TABLE `bill_requests` ENABLE KEYS */;
UNLOCK TABLES;

--
-- Table structure for table `bills`
--

DROP TABLE IF EXISTS `bills`;
/*!40101 SET @saved_cs_client     = @@character_set_client */;
/*!50503 SET character_set_client = utf8mb4 */;
CREATE TABLE `bills` (
  `id` int NOT NULL AUTO_INCREMENT,
  `customer_id` int NOT NULL,
  `bill_number` varchar(50) NOT NULL,
  `billing_month` date NOT NULL,
  `issue_date` date NOT NULL,
  `due_date` date NOT NULL,
  `units_consumed` decimal(10,2) NOT NULL,
  `meter_reading_id` int DEFAULT NULL,
  `base_amount` decimal(10,2) NOT NULL,
  `fixed_charges` decimal(10,2) NOT NULL,
  `electricity_duty` decimal(10,2) DEFAULT '0.00',
  `gst_amount` decimal(10,2) DEFAULT '0.00',
  `total_amount` decimal(10,2) NOT NULL,
  `status` enum('generated','issued','paid','overdue','cancelled') NOT NULL DEFAULT 'generated',
  `payment_date` date DEFAULT NULL,
  `created_at` timestamp NOT NULL DEFAULT (now()),
  `updated_at` timestamp NOT NULL DEFAULT (now()) ON UPDATE CURRENT_TIMESTAMP,
  `tariff_id` int DEFAULT NULL COMMENT 'Reference to tariff version used for this bill (audit trail)',
  PRIMARY KEY (`id`),
  UNIQUE KEY `bills_bill_number_unique` (`bill_number`),
  KEY `bills_customer_id_customers_id_fk` (`customer_id`),
  KEY `bills_meter_reading_id_meter_readings_id_fk` (`meter_reading_id`),
  KEY `idx_bills_tariff_id` (`tariff_id`),
  CONSTRAINT `bills_customer_id_customers_id_fk` FOREIGN KEY (`customer_id`) REFERENCES `customers` (`id`) ON DELETE CASCADE,
  CONSTRAINT `bills_meter_reading_id_meter_readings_id_fk` FOREIGN KEY (`meter_reading_id`) REFERENCES `meter_readings` (`id`),
  CONSTRAINT `bills_tariff_id_fk` FOREIGN KEY (`tariff_id`) REFERENCES `tariffs` (`id`) ON DELETE SET NULL
) ENGINE=InnoDB AUTO_INCREMENT=274 DEFAULT CHARSET=utf8mb4 COLLATE=utf8mb4_0900_ai_ci;
/*!40101 SET character_set_client = @saved_cs_client */;

--
-- Dumping data for table `bills`
--

LOCK TABLES `bills` WRITE;
/*!40000 ALTER TABLE `bills` DISABLE KEYS */;
INSERT INTO `bills` VALUES (1,1,'BILL-2024-01-0001','2025-05-01','2025-06-01','2025-06-16',1849.00,NULL,18709.00,150.00,1496.72,3664.03,24019.75,'paid','2025-06-08','2025-10-30 18:23:34','2025-10-30 18:23:34',NULL),(2,1,'BILL-2024-02-0001','2025-06-01','2025-07-02','2025-07-17',952.00,NULL,8467.00,150.00,677.36,1672.98,10967.34,'issued',NULL,'2025-10-30 18:23:34','2025-10-30 18:23:34',NULL),(3,1,'BILL-2024-03-0001','2025-07-01','2025-08-01','2025-08-16',1390.00,NULL,13430.50,150.00,1074.44,2637.89,17292.83,'paid','2025-08-04','2025-10-30 18:23:34','2025-10-30 18:23:34',NULL),(4,1,'BILL-2024-04-0001','2025-08-01','2025-09-01','2025-09-16',1944.00,NULL,19801.50,150.00,1584.12,3876.41,25412.03,'paid','2025-09-10','2025-10-30 18:23:34','2025-10-30 18:23:34',NULL),(5,1,'BILL-2024-05-0001','2025-09-01','2025-10-02','2025-10-17',1581.00,NULL,15627.00,150.00,1250.16,3064.89,20092.05,'paid','2025-10-13','2025-10-30 18:23:34','2025-10-30 18:23:34',NULL),(6,2,'BILL-2024-01-0002','2025-05-01','2025-06-01','2025-06-16',123.00,NULL,586.50,50.00,35.19,120.90,792.59,'paid','2025-06-05','2025-10-30 18:23:34','2025-10-30 18:23:34',NULL),(7,2,'BILL-2024-02-0002','2025-06-01','2025-07-02','2025-07-17',304.00,NULL,1831.50,50.00,109.89,358.45,2349.84,'paid','2025-07-08','2025-10-30 18:23:34','2025-10-30 18:23:34',NULL),(8,2,'BILL-2024-03-0002','2025-07-01','2025-08-01','2025-08-16',362.00,NULL,2353.50,50.00,141.21,458.05,3002.76,'paid','2025-08-14','2025-10-30 18:23:34','2025-10-30 18:23:34',NULL),(9,2,'BILL-2024-04-0002','2025-08-01','2025-09-01','2025-09-16',356.00,NULL,2299.50,50.00,137.97,447.74,2935.21,'paid','2025-09-08','2025-10-30 18:23:34','2025-10-30 18:23:34',NULL),(10,2,'BILL-2024-05-0002','2025-09-01','2025-10-02','2025-10-17',319.00,NULL,1966.50,50.00,117.99,384.21,2518.70,'paid','2025-10-08','2025-10-30 18:23:34','2025-10-30 18:23:34',NULL),(11,3,'BILL-2024-01-0003','2025-05-01','2025-06-01','2025-06-16',5571.00,NULL,41351.50,500.00,4135.15,8277.60,54264.25,'paid','2025-06-06','2025-10-30 18:23:34','2025-10-30 18:23:34',NULL),(12,3,'BILL-2024-02-0003','2025-06-01','2025-07-02','2025-07-17',9240.00,NULL,72538.00,500.00,7253.80,14452.52,94744.32,'paid','2025-07-12','2025-10-30 18:23:34','2025-10-30 18:23:34',NULL),(13,3,'BILL-2024-03-0003','2025-07-01','2025-08-01','2025-08-16',13679.00,NULL,113947.50,500.00,11394.75,22651.60,148493.86,'paid','2025-08-11','2025-10-30 18:23:34','2025-10-30 18:23:34',NULL),(14,3,'BILL-2024-04-0003','2025-08-01','2025-09-01','2025-09-16',6867.00,NULL,52367.50,500.00,5236.75,10458.76,68563.01,'paid','2025-09-05','2025-10-30 18:23:34','2025-10-30 18:23:34',NULL),(15,3,'BILL-2024-05-0003','2025-09-01','2025-10-02','2025-10-17',11187.00,NULL,90273.50,500.00,9027.35,17964.15,117765.00,'paid','2025-10-11','2025-10-30 18:23:34','2025-10-30 18:23:34',NULL),(16,4,'BILL-2024-01-0004','2025-05-01','2025-06-01','2025-06-16',1879.00,NULL,19054.00,150.00,1524.32,3731.10,24459.42,'paid','2025-06-10','2025-10-30 18:23:34','2025-10-30 18:23:34',NULL),(17,4,'BILL-2024-02-0004','2025-06-01','2025-07-02','2025-07-17',1091.00,NULL,9992.00,150.00,799.36,1969.44,12910.80,'paid','2025-07-08','2025-10-30 18:23:34','2025-10-30 18:23:34',NULL),(18,4,'BILL-2024-03-0004','2025-07-01','2025-08-01','2025-08-16',1449.00,NULL,14109.00,150.00,1128.72,2769.79,18157.51,'paid','2025-08-05','2025-10-30 18:23:34','2025-10-30 18:23:34',NULL),(19,4,'BILL-2024-04-0004','2025-08-01','2025-09-01','2025-09-16',697.00,NULL,5917.00,150.00,473.36,1177.26,7717.62,'paid','2025-09-13','2025-10-30 18:23:34','2025-10-30 18:23:34',NULL),(20,4,'BILL-2024-05-0004','2025-09-01','2025-10-02','2025-10-17',1838.00,NULL,18582.50,150.00,1486.60,3639.44,23858.54,'paid','2025-10-10','2025-10-30 18:23:34','2025-10-30 18:23:34',NULL),(21,5,'BILL-2024-01-0005','2025-05-01','2025-06-01','2025-06-16',877.00,NULL,3683.00,30.00,147.32,694.86,4555.18,'paid','2025-06-09','2025-10-30 18:23:34','2025-10-30 18:23:34',NULL),(22,5,'BILL-2024-02-0005','2025-06-01','2025-07-02','2025-07-17',323.00,NULL,1091.00,30.00,43.64,209.64,1374.28,'paid','2025-07-09','2025-10-30 18:23:34','2025-10-30 18:23:34',NULL),(23,5,'BILL-2024-03-0005','2025-07-01','2025-08-01','2025-08-16',702.00,NULL,2808.00,30.00,112.32,531.06,3481.38,'paid','2025-08-09','2025-10-30 18:23:34','2025-10-30 18:23:34',NULL),(24,5,'BILL-2024-04-0005','2025-08-01','2025-09-01','2025-09-16',399.00,NULL,1395.00,30.00,55.80,266.54,1747.34,'paid','2025-09-04','2025-10-30 18:23:35','2025-10-30 18:23:35',NULL),(25,5,'BILL-2024-05-0005','2025-09-01','2025-10-02','2025-10-17',556.00,NULL,2078.00,30.00,83.12,394.40,2585.52,'paid','2025-10-11','2025-10-30 18:23:35','2025-10-30 18:23:35',NULL),(26,6,'BILL-2024-01-0006','2025-05-01','2025-06-01','2025-06-16',1110.00,NULL,4957.00,30.00,198.28,933.35,6118.63,'paid','2025-06-11','2025-10-30 18:23:35','2025-10-30 18:23:35',NULL),(27,6,'BILL-2024-02-0006','2025-06-01','2025-07-02','2025-07-17',1145.00,NULL,5167.00,30.00,206.68,972.66,6376.34,'paid','2025-07-15','2025-10-30 18:23:35','2025-10-30 18:23:35',NULL),(28,6,'BILL-2024-03-0006','2025-07-01','2025-08-01','2025-08-16',403.00,NULL,1411.00,30.00,56.44,269.54,1766.98,'paid','2025-08-10','2025-10-30 18:23:35','2025-10-30 18:23:35',NULL),(29,6,'BILL-2024-04-0006','2025-08-01','2025-09-01','2025-09-16',1045.00,NULL,4567.00,30.00,182.68,860.34,5640.02,'paid','2025-09-04','2025-10-30 18:23:35','2025-10-30 18:23:35',NULL),(30,6,'BILL-2024-05-0006','2025-09-01','2025-10-02','2025-10-17',734.00,NULL,2968.00,30.00,118.72,561.01,3677.73,'paid','2025-10-08','2025-10-30 18:23:35','2025-10-30 18:23:35',NULL),(31,7,'BILL-2024-01-0007','2025-05-01','2025-06-01','2025-06-16',1216.00,NULL,11429.50,150.00,914.36,2248.89,14742.75,'paid','2025-06-12','2025-10-30 18:23:35','2025-10-30 18:23:35',NULL),(32,7,'BILL-2024-02-0007','2025-06-01','2025-07-02','2025-07-17',971.00,NULL,8657.00,150.00,692.56,1709.92,11209.48,'paid','2025-07-10','2025-10-30 18:23:35','2025-10-30 18:23:35',NULL),(33,7,'BILL-2024-03-0007','2025-07-01','2025-08-01','2025-08-16',889.00,NULL,7837.00,150.00,626.96,1550.51,10164.47,'paid','2025-08-08','2025-10-30 18:23:35','2025-10-30 18:23:35',NULL),(34,7,'BILL-2024-04-0007','2025-08-01','2025-09-01','2025-09-16',1985.00,NULL,20273.00,150.00,1621.84,3968.07,26012.91,'paid','2025-09-10','2025-10-30 18:23:35','2025-10-30 18:23:35',NULL),(35,7,'BILL-2024-05-0007','2025-09-01','2025-10-02','2025-10-17',878.00,NULL,7727.00,150.00,618.16,1529.13,10024.29,'paid','2025-10-07','2025-10-30 18:23:35','2025-10-30 18:23:35',NULL),(36,8,'BILL-2024-01-0008','2025-05-01','2025-06-01','2025-06-16',13855.00,NULL,115619.50,500.00,11561.95,22982.66,150664.11,'paid','2025-06-12','2025-10-30 18:23:35','2025-10-30 18:23:35',NULL),(37,8,'BILL-2024-02-0008','2025-06-01','2025-07-02','2025-07-17',6046.00,NULL,45389.00,500.00,4538.90,9077.02,59504.92,'paid','2025-07-11','2025-10-30 18:23:35','2025-10-30 18:23:35',NULL),(38,8,'BILL-2024-03-0008','2025-07-01','2025-08-01','2025-08-16',6223.00,NULL,46893.50,500.00,4689.35,9374.91,61457.76,'paid','2025-08-10','2025-10-30 18:23:35','2025-10-30 18:23:35',NULL),(39,8,'BILL-2024-04-0008','2025-08-01','2025-09-01','2025-09-16',11235.00,NULL,90729.50,500.00,9072.95,18054.44,118356.89,'paid','2025-09-07','2025-10-30 18:23:35','2025-10-30 18:23:35',NULL),(40,8,'BILL-2024-05-0008','2025-09-01','2025-10-02','2025-10-17',9532.00,NULL,75020.00,500.00,7502.00,14943.96,97965.96,'paid','2025-10-06','2025-10-30 18:23:35','2025-10-30 18:23:35',NULL),(41,9,'BILL-2024-01-0009','2025-05-01','2025-06-01','2025-06-16',931.00,NULL,3953.00,30.00,158.12,745.40,4886.52,'paid','2025-06-06','2025-10-30 18:23:35','2025-10-30 18:23:35',NULL),(42,9,'BILL-2024-02-0009','2025-06-01','2025-07-02','2025-07-17',1189.00,NULL,5431.00,30.00,217.24,1022.08,6700.32,'paid','2025-07-10','2025-10-30 18:23:35','2025-10-30 18:23:35',NULL),(43,9,'BILL-2024-03-0009','2025-07-01','2025-08-01','2025-08-16',799.00,NULL,3293.00,30.00,131.72,621.85,4076.57,'issued',NULL,'2025-10-30 18:23:35','2025-10-30 18:23:35',NULL),(44,9,'BILL-2024-04-0009','2025-08-01','2025-09-01','2025-09-16',1000.00,NULL,4298.00,30.00,171.92,809.99,5309.91,'paid','2025-09-07','2025-10-30 18:23:35','2025-10-30 18:23:35',NULL),(45,9,'BILL-2024-05-0009','2025-09-01','2025-10-02','2025-10-17',961.00,NULL,4103.00,30.00,164.12,773.48,5070.60,'paid','2025-10-05','2025-10-30 18:23:35','2025-10-30 18:23:35',NULL),(46,10,'BILL-2024-01-0010','2025-05-01','2025-06-01','2025-06-16',1040.00,NULL,9405.50,150.00,752.44,1855.43,12163.37,'paid','2025-06-14','2025-10-30 18:23:35','2025-10-30 18:23:35',NULL),(47,10,'BILL-2024-02-0010','2025-06-01','2025-07-02','2025-07-17',642.00,NULL,5367.00,150.00,429.36,1070.34,7016.70,'paid','2025-07-08','2025-10-30 18:23:35','2025-10-30 18:23:35',NULL),(48,10,'BILL-2024-03-0010','2025-07-01','2025-08-01','2025-08-16',981.00,NULL,8757.00,150.00,700.56,1729.36,11336.92,'paid','2025-08-05','2025-10-30 18:23:35','2025-10-30 18:23:35',NULL),(49,10,'BILL-2024-04-0010','2025-08-01','2025-09-01','2025-09-16',1642.00,NULL,16328.50,150.00,1306.28,3201.26,20986.04,'paid','2025-09-14','2025-10-30 18:23:35','2025-10-30 18:23:35',NULL),(50,10,'BILL-2024-05-0010','2025-09-01','2025-10-02','2025-10-17',661.00,NULL,5557.00,150.00,444.56,1107.28,7258.84,'paid','2025-10-08','2025-10-30 18:23:35','2025-10-30 18:23:35',NULL),(51,11,'BILL-2024-01-0011','2025-05-01','2025-06-01','2025-06-16',12601.00,NULL,103706.50,500.00,10370.65,20623.89,135201.04,'paid','2025-06-09','2025-10-30 18:23:35','2025-10-30 18:23:35',NULL),(52,11,'BILL-2024-02-0011','2025-06-01','2025-07-02','2025-07-17',12871.00,NULL,106271.50,500.00,10627.15,21131.76,138530.41,'paid','2025-07-10','2025-10-30 18:23:35','2025-10-30 18:23:35',NULL),(53,11,'BILL-2024-03-0011','2025-07-01','2025-08-01','2025-08-16',5848.00,NULL,43706.00,500.00,4370.60,8743.79,57320.39,'paid','2025-08-10','2025-10-30 18:23:35','2025-10-30 18:23:35',NULL),(54,11,'BILL-2024-04-0011','2025-08-01','2025-09-01','2025-09-16',10830.00,NULL,86882.00,500.00,8688.20,17292.64,113362.84,'paid','2025-09-14','2025-10-30 18:23:35','2025-10-30 18:23:35',NULL),(55,11,'BILL-2024-05-0011','2025-09-01','2025-10-02','2025-10-17',5053.00,NULL,36948.50,500.00,3694.85,7405.80,48549.15,'paid','2025-10-13','2025-10-30 18:23:35','2025-10-30 18:23:35',NULL),(56,12,'BILL-2024-01-0012','2025-05-01','2025-06-01','2025-06-16',503.00,NULL,3977.00,150.00,318.16,800.13,5245.29,'paid','2025-06-12','2025-10-30 18:23:35','2025-10-30 18:23:35',NULL),(57,12,'BILL-2024-02-0012','2025-06-01','2025-07-02','2025-07-17',1777.00,NULL,17881.00,150.00,1430.48,3503.07,22964.55,'paid','2025-07-12','2025-10-30 18:23:35','2025-10-30 18:23:35',NULL),(58,12,'BILL-2024-03-0012','2025-07-01','2025-08-01','2025-08-16',1394.00,NULL,13476.50,150.00,1078.12,2646.83,17351.45,'paid','2025-08-14','2025-10-30 18:23:35','2025-10-30 18:23:35',NULL),(59,12,'BILL-2024-04-0012','2025-08-01','2025-09-01','2025-09-16',908.00,NULL,8027.00,150.00,642.16,1587.45,10406.61,'paid','2025-09-07','2025-10-30 18:23:35','2025-10-30 18:23:35',NULL),(60,12,'BILL-2024-05-0012','2025-09-01','2025-10-02','2025-10-17',961.00,NULL,8557.00,150.00,684.56,1690.48,11082.04,'paid','2025-10-12','2025-10-30 18:23:35','2025-10-30 18:23:35',NULL),(61,13,'BILL-2024-01-0013','2025-05-01','2025-06-01','2025-06-16',882.00,NULL,7767.00,150.00,621.36,1536.90,10075.26,'paid','2025-06-06','2025-10-30 18:23:35','2025-10-30 18:23:35',NULL),(62,13,'BILL-2024-02-0013','2025-06-01','2025-07-02','2025-07-17',1978.00,NULL,20192.50,150.00,1615.40,3952.42,25910.32,'paid','2025-07-06','2025-10-30 18:23:35','2025-10-30 18:23:35',NULL),(63,13,'BILL-2024-03-0013','2025-07-01','2025-08-01','2025-08-16',509.00,NULL,4037.00,150.00,322.96,811.79,5321.75,'paid','2025-08-11','2025-10-30 18:23:35','2025-10-30 18:23:35',NULL),(64,13,'BILL-2024-04-0013','2025-08-01','2025-09-01','2025-09-16',1280.00,NULL,12165.50,150.00,973.24,2391.97,15680.71,'paid','2025-09-04','2025-10-30 18:23:35','2025-10-30 18:23:35',NULL),(65,13,'BILL-2024-05-0013','2025-09-01','2025-10-02','2025-10-17',1433.00,NULL,13925.00,150.00,1114.00,2734.02,17923.02,'paid','2025-10-11','2025-10-30 18:23:35','2025-10-30 18:23:35',NULL),(66,14,'BILL-2024-01-0014','2025-05-01','2025-06-01','2025-06-16',400.00,NULL,2695.50,50.00,161.73,523.30,3430.53,'paid','2025-06-13','2025-10-30 18:23:35','2025-10-30 18:23:35',NULL),(67,14,'BILL-2024-02-0014','2025-06-01','2025-07-02','2025-07-17',209.00,NULL,1114.50,50.00,66.87,221.65,1453.02,'paid','2025-07-11','2025-10-30 18:23:35','2025-10-30 18:23:35',NULL),(68,14,'BILL-2024-03-0014','2025-07-01','2025-08-01','2025-08-16',292.00,NULL,1737.00,50.00,104.22,340.42,2231.64,'paid','2025-08-08','2025-10-30 18:23:35','2025-10-30 18:23:35',NULL),(69,14,'BILL-2024-04-0014','2025-08-01','2025-09-01','2025-09-16',88.00,NULL,396.00,50.00,23.76,84.56,554.32,'paid','2025-09-13','2025-10-30 18:23:35','2025-10-30 18:23:35',NULL),(70,14,'BILL-2024-05-0014','2025-09-01','2025-10-02','2025-10-17',187.00,NULL,970.50,50.00,58.23,194.17,1272.90,'paid','2025-10-09','2025-10-30 18:23:35','2025-10-30 18:23:35',NULL),(71,15,'BILL-2024-01-0015','2025-05-01','2025-06-01','2025-06-16',328.00,NULL,1111.00,30.00,44.44,213.38,1398.82,'paid','2025-06-07','2025-10-30 18:23:35','2025-10-30 18:23:35',NULL),(72,15,'BILL-2024-02-0015','2025-06-01','2025-07-02','2025-07-17',542.00,NULL,2008.00,30.00,80.32,381.30,2499.62,'paid','2025-07-09','2025-10-30 18:23:35','2025-10-30 18:23:35',NULL),(73,15,'BILL-2024-03-0015','2025-07-01','2025-08-01','2025-08-16',482.00,NULL,1727.00,30.00,69.08,328.69,2154.77,'paid','2025-08-11','2025-10-30 18:23:35','2025-10-30 18:23:35',NULL),(74,15,'BILL-2024-04-0015','2025-08-01','2025-09-01','2025-09-16',807.00,NULL,3333.00,30.00,133.32,629.34,4125.66,'paid','2025-09-10','2025-10-30 18:23:35','2025-10-30 18:23:35',NULL),(75,15,'BILL-2024-05-0015','2025-09-01','2025-10-02','2025-10-17',768.00,NULL,3138.00,30.00,125.52,592.83,3886.35,'paid','2025-10-09','2025-10-30 18:23:35','2025-10-30 18:23:35',NULL),(76,16,'BILL-2024-01-0016','2025-05-01','2025-06-01','2025-06-16',776.00,NULL,3178.00,30.00,127.12,600.32,3935.44,'paid','2025-06-09','2025-10-30 18:23:35','2025-10-30 18:23:35',NULL),(77,16,'BILL-2024-02-0016','2025-06-01','2025-07-02','2025-07-17',401.00,NULL,1403.00,30.00,56.12,268.04,1757.16,'paid','2025-07-06','2025-10-30 18:23:35','2025-10-30 18:23:35',NULL),(78,16,'BILL-2024-03-0016','2025-07-01','2025-08-01','2025-08-16',699.00,NULL,2793.00,30.00,111.72,528.25,3462.97,'paid','2025-08-12','2025-10-30 18:23:35','2025-10-30 18:23:35',NULL),(79,16,'BILL-2024-04-0016','2025-08-01','2025-09-01','2025-09-16',675.00,NULL,2673.00,30.00,106.92,505.79,3315.71,'paid','2025-09-04','2025-10-30 18:23:35','2025-10-30 18:23:35',NULL),(80,16,'BILL-2024-05-0016','2025-09-01','2025-10-02','2025-10-17',623.00,NULL,2413.00,30.00,96.52,457.11,2996.63,'paid','2025-10-08','2025-10-30 18:23:35','2025-10-30 18:23:35',NULL),(81,17,'BILL-2024-01-0017','2025-05-01','2025-06-01','2025-06-16',1070.00,NULL,9750.50,150.00,780.04,1922.50,12603.04,'issued',NULL,'2025-10-30 18:23:35','2025-10-30 18:23:35',NULL),(82,17,'BILL-2024-02-0017','2025-06-01','2025-07-02','2025-07-17',1454.00,NULL,14166.50,150.00,1133.32,2780.97,18230.79,'paid','2025-07-14','2025-10-30 18:23:35','2025-10-30 18:23:35',NULL),(83,17,'BILL-2024-03-0017','2025-07-01','2025-08-01','2025-08-16',1227.00,NULL,11556.00,150.00,924.48,2273.49,14903.97,'paid','2025-08-04','2025-10-30 18:23:35','2025-10-30 18:23:35',NULL),(84,17,'BILL-2024-04-0017','2025-08-01','2025-09-01','2025-09-16',1491.00,NULL,14592.00,150.00,1167.36,2863.68,18773.04,'paid','2025-09-14','2025-10-30 18:23:35','2025-10-30 18:23:35',NULL),(85,17,'BILL-2024-05-0017','2025-09-01','2025-10-02','2025-10-17',918.00,NULL,8127.00,150.00,650.16,1606.89,10534.05,'paid','2025-10-07','2025-10-30 18:23:35','2025-10-30 18:23:35',NULL),(86,18,'BILL-2024-01-0018','2025-05-01','2025-06-01','2025-06-16',1034.00,NULL,4501.00,30.00,180.04,847.99,5559.03,'paid','2025-06-11','2025-10-30 18:23:35','2025-10-30 18:23:35',NULL),(87,18,'BILL-2024-02-0018','2025-06-01','2025-07-02','2025-07-17',1178.00,NULL,5365.00,30.00,214.60,1009.73,6619.33,'paid','2025-07-11','2025-10-30 18:23:35','2025-10-30 18:23:35',NULL),(88,18,'BILL-2024-03-0018','2025-07-01','2025-08-01','2025-08-16',694.00,NULL,2768.00,30.00,110.72,523.57,3432.29,'paid','2025-08-11','2025-10-30 18:23:35','2025-10-30 18:23:35',NULL),(89,18,'BILL-2024-04-0018','2025-08-01','2025-09-01','2025-09-16',663.00,NULL,2613.00,30.00,104.52,494.55,3242.07,'paid','2025-09-04','2025-10-30 18:23:35','2025-10-30 18:23:35',NULL),(90,18,'BILL-2024-05-0018','2025-09-01','2025-10-02','2025-10-17',1050.00,NULL,4597.00,30.00,183.88,865.96,5676.84,'paid','2025-10-14','2025-10-30 18:23:36','2025-10-30 18:23:36',NULL),(91,19,'BILL-2024-01-0019','2025-05-01','2025-06-01','2025-06-16',11252.00,NULL,90891.00,500.00,9089.10,18086.42,118566.52,'paid','2025-06-14','2025-10-30 18:23:36','2025-10-30 18:23:36',NULL),(92,19,'BILL-2024-02-0019','2025-06-01','2025-07-02','2025-07-17',11497.00,NULL,93218.50,500.00,9321.85,18547.26,121587.61,'paid','2025-07-05','2025-10-30 18:23:36','2025-10-30 18:23:36',NULL),(93,19,'BILL-2024-03-0019','2025-07-01','2025-08-01','2025-08-16',12001.00,NULL,98006.50,500.00,9800.65,19495.29,127802.44,'paid','2025-08-09','2025-10-30 18:23:36','2025-10-30 18:23:36',NULL),(94,19,'BILL-2024-04-0019','2025-08-01','2025-09-01','2025-09-16',6464.00,NULL,48942.00,500.00,4894.20,9780.52,64116.72,'paid','2025-09-06','2025-10-30 18:23:36','2025-10-30 18:23:36',NULL),(95,19,'BILL-2024-05-0019','2025-09-01','2025-10-02','2025-10-17',12530.00,NULL,103032.00,500.00,10303.20,20490.34,134325.54,'paid','2025-10-08','2025-10-30 18:23:36','2025-10-30 18:23:36',NULL),(96,20,'BILL-2024-01-0020','2025-05-01','2025-06-01','2025-06-16',704.00,NULL,2818.00,30.00,112.72,532.93,3493.65,'paid','2025-06-13','2025-10-30 18:23:36','2025-10-30 18:23:36',NULL),(97,20,'BILL-2024-02-0020','2025-06-01','2025-07-02','2025-07-17',1161.00,NULL,5263.00,30.00,210.52,990.63,6494.15,'paid','2025-07-15','2025-10-30 18:23:36','2025-10-30 18:23:36',NULL),(98,20,'BILL-2024-03-0020','2025-07-01','2025-08-01','2025-08-16',534.00,NULL,1968.00,30.00,78.72,373.81,2450.53,'paid','2025-08-06','2025-10-30 18:23:36','2025-10-30 18:23:36',NULL),(99,20,'BILL-2024-04-0020','2025-08-01','2025-09-01','2025-09-16',897.00,NULL,3783.00,30.00,151.32,713.58,4677.90,'paid','2025-09-08','2025-10-30 18:23:36','2025-10-30 18:23:36',NULL),(100,20,'BILL-2024-05-0020','2025-09-01','2025-10-02','2025-10-17',1483.00,NULL,7195.00,30.00,287.80,1352.30,8865.10,'paid','2025-10-15','2025-10-30 18:23:36','2025-10-30 18:23:36',NULL),(101,21,'BILL-2024-01-0021','2025-05-01','2025-06-01','2025-06-16',94.00,NULL,423.00,50.00,25.38,89.71,588.09,'paid','2025-06-04','2025-10-30 18:23:36','2025-10-30 18:23:36',NULL),(102,21,'BILL-2024-02-0021','2025-06-01','2025-07-02','2025-07-17',266.00,NULL,1542.00,50.00,92.52,303.21,1987.73,'paid','2025-07-09','2025-10-30 18:23:36','2025-10-30 18:23:36',NULL),(103,21,'BILL-2024-03-0021','2025-07-01','2025-08-01','2025-08-16',105.00,NULL,478.50,50.00,28.71,100.30,657.51,'paid','2025-08-13','2025-10-30 18:23:36','2025-10-30 18:23:36',NULL),(104,21,'BILL-2024-04-0021','2025-08-01','2025-09-01','2025-09-16',364.00,NULL,2371.50,50.00,142.29,461.48,3025.27,'paid','2025-09-14','2025-10-30 18:23:36','2025-10-30 18:23:36',NULL),(105,21,'BILL-2024-05-0021','2025-09-01','2025-10-02','2025-10-17',209.00,NULL,1114.50,50.00,66.87,221.65,1453.02,'paid','2025-10-13','2025-10-30 18:23:36','2025-10-30 18:23:36',NULL),(106,22,'BILL-2024-01-0022','2025-05-01','2025-06-01','2025-06-16',394.00,NULL,2641.50,50.00,158.49,513.00,3362.99,'paid','2025-06-12','2025-10-30 18:23:36','2025-10-30 18:23:36',NULL),(107,22,'BILL-2024-02-0022','2025-06-01','2025-07-02','2025-07-17',322.00,NULL,1993.50,50.00,119.61,389.36,2552.47,'paid','2025-07-09','2025-10-30 18:23:36','2025-10-30 18:23:36',NULL),(108,22,'BILL-2024-03-0022','2025-07-01','2025-08-01','2025-08-16',174.00,NULL,892.50,50.00,53.55,179.29,1175.34,'paid','2025-08-13','2025-10-30 18:23:36','2025-10-30 18:23:36',NULL),(109,22,'BILL-2024-04-0022','2025-08-01','2025-09-01','2025-09-16',380.00,NULL,2515.50,50.00,150.93,488.96,3205.39,'paid','2025-09-04','2025-10-30 18:23:36','2025-10-30 18:23:36',NULL),(110,22,'BILL-2024-05-0022','2025-09-01','2025-10-02','2025-10-17',323.00,NULL,2002.50,50.00,120.15,391.08,2563.73,'paid','2025-10-15','2025-10-30 18:23:36','2025-10-30 18:23:36',NULL),(111,23,'BILL-2024-01-0023','2025-05-01','2025-06-01','2025-06-16',508.00,NULL,1838.00,30.00,73.52,349.47,2290.99,'issued',NULL,'2025-10-30 18:23:36','2025-10-30 18:23:36',NULL),(112,23,'BILL-2024-02-0023','2025-06-01','2025-07-02','2025-07-17',387.00,NULL,1347.00,30.00,53.88,257.56,1688.44,'paid','2025-07-10','2025-10-30 18:23:36','2025-10-30 18:23:36',NULL),(113,23,'BILL-2024-03-0023','2025-07-01','2025-08-01','2025-08-16',606.00,NULL,2328.00,30.00,93.12,441.20,2892.32,'paid','2025-08-12','2025-10-30 18:23:36','2025-10-30 18:23:36',NULL),(114,23,'BILL-2024-04-0023','2025-08-01','2025-09-01','2025-09-16',450.00,NULL,1599.00,30.00,63.96,304.73,1997.69,'paid','2025-09-06','2025-10-30 18:23:36','2025-10-30 18:23:36',NULL),(115,23,'BILL-2024-05-0023','2025-09-01','2025-10-02','2025-10-17',407.00,NULL,1427.00,30.00,57.08,272.53,1786.61,'issued',NULL,'2025-10-30 18:23:36','2025-10-30 18:23:36',NULL),(116,24,'BILL-2024-01-0024','2025-05-01','2025-06-01','2025-06-16',339.00,NULL,2146.50,50.00,128.79,418.55,2743.84,'paid','2025-06-08','2025-10-30 18:23:36','2025-10-30 18:23:36',NULL),(117,24,'BILL-2024-02-0024','2025-06-01','2025-07-02','2025-07-17',126.00,NULL,604.50,50.00,36.27,124.34,815.11,'paid','2025-07-14','2025-10-30 18:23:36','2025-10-30 18:23:36',NULL),(118,24,'BILL-2024-03-0024','2025-07-01','2025-08-01','2025-08-16',164.00,NULL,832.50,50.00,49.95,167.84,1100.29,'paid','2025-08-07','2025-10-30 18:23:36','2025-10-30 18:23:36',NULL),(119,24,'BILL-2024-04-0024','2025-08-01','2025-09-01','2025-09-16',368.00,NULL,2407.50,50.00,144.45,468.35,3070.30,'paid','2025-10-30','2025-10-30 18:23:36','2025-10-30 23:26:22',NULL),(120,24,'BILL-2024-05-0024','2025-09-01','2025-10-02','2025-10-17',169.00,NULL,862.50,50.00,51.75,173.56,1137.82,'paid','2025-10-05','2025-10-30 18:23:36','2025-10-30 18:23:36',NULL),(121,25,'BILL-2024-01-0025','2025-05-01','2025-06-01','2025-06-16',365.00,NULL,2380.50,50.00,142.83,463.20,3036.53,'paid','2025-06-11','2025-10-30 18:23:36','2025-10-30 18:23:36',NULL),(122,25,'BILL-2024-02-0025','2025-06-01','2025-07-02','2025-07-17',216.00,NULL,1167.00,50.00,70.02,231.66,1518.68,'paid','2025-07-08','2025-10-30 18:23:36','2025-10-30 18:23:36',NULL),(123,25,'BILL-2024-03-0025','2025-07-01','2025-08-01','2025-08-16',171.00,NULL,874.50,50.00,52.47,175.85,1152.82,'paid','2025-08-14','2025-10-30 18:23:36','2025-10-30 18:23:36',NULL),(124,25,'BILL-2024-04-0025','2025-08-01','2025-09-01','2025-09-16',373.00,NULL,2452.50,50.00,147.15,476.94,3126.59,'paid','2025-09-08','2025-10-30 18:23:36','2025-10-30 18:23:36',NULL),(125,25,'BILL-2024-05-0025','2025-09-01','2025-10-02','2025-10-17',332.00,NULL,2083.50,50.00,125.01,406.53,2665.04,'paid','2025-10-13','2025-10-30 18:23:36','2025-10-30 18:23:36',NULL),(126,26,'BILL-2024-01-0026','2025-05-01','2025-06-01','2025-06-16',1304.00,NULL,6121.00,30.00,244.84,1151.25,7547.09,'issued',NULL,'2025-10-30 18:23:36','2025-10-30 18:23:36',NULL),(127,26,'BILL-2024-02-0026','2025-06-01','2025-07-02','2025-07-17',846.00,NULL,3528.00,30.00,141.12,665.84,4364.96,'paid','2025-07-06','2025-10-30 18:23:36','2025-10-30 18:23:36',NULL),(128,26,'BILL-2024-03-0026','2025-07-01','2025-08-01','2025-08-16',1390.00,NULL,6637.00,30.00,265.48,1247.85,8180.33,'paid','2025-08-13','2025-10-30 18:23:36','2025-10-30 18:23:36',NULL),(129,26,'BILL-2024-04-0026','2025-08-01','2025-09-01','2025-09-16',973.00,NULL,4163.00,30.00,166.52,784.71,5144.23,'paid','2025-09-06','2025-10-30 18:23:36','2025-10-30 18:23:36',NULL),(130,26,'BILL-2024-05-0026','2025-09-01','2025-10-02','2025-10-17',669.00,NULL,2643.00,30.00,105.72,500.17,3278.89,'paid','2025-10-12','2025-10-30 18:23:36','2025-10-30 18:23:36',NULL),(131,27,'BILL-2024-01-0027','2025-05-01','2025-06-01','2025-06-16',1416.00,NULL,6793.00,30.00,271.72,1277.05,8371.77,'paid','2025-10-30','2025-10-30 18:23:36','2025-10-30 22:37:23',NULL),(132,27,'BILL-2024-02-0027','2025-06-01','2025-07-02','2025-07-17',1287.00,NULL,6019.00,30.00,240.76,1132.16,7421.92,'paid','2025-07-15','2025-10-30 18:23:36','2025-10-30 18:23:36',NULL),(133,27,'BILL-2024-03-0027','2025-07-01','2025-08-01','2025-08-16',813.00,NULL,3363.00,30.00,134.52,634.95,4162.47,'paid','2025-08-13','2025-10-30 18:23:36','2025-10-30 18:23:36',NULL),(134,27,'BILL-2024-04-0027','2025-08-01','2025-09-01','2025-09-16',1324.00,NULL,6241.00,30.00,249.64,1173.72,7694.36,'paid','2025-09-07','2025-10-30 18:23:36','2025-10-30 18:23:36',NULL),(135,27,'BILL-2024-05-0027','2025-09-01','2025-10-02','2025-10-17',1209.00,NULL,5551.00,30.00,222.04,1044.55,6847.59,'paid','2025-10-30','2025-10-30 18:23:36','2025-10-30 22:37:06',NULL),(136,28,'BILL-2024-01-0028','2025-05-01','2025-06-01','2025-06-16',11242.00,NULL,90796.00,500.00,9079.60,18067.61,118443.21,'issued',NULL,'2025-10-30 18:23:36','2025-10-30 18:23:36',NULL),(137,28,'BILL-2024-02-0028','2025-06-01','2025-07-02','2025-07-17',7138.00,NULL,54671.00,500.00,5467.10,10914.86,71552.96,'paid','2025-07-05','2025-10-30 18:23:36','2025-10-30 18:23:36',NULL),(138,28,'BILL-2024-03-0028','2025-07-01','2025-08-01','2025-08-16',11603.00,NULL,94225.50,500.00,9422.55,18746.65,122894.70,'paid','2025-08-10','2025-10-30 18:23:36','2025-10-30 18:23:36',NULL),(139,28,'BILL-2024-04-0028','2025-08-01','2025-09-01','2025-09-16',9403.00,NULL,73923.50,500.00,7392.35,14726.85,96542.70,'paid','2025-09-08','2025-10-30 18:23:36','2025-10-30 18:23:36',NULL),(140,28,'BILL-2024-05-0028','2025-09-01','2025-10-02','2025-10-17',14869.00,NULL,125252.50,500.00,12525.25,24889.99,163167.74,'paid','2025-10-11','2025-10-30 18:23:36','2025-10-30 18:23:36',NULL),(141,29,'BILL-2024-01-0029','2025-05-01','2025-06-01','2025-06-16',550.00,NULL,2048.00,30.00,81.92,388.79,2548.71,'paid','2025-06-06','2025-10-30 18:23:36','2025-10-30 18:23:36',NULL),(142,29,'BILL-2024-02-0029','2025-06-01','2025-07-02','2025-07-17',460.00,NULL,1639.00,30.00,65.56,312.22,2046.78,'issued',NULL,'2025-10-30 18:23:36','2025-10-30 18:23:36',NULL),(143,29,'BILL-2024-03-0029','2025-07-01','2025-08-01','2025-08-16',814.00,NULL,3368.00,30.00,134.72,635.89,4168.61,'paid','2025-08-13','2025-10-30 18:23:36','2025-10-30 18:23:36',NULL),(144,29,'BILL-2024-04-0029','2025-08-01','2025-09-01','2025-09-16',460.00,NULL,1639.00,30.00,65.56,312.22,2046.78,'paid','2025-09-08','2025-10-30 18:23:36','2025-10-30 18:23:36',NULL),(145,29,'BILL-2024-05-0029','2025-09-01','2025-10-02','2025-10-17',885.00,NULL,3723.00,30.00,148.92,702.35,4604.27,'paid','2025-10-13','2025-10-30 18:23:36','2025-10-30 18:23:36',NULL),(146,30,'BILL-2024-01-0030','2025-05-01','2025-06-01','2025-06-16',226.00,NULL,1242.00,50.00,74.52,245.97,1612.49,'paid','2025-06-10','2025-10-30 18:23:36','2025-10-30 18:23:36',NULL),(147,30,'BILL-2024-02-0030','2025-06-01','2025-07-02','2025-07-17',390.00,NULL,2605.50,50.00,156.33,506.13,3317.96,'paid','2025-07-07','2025-10-30 18:23:36','2025-10-30 18:23:36',NULL),(148,30,'BILL-2024-03-0030','2025-07-01','2025-08-01','2025-08-16',300.00,NULL,1797.00,50.00,107.82,351.87,2306.69,'paid','2025-08-08','2025-10-30 18:23:36','2025-10-30 18:23:36',NULL),(149,30,'BILL-2024-04-0030','2025-08-01','2025-09-01','2025-09-16',370.00,NULL,2425.50,50.00,145.53,471.79,3092.82,'paid','2025-09-12','2025-10-30 18:23:36','2025-10-30 18:23:36',NULL),(150,30,'BILL-2024-05-0030','2025-09-01','2025-10-02','2025-10-17',146.00,NULL,724.50,50.00,43.47,147.23,965.20,'paid','2025-10-09','2025-10-30 18:23:36','2025-10-30 18:23:36',NULL),(151,31,'BILL-2024-01-0031','2025-05-01','2025-06-01','2025-06-16',7339.00,NULL,56379.50,500.00,5637.95,11253.14,73770.59,'paid','2025-06-04','2025-10-30 18:23:36','2025-10-30 18:23:36',NULL),(152,31,'BILL-2024-02-0031','2025-06-01','2025-07-02','2025-07-17',10141.00,NULL,80336.50,500.00,8033.65,15996.63,104866.78,'paid','2025-07-06','2025-10-30 18:23:36','2025-10-30 18:23:36',NULL),(153,31,'BILL-2024-03-0031','2025-07-01','2025-08-01','2025-08-16',6474.00,NULL,49027.00,500.00,4902.70,9797.35,64227.05,'paid','2025-08-13','2025-10-30 18:23:36','2025-10-30 18:23:36',NULL),(154,31,'BILL-2024-04-0031','2025-08-01','2025-09-01','2025-09-16',12846.00,NULL,106034.00,500.00,10603.40,21084.73,138222.13,'paid','2025-09-11','2025-10-30 18:23:36','2025-10-30 18:23:36',NULL),(155,31,'BILL-2024-05-0031','2025-09-01','2025-10-02','2025-10-17',6646.00,NULL,50489.00,500.00,5048.90,10086.82,66124.72,'paid','2025-10-11','2025-10-30 18:23:36','2025-10-30 18:23:36',NULL),(156,32,'BILL-2024-01-0032','2025-05-01','2025-06-01','2025-06-16',5025.00,NULL,36710.50,500.00,3671.05,7358.68,48240.23,'paid','2025-06-14','2025-10-30 18:23:36','2025-10-30 18:23:36',NULL),(157,32,'BILL-2024-02-0032','2025-06-01','2025-07-02','2025-07-17',13372.00,NULL,111031.00,500.00,11103.10,22074.14,144708.24,'paid','2025-07-11','2025-10-30 18:23:36','2025-10-30 18:23:36',NULL),(158,32,'BILL-2024-03-0032','2025-07-01','2025-08-01','2025-08-16',14981.00,NULL,126316.50,500.00,12631.65,25100.67,164548.82,'paid','2025-08-10','2025-10-30 18:23:37','2025-10-30 18:23:37',NULL),(159,32,'BILL-2024-04-0032','2025-08-01','2025-09-01','2025-09-16',13003.00,NULL,107525.50,500.00,10752.55,21380.05,140158.10,'paid','2025-09-11','2025-10-30 18:23:37','2025-10-30 18:23:37',NULL),(160,32,'BILL-2024-05-0032','2025-09-01','2025-10-02','2025-10-17',6976.00,NULL,53294.00,500.00,5329.40,10642.21,69765.61,'paid','2025-10-10','2025-10-30 18:23:37','2025-10-30 18:23:37',NULL),(161,33,'BILL-2024-01-0033','2025-05-01','2025-06-01','2025-06-16',9779.00,NULL,77119.50,500.00,7711.95,15359.66,100691.11,'paid','2025-06-07','2025-10-30 18:23:37','2025-10-30 18:23:37',NULL),(162,33,'BILL-2024-02-0033','2025-06-01','2025-07-02','2025-07-17',12882.00,NULL,106376.00,500.00,10637.60,21152.45,138666.05,'paid','2025-07-07','2025-10-30 18:23:37','2025-10-30 18:23:37',NULL),(163,33,'BILL-2024-03-0033','2025-07-01','2025-08-01','2025-08-16',14535.00,NULL,122079.50,500.00,12207.95,24261.74,159049.19,'paid','2025-08-14','2025-10-30 18:23:37','2025-10-30 18:23:37',NULL),(164,33,'BILL-2024-04-0033','2025-08-01','2025-09-01','2025-09-16',9198.00,NULL,72181.00,500.00,7218.10,14381.84,94280.94,'paid','2025-09-06','2025-10-30 18:23:37','2025-10-30 18:23:37',NULL),(165,33,'BILL-2024-05-0033','2025-09-01','2025-10-02','2025-10-17',11001.00,NULL,88506.50,500.00,8850.65,17614.29,115471.44,'paid','2025-10-05','2025-10-30 18:23:37','2025-10-30 18:23:37',NULL),(166,34,'BILL-2024-01-0034','2025-05-01','2025-06-01','2025-06-16',6606.00,NULL,50149.00,500.00,5014.90,10019.50,65683.40,'paid','2025-06-11','2025-10-30 18:23:37','2025-10-30 18:23:37',NULL),(167,34,'BILL-2024-02-0034','2025-06-01','2025-07-02','2025-07-17',11087.00,NULL,89323.50,500.00,8932.35,17776.05,116531.90,'paid','2025-07-07','2025-10-30 18:23:37','2025-10-30 18:23:37',NULL),(168,34,'BILL-2024-03-0034','2025-07-01','2025-08-01','2025-08-16',13869.00,NULL,115752.50,500.00,11575.25,23008.99,150836.74,'paid','2025-08-05','2025-10-30 18:23:37','2025-10-30 18:23:37',NULL),(169,34,'BILL-2024-04-0034','2025-08-01','2025-09-01','2025-09-16',8758.00,NULL,68441.00,500.00,6844.10,13641.32,89426.42,'paid','2025-09-04','2025-10-30 18:23:37','2025-10-30 18:23:37',NULL),(170,34,'BILL-2024-05-0034','2025-09-01','2025-10-02','2025-10-17',6752.00,NULL,51390.00,500.00,5139.00,10265.22,67294.22,'paid','2025-10-08','2025-10-30 18:23:37','2025-10-30 18:23:37',NULL),(171,35,'BILL-2024-01-0035','2025-05-01','2025-06-01','2025-06-16',83.00,NULL,373.50,50.00,22.41,80.26,526.17,'paid','2025-06-13','2025-10-30 18:23:37','2025-10-30 18:23:37',NULL),(172,35,'BILL-2024-02-0035','2025-06-01','2025-07-02','2025-07-17',238.00,NULL,1332.00,50.00,79.92,263.15,1725.07,'paid','2025-07-06','2025-10-30 18:23:37','2025-10-30 18:23:37',NULL),(173,35,'BILL-2024-03-0035','2025-07-01','2025-08-01','2025-08-16',256.00,NULL,1467.00,50.00,88.02,288.90,1893.92,'paid','2025-08-08','2025-10-30 18:23:37','2025-10-30 18:23:37',NULL),(174,35,'BILL-2024-04-0035','2025-08-01','2025-09-01','2025-09-16',106.00,NULL,484.50,50.00,29.07,101.44,665.01,'paid','2025-09-14','2025-10-30 18:23:37','2025-10-30 18:23:37',NULL),(175,35,'BILL-2024-05-0035','2025-09-01','2025-10-02','2025-10-17',95.00,NULL,427.50,50.00,25.65,90.57,593.72,'paid','2025-10-12','2025-10-30 18:23:37','2025-10-30 18:23:37',NULL),(176,36,'BILL-2024-01-0036','2025-05-01','2025-06-01','2025-06-16',297.00,NULL,1774.50,50.00,106.47,347.57,2278.54,'paid','2025-06-05','2025-10-30 18:23:37','2025-10-30 18:23:37',NULL),(177,36,'BILL-2024-02-0036','2025-06-01','2025-07-02','2025-07-17',115.00,NULL,538.50,50.00,32.31,111.75,732.56,'paid','2025-07-09','2025-10-30 18:23:37','2025-10-30 18:23:37',NULL),(178,36,'BILL-2024-03-0036','2025-07-01','2025-08-01','2025-08-16',306.00,NULL,1849.50,50.00,110.97,361.88,2372.35,'paid','2025-08-04','2025-10-30 18:23:37','2025-10-30 18:23:37',NULL),(179,36,'BILL-2024-04-0036','2025-08-01','2025-09-01','2025-09-16',120.00,NULL,568.50,50.00,34.11,117.47,770.08,'paid','2025-09-06','2025-10-30 18:23:37','2025-10-30 18:23:37',NULL),(180,36,'BILL-2024-05-0036','2025-09-01','2025-10-02','2025-10-17',123.00,NULL,586.50,50.00,35.19,120.90,792.59,'paid','2025-10-09','2025-10-30 18:23:37','2025-10-30 18:23:37',NULL),(181,37,'BILL-2024-01-0037','2025-05-01','2025-06-01','2025-06-16',14406.00,NULL,120854.00,500.00,12085.40,24019.09,157458.49,'paid','2025-06-09','2025-10-30 18:23:37','2025-10-30 18:23:37',NULL),(182,37,'BILL-2024-02-0037','2025-06-01','2025-07-02','2025-07-17',7404.00,NULL,56932.00,500.00,5693.20,11362.54,74487.74,'paid','2025-07-15','2025-10-30 18:23:37','2025-10-30 18:23:37',NULL),(183,37,'BILL-2024-03-0037','2025-07-01','2025-08-01','2025-08-16',11128.00,NULL,89713.00,500.00,8971.30,17853.17,117037.47,'paid','2025-08-14','2025-10-30 18:23:37','2025-10-30 18:23:37',NULL),(184,37,'BILL-2024-04-0037','2025-08-01','2025-09-01','2025-09-16',6099.00,NULL,45839.50,500.00,4583.95,9166.22,60089.67,'paid','2025-09-05','2025-10-30 18:23:37','2025-10-30 18:23:37',NULL),(185,37,'BILL-2024-05-0037','2025-09-01','2025-10-02','2025-10-17',6461.00,NULL,48916.50,500.00,4891.65,9775.47,64083.62,'paid','2025-10-13','2025-10-30 18:23:37','2025-10-30 18:23:37',NULL),(186,38,'BILL-2024-01-0038','2025-05-01','2025-06-01','2025-06-16',1148.00,NULL,10647.50,150.00,851.80,2096.87,13746.17,'paid','2025-06-04','2025-10-30 18:23:37','2025-10-30 18:23:37',NULL),(187,38,'BILL-2024-02-0038','2025-06-01','2025-07-02','2025-07-17',638.00,NULL,5327.00,150.00,426.16,1062.57,6965.73,'paid','2025-07-13','2025-10-30 18:23:37','2025-10-30 18:23:37',NULL),(188,38,'BILL-2024-03-0038','2025-07-01','2025-08-01','2025-08-16',1948.00,NULL,19847.50,150.00,1587.80,3885.35,25470.65,'paid','2025-08-05','2025-10-30 18:23:37','2025-10-30 18:23:37',NULL),(189,38,'BILL-2024-04-0038','2025-08-01','2025-09-01','2025-09-16',1548.00,NULL,15247.50,150.00,1219.80,2991.11,19608.41,'paid','2025-09-14','2025-10-30 18:23:37','2025-10-30 18:23:37',NULL),(190,38,'BILL-2024-05-0038','2025-09-01','2025-10-02','2025-10-17',720.00,NULL,6147.00,150.00,491.76,1221.98,8010.74,'paid','2025-10-11','2025-10-30 18:23:37','2025-10-30 18:23:37',NULL),(191,39,'BILL-2024-01-0039','2025-05-01','2025-06-01','2025-06-16',181.00,NULL,934.50,50.00,56.07,187.30,1227.87,'paid','2025-06-04','2025-10-30 18:23:37','2025-10-30 18:23:37',NULL),(192,39,'BILL-2024-02-0039','2025-06-01','2025-07-02','2025-07-17',355.00,NULL,2290.50,50.00,137.43,446.03,2923.96,'paid','2025-07-14','2025-10-30 18:23:37','2025-10-30 18:23:37',NULL),(193,39,'BILL-2024-03-0039','2025-07-01','2025-08-01','2025-08-16',240.00,NULL,1347.00,50.00,80.82,266.01,1743.83,'paid','2025-08-12','2025-10-30 18:23:37','2025-10-30 18:23:37',NULL),(194,39,'BILL-2024-04-0039','2025-08-01','2025-09-01','2025-09-16',140.00,NULL,688.50,50.00,41.31,140.37,920.18,'paid','2025-09-06','2025-10-30 18:23:37','2025-10-30 18:23:37',NULL),(195,39,'BILL-2024-05-0039','2025-09-01','2025-10-02','2025-10-17',307.00,NULL,1858.50,50.00,111.51,363.60,2383.61,'paid','2025-10-12','2025-10-30 18:23:37','2025-10-30 18:23:37',NULL),(196,40,'BILL-2024-01-0040','2025-05-01','2025-06-01','2025-06-16',356.00,NULL,2299.50,50.00,137.97,447.74,2935.21,'paid','2025-06-08','2025-10-30 18:23:37','2025-10-30 18:23:37',NULL),(197,40,'BILL-2024-02-0040','2025-06-01','2025-07-02','2025-07-17',299.00,NULL,1789.50,50.00,107.37,350.44,2297.31,'paid','2025-07-15','2025-10-30 18:23:37','2025-10-30 18:23:37',NULL),(198,40,'BILL-2024-03-0040','2025-07-01','2025-08-01','2025-08-16',216.00,NULL,1167.00,50.00,70.02,231.66,1518.68,'paid','2025-08-06','2025-10-30 18:23:37','2025-10-30 18:23:37',NULL),(199,40,'BILL-2024-04-0040','2025-08-01','2025-09-01','2025-09-16',191.00,NULL,994.50,50.00,59.67,198.75,1302.92,'paid','2025-09-11','2025-10-30 18:23:37','2025-10-30 18:23:37',NULL),(200,40,'BILL-2024-05-0040','2025-09-01','2025-10-02','2025-10-17',334.00,NULL,2101.50,50.00,126.09,409.97,2687.56,'paid','2025-10-09','2025-10-30 18:23:37','2025-10-30 18:23:37',NULL),(201,41,'BILL-2024-01-0041','2025-05-01','2025-06-01','2025-06-16',649.00,NULL,2543.00,30.00,101.72,481.45,3156.17,'paid','2025-06-06','2025-10-30 18:23:37','2025-10-30 18:23:37',NULL),(202,41,'BILL-2024-02-0041','2025-06-01','2025-07-02','2025-07-17',1199.00,NULL,5491.00,30.00,219.64,1033.32,6773.96,'paid','2025-07-13','2025-10-30 18:23:37','2025-10-30 18:23:37',NULL),(203,41,'BILL-2024-03-0041','2025-07-01','2025-08-01','2025-08-16',909.00,NULL,3843.00,30.00,153.72,724.81,4751.53,'paid','2025-08-11','2025-10-30 18:23:37','2025-10-30 18:23:37',NULL),(204,41,'BILL-2024-04-0041','2025-08-01','2025-09-01','2025-09-16',905.00,NULL,3823.00,30.00,152.92,721.07,4726.99,'paid','2025-09-14','2025-10-30 18:23:37','2025-10-30 18:23:37',NULL),(205,41,'BILL-2024-05-0041','2025-09-01','2025-10-02','2025-10-17',1377.00,NULL,6559.00,30.00,262.36,1233.24,8084.60,'paid','2025-10-08','2025-10-30 18:23:37','2025-10-30 18:23:37',NULL),(206,42,'BILL-2024-01-0042','2025-05-01','2025-06-01','2025-06-16',897.00,NULL,3783.00,30.00,151.32,713.58,4677.90,'paid','2025-06-10','2025-10-30 18:23:37','2025-10-30 18:23:37',NULL),(207,42,'BILL-2024-02-0042','2025-06-01','2025-07-02','2025-07-17',704.00,NULL,2818.00,30.00,112.72,532.93,3493.65,'paid','2025-07-11','2025-10-30 18:23:37','2025-10-30 18:23:37',NULL),(208,42,'BILL-2024-03-0042','2025-07-01','2025-08-01','2025-08-16',404.00,NULL,1415.00,30.00,56.60,270.29,1771.89,'paid','2025-08-12','2025-10-30 18:23:37','2025-10-30 18:23:37',NULL),(209,42,'BILL-2024-04-0042','2025-08-01','2025-09-01','2025-09-16',485.00,NULL,1739.00,30.00,69.56,330.94,2169.50,'paid','2025-09-09','2025-10-30 18:23:37','2025-10-30 18:23:37',NULL),(210,42,'BILL-2024-05-0042','2025-09-01','2025-10-02','2025-10-17',1482.00,NULL,7189.00,30.00,287.56,1351.18,8857.74,'paid','2025-10-09','2025-10-30 18:23:37','2025-10-30 18:23:37',NULL),(211,43,'BILL-2024-01-0043','2025-05-01','2025-06-01','2025-06-16',283.00,NULL,1669.50,50.00,100.17,327.54,2147.21,'paid','2025-06-13','2025-10-30 18:23:37','2025-10-30 18:23:37',NULL),(212,43,'BILL-2024-02-0043','2025-06-01','2025-07-02','2025-07-17',168.00,NULL,856.50,50.00,51.39,172.42,1130.31,'paid','2025-07-12','2025-10-30 18:23:37','2025-10-30 18:23:37',NULL),(213,43,'BILL-2024-03-0043','2025-07-01','2025-08-01','2025-08-16',179.00,NULL,922.50,50.00,55.35,185.01,1212.86,'paid','2025-08-09','2025-10-30 18:23:37','2025-10-30 18:23:37',NULL),(214,43,'BILL-2024-04-0043','2025-08-01','2025-09-01','2025-09-16',123.00,NULL,586.50,50.00,35.19,120.90,792.59,'paid','2025-09-05','2025-10-30 18:23:37','2025-10-30 18:23:37',NULL),(215,43,'BILL-2024-05-0043','2025-09-01','2025-10-02','2025-10-17',104.00,NULL,472.50,50.00,28.35,99.15,650.00,'paid','2025-10-08','2025-10-30 18:23:37','2025-10-30 18:23:37',NULL),(216,44,'BILL-2024-01-0044','2025-05-01','2025-06-01','2025-06-16',988.00,NULL,8827.00,150.00,706.16,1742.97,11426.13,'paid','2025-06-07','2025-10-30 18:23:37','2025-10-30 18:23:37',NULL),(217,44,'BILL-2024-02-0044','2025-06-01','2025-07-02','2025-07-17',1212.00,NULL,11383.50,150.00,910.68,2239.95,14684.13,'paid','2025-07-07','2025-10-30 18:23:37','2025-10-30 18:23:37',NULL),(218,44,'BILL-2024-03-0044','2025-07-01','2025-08-01','2025-08-16',1514.00,NULL,14856.50,150.00,1188.52,2915.10,19110.12,'issued',NULL,'2025-10-30 18:23:37','2025-10-30 18:23:37',NULL),(219,44,'BILL-2024-04-0044','2025-08-01','2025-09-01','2025-09-16',1997.00,NULL,20411.00,150.00,1632.88,3994.90,26188.78,'paid','2025-09-04','2025-10-30 18:23:37','2025-10-30 18:23:37',NULL),(220,44,'BILL-2024-05-0044','2025-09-01','2025-10-02','2025-10-17',822.00,NULL,7167.00,150.00,573.36,1420.26,9310.62,'paid','2025-10-06','2025-10-30 18:23:37','2025-10-30 18:23:37',NULL),(221,45,'BILL-2024-01-0045','2025-05-01','2025-06-01','2025-06-16',8615.00,NULL,67225.50,500.00,6722.55,13400.65,87848.70,'paid','2025-06-09','2025-10-30 18:23:37','2025-10-30 18:23:37',NULL),(222,45,'BILL-2024-02-0045','2025-06-01','2025-07-02','2025-07-17',13229.00,NULL,109672.50,500.00,10967.25,21805.15,142944.90,'paid','2025-07-15','2025-10-30 18:23:37','2025-10-30 18:23:37',NULL),(223,45,'BILL-2024-03-0045','2025-07-01','2025-08-01','2025-08-16',5086.00,NULL,37229.00,500.00,3722.90,7461.34,48913.24,'paid','2025-08-09','2025-10-30 18:23:37','2025-10-30 18:23:37',NULL),(224,45,'BILL-2024-04-0045','2025-08-01','2025-09-01','2025-09-16',9519.00,NULL,74909.50,500.00,7490.95,14922.08,97822.53,'paid','2025-09-11','2025-10-30 18:23:37','2025-10-30 18:23:37',NULL),(225,45,'BILL-2024-05-0045','2025-09-01','2025-10-02','2025-10-17',7940.00,NULL,61488.00,500.00,6148.80,12264.62,80401.42,'paid','2025-10-13','2025-10-30 18:23:37','2025-10-30 18:23:37',NULL),(226,46,'BILL-2024-01-0046','2025-05-01','2025-06-01','2025-06-16',7211.00,NULL,55291.50,500.00,5529.15,11037.72,72358.37,'paid','2025-06-07','2025-10-30 18:23:38','2025-10-30 18:23:38',NULL),(227,46,'BILL-2024-02-0046','2025-06-01','2025-07-02','2025-07-17',12930.00,NULL,106832.00,500.00,10683.20,21242.74,139257.94,'paid','2025-07-08','2025-10-30 18:23:38','2025-10-30 18:23:38',NULL),(228,46,'BILL-2024-03-0046','2025-07-01','2025-08-01','2025-08-16',6833.00,NULL,52078.50,500.00,5207.85,10401.54,68187.89,'paid','2025-08-11','2025-10-30 18:23:38','2025-10-30 18:23:38',NULL),(229,46,'BILL-2024-04-0046','2025-08-01','2025-09-01','2025-09-16',8425.00,NULL,65610.50,500.00,6561.05,13080.88,85752.43,'paid','2025-09-04','2025-10-30 18:23:38','2025-10-30 18:23:38',NULL),(230,46,'BILL-2024-05-0046','2025-09-01','2025-10-02','2025-10-17',6544.00,NULL,49622.00,500.00,4962.20,9915.16,64999.36,'paid','2025-10-14','2025-10-30 18:23:38','2025-10-30 18:23:38',NULL),(231,47,'BILL-2024-01-0047','2025-05-01','2025-06-01','2025-06-16',209.00,NULL,1114.50,50.00,66.87,221.65,1453.02,'paid','2025-06-09','2025-10-30 18:23:38','2025-10-30 18:23:38',NULL),(232,47,'BILL-2024-02-0047','2025-06-01','2025-07-02','2025-07-17',278.00,NULL,1632.00,50.00,97.92,320.39,2100.31,'paid','2025-07-08','2025-10-30 18:23:38','2025-10-30 18:23:38',NULL),(233,47,'BILL-2024-03-0047','2025-07-01','2025-08-01','2025-08-16',154.00,NULL,772.50,50.00,46.35,156.39,1025.24,'paid','2025-08-11','2025-10-30 18:23:38','2025-10-30 18:23:38',NULL),(234,47,'BILL-2024-04-0047','2025-08-01','2025-09-01','2025-09-16',143.00,NULL,706.50,50.00,42.39,143.80,942.69,'paid','2025-09-09','2025-10-30 18:23:38','2025-10-30 18:23:38',NULL),(235,47,'BILL-2024-05-0047','2025-09-01','2025-10-02','2025-10-17',127.00,NULL,610.50,50.00,36.63,125.48,822.61,'paid','2025-10-07','2025-10-30 18:23:38','2025-10-30 18:23:38',NULL),(236,48,'BILL-2024-01-0048','2025-05-01','2025-06-01','2025-06-16',951.00,NULL,8457.00,150.00,676.56,1671.04,10954.60,'paid','2025-06-08','2025-10-30 18:23:38','2025-10-30 18:23:38',NULL),(237,48,'BILL-2024-02-0048','2025-06-01','2025-07-02','2025-07-17',1889.00,NULL,19169.00,150.00,1533.52,3753.45,24605.97,'paid','2025-07-07','2025-10-30 18:23:38','2025-10-30 18:23:38',NULL),(238,48,'BILL-2024-03-0048','2025-07-01','2025-08-01','2025-08-16',1958.00,NULL,19962.50,150.00,1597.00,3907.71,25617.21,'paid','2025-08-11','2025-10-30 18:23:38','2025-10-30 18:23:38',NULL),(239,48,'BILL-2024-04-0048','2025-08-01','2025-09-01','2025-09-16',637.00,NULL,5317.00,150.00,425.36,1060.62,6952.98,'paid','2025-09-07','2025-10-30 18:23:38','2025-10-30 18:23:38',NULL),(240,48,'BILL-2024-05-0048','2025-09-01','2025-10-02','2025-10-17',967.00,NULL,8617.00,150.00,689.36,1702.14,11158.50,'paid','2025-10-14','2025-10-30 18:23:38','2025-10-30 18:23:38',NULL),(241,49,'BILL-2024-01-0049','2025-05-01','2025-06-01','2025-06-16',10489.00,NULL,83642.50,500.00,8364.25,16651.22,109157.96,'paid','2025-06-06','2025-10-30 18:23:38','2025-10-30 18:23:38',NULL),(242,49,'BILL-2024-02-0049','2025-06-01','2025-07-02','2025-07-17',11764.00,NULL,95755.00,500.00,9575.50,19049.49,124879.99,'paid','2025-07-06','2025-10-30 18:23:38','2025-10-30 18:23:38',NULL),(243,49,'BILL-2024-03-0049','2025-07-01','2025-08-01','2025-08-16',7370.00,NULL,56643.00,500.00,5664.30,11305.31,74112.61,'paid','2025-08-11','2025-10-30 18:23:38','2025-10-30 18:23:38',NULL),(244,49,'BILL-2024-04-0049','2025-08-01','2025-09-01','2025-09-16',11111.00,NULL,89551.50,500.00,8955.15,17821.20,116827.85,'paid','2025-09-05','2025-10-30 18:23:38','2025-10-30 18:23:38',NULL),(245,49,'BILL-2024-05-0049','2025-09-01','2025-10-02','2025-10-17',10385.00,NULL,82654.50,500.00,8265.45,16455.59,107875.54,'paid','2025-10-05','2025-10-30 18:23:38','2025-10-30 18:23:38',NULL),(246,50,'BILL-2024-01-0050','2025-05-01','2025-06-01','2025-06-16',14465.00,NULL,121414.50,500.00,12141.45,24130.07,158186.02,'paid','2025-06-12','2025-10-30 18:23:38','2025-10-30 18:23:38',NULL),(247,50,'BILL-2024-02-0050','2025-06-01','2025-07-02','2025-07-17',13478.00,NULL,112038.00,500.00,11203.80,22273.52,146015.32,'paid','2025-07-11','2025-10-30 18:23:38','2025-10-30 18:23:38',NULL),(248,50,'BILL-2024-03-0050','2025-07-01','2025-08-01','2025-08-16',9576.00,NULL,75394.00,500.00,7539.40,15018.01,98451.41,'paid','2025-08-13','2025-10-30 18:23:38','2025-10-30 18:23:38',NULL),(249,50,'BILL-2024-04-0050','2025-08-01','2025-09-01','2025-09-16',5114.00,NULL,37467.00,500.00,3746.70,7508.47,49222.17,'paid','2025-09-07','2025-10-30 18:23:38','2025-10-30 18:23:38',NULL),(250,50,'BILL-2024-05-0050','2025-09-01','2025-10-02','2025-10-17',10369.00,NULL,82502.50,500.00,8250.25,16425.49,107678.24,'paid','2025-10-13','2025-10-30 18:23:38','2025-10-30 18:23:38',NULL),(251,52,'BILL-2024-05-0052','2025-09-01','2025-10-02','2025-10-17',976.00,NULL,8707.00,150.00,696.56,1719.64,11273.20,'paid','2025-10-10','2025-10-30 18:23:38','2025-10-30 18:23:38',NULL),(252,53,'BILL-2024-04-0053','2025-08-01','2025-09-01','2025-09-16',601.00,NULL,2303.00,30.00,92.12,436.52,2861.64,'paid','2025-09-09','2025-10-30 18:23:38','2025-10-30 18:23:38',NULL),(253,53,'BILL-2024-05-0053','2025-09-01','2025-10-02','2025-10-17',990.00,NULL,4248.00,30.00,169.92,800.63,5248.55,'issued',NULL,'2025-10-30 18:23:38','2025-10-30 18:23:38',NULL),(254,3,'BILL-2025-83075046','2025-10-01','2025-10-30','2025-11-14',20.00,254,130.00,500.00,13.00,115.74,758.74,'generated',NULL,'2025-10-30 19:00:32','2025-10-30 19:00:32',3),(255,54,'CNX-000054-202510','2025-10-31','2025-10-31','2025-11-14',0.00,NULL,30000.00,0.00,0.00,0.00,30000.00,'issued',NULL,'2025-10-30 19:09:03','2025-10-30 19:09:03',NULL),(256,55,'CNX-000055-202510','2025-10-31','2025-10-31','2025-11-14',0.00,NULL,30000.00,0.00,0.00,0.00,30000.00,'issued',NULL,'2025-10-30 19:17:17','2025-10-30 19:17:17',NULL),(257,55,'BILL-2025-32198639','2025-10-01','2025-10-30','2025-11-14',1499.97,255,14093.68,50.00,845.62,2698.08,17687.38,'generated',NULL,'2025-10-30 19:26:26','2025-10-30 19:26:26',1),(258,21,'BILL-2025-91958245','2025-10-01','2025-10-30','2025-11-14',18.00,256,81.00,50.00,4.86,24.45,160.31,'generated',NULL,'2025-10-30 20:47:14','2025-10-30 20:47:14',1),(259,32,'BILL-2025-11183671','2025-10-01','2025-10-30','2025-11-14',101.97,258,662.80,500.00,66.28,221.24,1450.32,'generated',NULL,'2025-10-30 21:13:24','2025-10-30 21:13:24',3),(260,35,'BILL-2025-55010588','2025-10-01','2025-10-30','2025-11-14',114.00,259,532.50,50.00,31.95,110.60,725.05,'generated',NULL,'2025-10-30 21:40:51','2025-10-30 21:40:51',1),(261,19,'BILL-2025-47260903','2025-10-01','2025-10-30','2025-11-14',60.00,260,390.00,500.00,39.00,167.22,1096.22,'generated',NULL,'2025-10-30 22:06:14','2025-10-30 22:06:14',3),(262,20,'BILL-2025-76426394','2025-10-01','2025-10-30','2025-11-14',470.00,262,1679.00,30.00,67.16,319.71,2095.87,'generated',NULL,'2025-10-30 22:21:09','2025-10-30 22:21:09',4),(263,1,'BILL-2025-16992060','2025-10-01','2025-10-30','2025-11-14',301.99,263,2265.41,150.00,181.23,467.40,3064.04,'generated',NULL,'2025-10-30 22:26:36','2025-10-30 22:26:36',2),(264,2,'BILL-2025-10765320','2025-10-01','2025-10-30','2025-11-14',157.98,264,796.38,50.00,47.78,160.95,1055.11,'generated',NULL,'2025-10-30 22:26:52','2025-10-30 22:26:52',1),(265,27,'BILL-2025-78359960','2025-10-01','2025-10-30','2025-11-14',740.00,265,2998.00,30.00,119.92,566.63,3714.55,'generated',NULL,'2025-10-30 22:34:30','2025-10-30 22:46:48',4),(266,5,'BILL-2025-97676138','2025-10-01','2025-10-30','2025-11-14',271.98,266,886.92,30.00,35.48,171.43,1123.83,'generated',NULL,'2025-10-30 22:51:18','2025-10-30 22:51:18',4),(267,33,'BILL-2025-46189838','2025-10-01','2025-10-30','2025-11-14',1135.98,267,7518.85,500.00,751.89,1578.73,10349.47,'paid','2025-10-30','2025-10-30 22:55:12','2025-10-30 23:02:21',3),(268,7,'BILL-2025-81887573','2025-10-01','2025-10-30','2025-11-14',1744.00,268,17501.50,150.00,1400.12,3429.29,22480.91,'paid','2025-10-30','2025-10-30 23:12:41','2025-10-30 23:13:00',2),(269,29,'BILL-2025-45116965','2025-10-01','2025-10-31','2025-11-15',992.97,269,4262.85,30.00,170.51,803.41,5266.77,'generated',NULL,'2025-10-31 09:19:38','2025-10-31 09:19:38',4),(270,11,'BILL-2025-82409560','2025-10-01','2025-10-31','2025-11-15',4484.99,270,32636.42,500.00,3263.64,6552.01,42952.08,'paid','2025-10-31','2025-10-31 09:49:31','2025-10-31 09:50:29',3),(271,6,'BILL-2025-12621040','2025-10-01','2025-10-31','2025-11-15',693.00,271,2763.00,30.00,110.52,522.63,3426.15,'generated',NULL,'2025-10-31 11:39:18','2025-10-31 11:39:18',4),(272,57,'CNX-000057-202511','2025-11-08','2025-11-08','2025-11-22',0.00,NULL,30000.00,0.00,0.00,0.00,30000.00,'issued',NULL,'2025-11-07 21:43:32','2025-11-07 21:43:32',NULL),(273,58,'CNX-000058-202511','2025-11-08','2025-11-08','2025-11-22',0.00,NULL,45000.00,0.00,0.00,0.00,45000.00,'issued',NULL,'2025-11-07 21:52:01','2025-11-07 21:52:01',NULL);
/*!40000 ALTER TABLE `bills` ENABLE KEYS */;
UNLOCK TABLES;

--
-- Table structure for table `complaints`
--

DROP TABLE IF EXISTS `complaints`;
/*!40101 SET @saved_cs_client     = @@character_set_client */;
/*!50503 SET character_set_client = utf8mb4 */;
CREATE TABLE `complaints` (
  `id` int NOT NULL AUTO_INCREMENT,
  `customer_id` int NOT NULL,
  `employee_id` int DEFAULT NULL,
  `work_order_id` int DEFAULT NULL,
  `category` enum('power_outage','billing','service','meter_issue','connection','other') NOT NULL,
  `title` varchar(255) NOT NULL,
  `description` text NOT NULL,
  `status` enum('submitted','under_review','assigned','in_progress','resolved','closed') NOT NULL DEFAULT 'submitted',
  `priority` enum('low','medium','high','urgent') NOT NULL DEFAULT 'medium',
  `resolution_notes` text,
  `submitted_at` timestamp NOT NULL DEFAULT CURRENT_TIMESTAMP,
  `reviewed_at` timestamp NULL DEFAULT NULL,
  `assigned_at` timestamp NULL DEFAULT NULL,
  `resolved_at` timestamp NULL DEFAULT NULL,
  `closed_at` timestamp NULL DEFAULT NULL,
  `created_at` timestamp NOT NULL DEFAULT CURRENT_TIMESTAMP,
  `updated_at` timestamp NOT NULL DEFAULT CURRENT_TIMESTAMP ON UPDATE CURRENT_TIMESTAMP,
  PRIMARY KEY (`id`),
  KEY `customer_id` (`customer_id`),
  KEY `employee_id` (`employee_id`),
  KEY `work_order_id` (`work_order_id`),
  KEY `idx_complaints_customer_status` (`customer_id`,`status`),
  CONSTRAINT `complaints_ibfk_1` FOREIGN KEY (`customer_id`) REFERENCES `customers` (`id`) ON DELETE CASCADE,
  CONSTRAINT `complaints_ibfk_2` FOREIGN KEY (`employee_id`) REFERENCES `employees` (`id`) ON DELETE SET NULL,
  CONSTRAINT `complaints_ibfk_3` FOREIGN KEY (`work_order_id`) REFERENCES `work_orders` (`id`) ON DELETE SET NULL
) ENGINE=InnoDB AUTO_INCREMENT=4 DEFAULT CHARSET=utf8mb4 COLLATE=utf8mb4_0900_ai_ci;
/*!40101 SET character_set_client = @saved_cs_client */;

--
-- Dumping data for table `complaints`
--

LOCK TABLES `complaints` WRITE;
/*!40000 ALTER TABLE `complaints` DISABLE KEYS */;
INSERT INTO `complaints` VALUES (1,1,1,26,'power_outage','jj','jk','assigned','medium',NULL,'2025-10-30 18:26:37',NULL,'2025-10-30 14:39:18',NULL,NULL,'2025-10-30 18:26:37','2025-10-30 19:39:18'),(2,19,5,35,'meter_issue','sadad','adad','assigned','low',NULL,'2025-10-30 22:09:47',NULL,'2025-10-30 18:35:23',NULL,NULL,'2025-10-30 22:09:47','2025-10-30 23:35:22'),(3,39,9,40,'meter_issue','NAWaz','Main sab','closed','urgent','h','2025-11-07 20:13:27',NULL,'2025-11-07 15:15:03','2025-11-07 15:16:26','2025-11-07 15:16:31','2025-11-07 20:13:27','2025-11-07 20:16:30');
/*!40000 ALTER TABLE `complaints` ENABLE KEYS */;
UNLOCK TABLES;

--
-- Table structure for table `connection_requests`
--

DROP TABLE IF EXISTS `connection_requests`;
/*!40101 SET @saved_cs_client     = @@character_set_client */;
/*!50503 SET character_set_client = utf8mb4 */;
CREATE TABLE `connection_requests` (
  `id` int NOT NULL AUTO_INCREMENT,
  `application_number` varchar(50) NOT NULL,
  `applicant_name` varchar(255) NOT NULL,
  `father_name` varchar(255) DEFAULT NULL,
  `email` varchar(255) NOT NULL,
  `phone` varchar(20) NOT NULL,
  `alternate_phone` varchar(20) DEFAULT NULL,
  `id_type` enum('passport','drivers_license','national_id','voter_id','aadhaar') NOT NULL,
  `id_number` varchar(100) NOT NULL,
  `property_type` enum('Residential','Commercial','Industrial','Agricultural') NOT NULL,
  `connection_type` varchar(50) NOT NULL,
  `load_required` decimal(10,2) DEFAULT NULL,
  `property_address` varchar(500) NOT NULL,
  `city` varchar(100) NOT NULL,
  `state` varchar(100) DEFAULT NULL,
  `pincode` varchar(10) DEFAULT NULL,
  `landmark` varchar(255) DEFAULT NULL,
  `zone` varchar(50) DEFAULT NULL,
  `preferred_date` date DEFAULT NULL,
  `purpose_of_connection` enum('domestic','business','industrial','agricultural') NOT NULL,
  `existing_connection` tinyint(1) DEFAULT '0',
  `existing_account_number` varchar(50) DEFAULT NULL,
  `status` enum('pending','under_review','approved','rejected','connected') DEFAULT 'pending',
  `estimated_charges` decimal(10,2) DEFAULT NULL,
  `inspection_date` date DEFAULT NULL,
  `approval_date` date DEFAULT NULL,
  `installation_date` date DEFAULT NULL,
  `application_date` date NOT NULL,
  `account_number` varchar(50) DEFAULT NULL,
  `temporary_password` varchar(255) DEFAULT NULL,
  `created_at` timestamp NULL DEFAULT CURRENT_TIMESTAMP,
  `updated_at` timestamp NULL DEFAULT CURRENT_TIMESTAMP ON UPDATE CURRENT_TIMESTAMP,
  PRIMARY KEY (`id`),
  UNIQUE KEY `application_number` (`application_number`),
  KEY `idx_status` (`status`),
  KEY `idx_email` (`email`),
  KEY `idx_connection_requests_zone` (`zone`)
) ENGINE=InnoDB AUTO_INCREMENT=23 DEFAULT CHARSET=utf8mb4 COLLATE=utf8mb4_0900_ai_ci;
/*!40101 SET character_set_client = @saved_cs_client */;

--
-- Dumping data for table `connection_requests`
--

LOCK TABLES `connection_requests` WRITE;
/*!40000 ALTER TABLE `connection_requests` DISABLE KEYS */;
INSERT INTO `connection_requests` VALUES (1,'APP-2025-962533','New Connection User',NULL,'newconnection@test.com','03007777777',NULL,'national_id','12345-6789012-3','Residential','single-phase',NULL,'New House 123','Lahore',NULL,NULL,NULL,'Zone A',NULL,'domestic',0,NULL,'approved',NULL,NULL,'2025-10-28',NULL,'2025-10-27','ELX-2025-504146-A7CC','3FV55oUz435269FFB!@#','2025-10-27 14:19:01','2025-10-30 20:32:11'),(2,'APP-2025-275955','Test','Khan','test@example.com','03001234567','03131715391','national_id','789456123','Residential','single-phase',10.00,'fLat','Karachi','Punjab','746789',NULL,'Zone B','2025-10-28','domestic',0,NULL,'connected',2000.00,NULL,'2025-10-28','2025-10-28','2025-10-28',NULL,NULL,'2025-10-28 10:13:31','2025-10-30 20:32:11'),(3,'APP-2025-841122','test',NULL,'test@example5.com','03197836985','03131715391','national_id','789456123','Residential','single-phase',5.00,'Flat','Karachi',NULL,'746985',NULL,'Zone C','2025-10-28','domestic',0,NULL,'connected',2000.00,NULL,'2025-10-28','2025-10-28','2025-10-28',NULL,NULL,'2025-10-28 10:26:34','2025-10-30 20:32:11'),(4,'APP-2025-888678','Test',NULL,'test3@example.com','03457896321','03131715391','national_id','789456123','Residential','single-phase',5.00,'Flat','Karachi','Punjab','746890',NULL,'Zone D','2025-10-28','domestic',0,NULL,'approved',NULL,NULL,'2025-10-28',NULL,'2025-10-28','ELX-2025-641527-1B0B','09LAOEhxBQ418C29DE0!@#','2025-10-28 10:51:21','2025-10-30 20:32:11'),(5,'APP-2025-212326','test4',NULL,'test4@example.com','03131816987','03131715391','national_id','789456123','Residential','single-phase',5.00,'Flat','Karachi','Punjab','746753',NULL,'Zone E','2025-10-28','domestic',0,NULL,'pending',NULL,NULL,NULL,NULL,'2025-10-28',NULL,NULL,'2025-10-28 10:57:50','2025-10-30 20:32:11'),(6,'APP-2025-423884','Tom',NULL,'tom@example.com','03145678951','03131715391','national_id','123654789','Residential','single-phase',5.00,'Flat','Karachi','Punjab','746852',NULL,'Zone A','2025-10-28','domestic',0,NULL,'connected',9000.00,NULL,'2025-10-28','2025-10-28','2025-10-28','ELX-2025-010514-AAC6','uEIx7iDel7AB42ACF07!@#','2025-10-28 11:42:45','2025-10-30 20:32:11'),(7,'APP-2025-986875','Tom',NULL,'tom1@example.com','03467391456','03131715391','national_id','78945613','Residential','single-phase',5.00,'Flat','Karachi',NULL,'747530',NULL,'Zone B','2025-10-28','domestic',0,NULL,'connected',9000.00,NULL,'2025-10-28','2025-10-28','2025-10-28','ELX-2025-328243-D309','QmQZ8g2JE00E2B595E0!@#','2025-10-28 11:51:27','2025-10-30 20:32:11'),(8,'APP-2025-479228','jack',NULL,'jack@test.com','03537595123','03131715391','national_id','123456789','Residential','single-phase',5.00,'Flat','Karachi','Punjab','746753',NULL,'Zone C','2025-10-28','domestic',0,NULL,'connected',1500.00,NULL,'2025-10-28','2025-10-28','2025-10-28','ELX-2025-556358-D90F','l72Y5u68NFgCE5343EB!@#','2025-10-28 12:12:16','2025-10-30 20:32:11'),(9,'APP-2025-504643','Sammy',NULL,'sammy@example.com','03739145632','03131715391','national_id','123456789','Residential','single-phase',5.00,'Flat','Karachi','Sindh','746753',NULL,'Zone D','2025-10-28','domestic',0,NULL,'approved',20000.00,NULL,'2025-10-28',NULL,'2025-10-28','ELX-2025-135329-9AC1','kuMK6hoD3R4A0EF356C!@#','2025-10-28 12:21:44','2025-10-30 20:32:11'),(10,'APP-2025-483063','Kane',NULL,'kane@example.com','03468291732','03131715391','national_id','78945613','Residential','single-phase',5.00,'Flat','Karachi','Punjab','746753',NULL,'Zone E','2025-10-28','domestic',0,NULL,'connected',3000.00,NULL,'2025-10-28','2025-10-28','2025-10-28','ELX-2025-205320-910C','lY0TxVzt7Is339EEE18!@#','2025-10-28 13:13:03','2025-10-30 20:32:11'),(11,'APP-2025-658027','Ben',NULL,'ben@example.com','03197685123','03131715391','national_id','4210168799245','Residential','single-phase',5.00,'Flat ','Karachi','Sindh','746075',NULL,'Zone A','2025-10-29','domestic',0,NULL,'connected',30000.00,NULL,'2025-10-29','2025-10-29','2025-10-29','ELX-2025-355048-5A04','kLYrjP1YTfE7E8EB61C!@#','2025-10-29 10:38:46','2025-10-30 20:32:11'),(12,'APP-2025-143186','Saad',NULL,'saad@example.com','03157983257','03131715391','national_id','4210165985629','Residential','single-phase',5.00,'Flat','Karachi','Sindh','746753',NULL,'Zone B','2025-10-29','domestic',0,NULL,'connected',30000.00,NULL,'2025-10-29','2025-10-29','2025-10-29','ELX-2025-807268-AD7B','PdlKFGOiyAM84482015!@#','2025-10-29 10:46:20','2025-10-30 20:32:11'),(13,'APP-2025-143338','Trent',NULL,'trent@example.com','03477897956',NULL,'national_id','4879797656562','Residential','single-phase',5.00,'Flat','Lahore',NULL,NULL,NULL,'Zone C','2025-10-30','domestic',0,NULL,'connected',30000.00,NULL,'2025-10-30','2025-10-30','2025-10-30','ELX-2025-280781-1E9A','NYNeSGUqBoQ3F417233!@#','2025-10-30 19:07:24','2025-10-30 20:32:11'),(14,'APP-2025-802840','trent',NULL,'t@example.com','03657498789','03131715391','national_id','5656565656565','Residential','single-phase',5.00,'Flat','Karachi','Punjab','746540',NULL,'Zone D','2025-10-31','domestic',0,NULL,'connected',30000.00,NULL,'2025-10-30','2025-10-30','2025-10-30','ELX-2025-795763-06B4','7wql2kepkKI919B010A!@#','2025-10-30 19:16:09','2025-10-30 20:32:11'),(15,'APP-2025-306697','Sam',NULL,'sam@example.com','03156548797','03131715391','national_id','5645564656662','Residential','single-phase',5.00,'Flat','Karachi','Sindh','746423',NULL,'Zone E','2025-10-31','domestic',0,NULL,'rejected',NULL,NULL,NULL,NULL,'2025-10-30',NULL,NULL,'2025-10-30 19:47:45','2025-10-31 10:48:43'),(16,'APP-2025-356425','Stark',NULL,'stark@customer.com','03131448479','03131715391','national_id','5656565666656','Residential','single-phase',5.00,'Flat','Karachi','Sindh','746753',NULL,'Zone A','2025-10-31','domestic',0,NULL,'pending',NULL,NULL,NULL,NULL,'2025-10-30',NULL,NULL,'2025-10-30 20:03:33','2025-10-30 20:32:11'),(17,'APP-2025-744360','Mikel',NULL,'mikel@customer.com','03131131331',NULL,'national_id','5656565656566','Residential','single-phase',5.00,'Flat','Fsd','Sindh','456456',NULL,'Zone B','2025-10-31','domestic',0,NULL,'pending',NULL,NULL,NULL,NULL,'2025-10-30',NULL,NULL,'2025-10-30 20:19:14','2025-10-30 20:32:11'),(18,'APP-2025-566460','David',NULL,'david@customer.com','03795654654',NULL,'national_id','4210165599963','Commercial','single-phase',5.00,'Plot','Lahore','Punjab','798745',NULL,'Zone A','2025-11-07','business',0,NULL,'pending',NULL,NULL,NULL,NULL,'2025-11-07',NULL,NULL,'2025-11-07 14:15:08','2025-11-07 21:40:18'),(19,'APP-2025-960923','Josh',NULL,'josh@customer.com','03114479798',NULL,'national_id','4210137787976','Residential','single-phase',5.00,'Plot','Lahore','Punjab','787512',NULL,'Zone A','2025-11-08','domestic',0,NULL,'pending',NULL,NULL,NULL,NULL,'2025-11-07',NULL,NULL,'2025-11-07 20:05:15','2025-11-07 21:40:18'),(20,'APP-2025-145909','Tremor',NULL,'tremer@customer.com','03164497987','03131715391','national_id','4210015448977','Commercial','single-phase',5.00,'Plot','Karachi','Sindh','746096',NULL,'Zone A','2025-11-08','business',0,NULL,'approved',8000.00,NULL,'2025-11-07',NULL,'2025-11-07','ELX-2025-929702-96D7','IBI3zGiGVSc9E7CE9FE!@#','2025-11-07 20:21:33','2025-11-07 21:40:18'),(21,'APP-2025-350783','Ollie',NULL,'Ollie@customer.com','03158976159','03131715391','national_id','4210548977665','Residential','single-phase',NULL,'Plot','Karachi','Sindh','746087',NULL,'Zone A','2025-11-08','domestic',0,NULL,'connected',30000.00,NULL,'2025-11-07','2025-11-07','2025-11-07','ELX-2025-057884-A638','iy5DZ1iVcs821B8E88A!@#','2025-11-07 20:57:09','2025-11-07 21:43:32'),(22,'APP-2025-674743','Tent',NULL,'tent@customer.com','03178977645','03131715391','national_id','4210165765463','Residential','single-phase',NULL,'Plot','Karachi','Punjab','746753',NULL,'Zone C','2025-11-08','domestic',0,NULL,'connected',45000.00,NULL,'2025-11-07','2025-11-07','2025-11-07','ELX-2025-320297-2BE6','s3Ay2Gc4Eo9DF476AB!@#','2025-11-07 21:22:33','2025-11-07 21:52:01');
/*!40000 ALTER TABLE `connection_requests` ENABLE KEYS */;
UNLOCK TABLES;

--
-- Table structure for table `customers`
--

DROP TABLE IF EXISTS `customers`;
/*!40101 SET @saved_cs_client     = @@character_set_client */;
/*!50503 SET character_set_client = utf8mb4 */;
CREATE TABLE `customers` (
  `id` int NOT NULL AUTO_INCREMENT,
  `user_id` int NOT NULL,
  `account_number` varchar(50) NOT NULL,
  `meter_number` varchar(50) NOT NULL,
  `full_name` varchar(255) NOT NULL,
  `email` varchar(255) NOT NULL,
  `phone` varchar(20) NOT NULL,
  `address` varchar(500) NOT NULL,
  `city` varchar(100) NOT NULL,
  `state` varchar(100) NOT NULL,
  `pincode` varchar(10) NOT NULL,
  `connection_type` enum('Residential','Commercial','Industrial','Agricultural') NOT NULL,
  `status` enum('pending_installation','active','suspended','inactive') NOT NULL DEFAULT 'pending_installation',
  `connection_date` date NOT NULL,
  `installation_charges` decimal(10,2) DEFAULT NULL,
  `last_bill_amount` decimal(10,2) DEFAULT '0.00',
  `last_payment_date` date DEFAULT NULL,
  `average_monthly_usage` decimal(10,2) DEFAULT '0.00',
  `outstanding_balance` decimal(10,2) DEFAULT '0.00',
  `payment_status` enum('paid','pending','overdue') NOT NULL DEFAULT 'paid',
  `created_at` timestamp NOT NULL DEFAULT (now()),
  `updated_at` timestamp NOT NULL DEFAULT (now()) ON UPDATE CURRENT_TIMESTAMP,
  `zone` varchar(50) DEFAULT NULL,
  `assigned_employee_id` int DEFAULT NULL,
  `date_of_birth` date DEFAULT NULL,
  PRIMARY KEY (`id`),
  UNIQUE KEY `customers_account_number_unique` (`account_number`),
  UNIQUE KEY `customers_meter_number_unique` (`meter_number`),
  KEY `customers_user_id_users_id_fk` (`user_id`),
  KEY `fk_customers_assigned_employee` (`assigned_employee_id`),
  CONSTRAINT `customers_user_id_users_id_fk` FOREIGN KEY (`user_id`) REFERENCES `users` (`id`) ON DELETE CASCADE,
  CONSTRAINT `fk_customers_assigned_employee` FOREIGN KEY (`assigned_employee_id`) REFERENCES `employees` (`id`) ON DELETE SET NULL
) ENGINE=InnoDB AUTO_INCREMENT=59 DEFAULT CHARSET=utf8mb4 COLLATE=utf8mb4_0900_ai_ci;
/*!40101 SET character_set_client = @saved_cs_client */;

--
-- Dumping data for table `customers`
--

LOCK TABLES `customers` WRITE;
/*!40000 ALTER TABLE `customers` DISABLE KEYS */;
INSERT INTO `customers` VALUES (1,12,'ELX-2024-000001','MTR-FSD-000001','Cristina Lehner','customer1@example.com','3249567329','94882 Noemy Bypass','Faisalabad','Punjab','61719','Commercial','active','2025-07-20',NULL,3064.04,'2025-10-06',1336.33,14031.38,'overdue','2025-10-30 18:23:34','2025-10-30 22:26:36','Zone A',NULL,NULL),(2,13,'ELX-2024-000002','MTR-UET-000001','Lynne Bailey','customer2@example.com','7620632471','38668 Common Lane','Quetta','Balochistan','37078','Residential','active','2025-03-25',NULL,1055.11,'2025-10-10',270.33,1055.11,'paid','2025-10-30 18:23:34','2025-10-30 22:26:52','Zone B',NULL,NULL),(3,14,'ELX-2024-000003','MTR-KHI-000001','Sophie Schmidt','customer3@example.com','7170598395','32164 Smitham Field','Karachi','Sindh','06160','Industrial','active','2024-06-02',NULL,758.74,'2025-10-10',7760.67,758.74,'paid','2025-10-30 18:23:34','2025-10-30 19:00:32','Zone C',NULL,NULL),(4,15,'ELX-2024-000004','MTR-KHI-000002','Steve Pouros','customer4@example.com','3569416469','51262 Else Station','Karachi','Sindh','64177','Commercial','suspended','2025-06-11',NULL,23858.54,'2025-10-07',1390.80,0.00,'paid','2025-10-30 18:23:34','2025-10-30 18:23:38','Zone D',NULL,NULL),(5,16,'ELX-2024-000005','MTR-KHI-000003','Dale Harber','customer5@example.com','3477381683','24200 Grange Avenue','Karachi','Sindh','38719','Agricultural','active','2025-07-10',NULL,1123.83,'2025-10-09',521.50,1123.83,'paid','2025-10-30 18:23:34','2025-10-30 22:51:18','Zone E',NULL,NULL),(6,17,'ELX-2024-000006','MTR-KHI-000004','Damon Murray','customer6@example.com','9677332084','279 Jast Lake','Karachi','Sindh','58806-7823','Agricultural','active','2024-08-06',NULL,3426.15,'2025-10-06',855.00,3426.15,'paid','2025-10-30 18:23:34','2025-10-31 11:39:18','Zone A',NULL,NULL),(7,18,'ELX-2024-000007','MTR-LHE-000001','Dominic Lynch','customer7@example.com','5764737220','127 Danika Dale','Lahore','Punjab','82943-6343','Commercial','active','2024-12-17',NULL,22480.91,'2025-10-30',1280.50,0.00,'paid','2025-10-30 18:23:34','2025-10-30 23:13:00','Zone B',NULL,NULL),(8,19,'ELX-2024-000008','MTR-RWP-000001','Mike Quigley DVM','customer8@example.com','4259955031','24484 Forest Avenue','Rawalpindi','Punjab','88919','Industrial','active','2025-10-20',NULL,97965.96,'2025-10-10',9378.20,0.00,'paid','2025-10-30 18:23:34','2025-10-30 18:23:38','Zone C',NULL,NULL),(9,20,'ELX-2024-000009','MTR-LHE-000002','Dr. Jay Frami-Denesik','customer9@example.com','0702962927','16966 Pinkie Ranch','Lahore','Punjab','67700-7332','Agricultural','suspended','2024-07-09',NULL,5070.60,'2025-10-05',827.66,4076.57,'overdue','2025-10-30 18:23:34','2025-10-30 20:53:23','Zone D',NULL,NULL),(10,21,'ELX-2024-000010','MTR-RWP-000002','Carol Herman','customer10@example.com','1737078958','630 Stanton Avenue','Rawalpindi','Punjab','25488-2957','Commercial','active','2025-05-10',NULL,7258.84,'2025-10-15',993.20,0.00,'paid','2025-10-30 18:23:34','2025-10-30 18:23:38','Zone E',NULL,NULL),(11,22,'ELX-2024-000011','MTR-ISB-000001','Erik Senger','customer11@example.com','2827713165','32006 King Street','Islamabad','Islamabad Capital Territory','09795-9731','Industrial','active','2025-05-08',NULL,42952.08,'2025-10-31',8614.67,0.00,'paid','2025-10-30 18:23:34','2025-10-31 09:50:29','Zone A',NULL,NULL),(12,23,'ELX-2024-000012','MTR-LHE-000003','Annie Baumbach','customer12@example.com','3646675123','12095 Margot Highway','Lahore','Punjab','82173','Commercial','inactive','2024-10-16',NULL,11082.04,'2025-10-13',1108.60,0.00,'paid','2025-10-30 18:23:34','2025-10-30 18:23:38','Zone B',NULL,NULL),(13,24,'ELX-2024-000013','MTR-RWP-000003','Morris Champlin','customer13@example.com','9326310582','371 Alfred Fall','Rawalpindi','Punjab','63140-8970','Commercial','active','2025-01-26',NULL,17923.02,'2025-10-12',1216.40,0.00,'paid','2025-10-30 18:23:34','2025-10-30 18:23:38','Zone C',NULL,NULL),(14,25,'ELX-2024-000014','MTR-KHI-000005','Eleanor Osinski','customer14@example.com','9436957215','8257 Angelica Stravenue','Karachi','Sindh','68911-7815','Residential','active','2023-12-21',NULL,1272.90,'2025-10-06',235.20,0.00,'paid','2025-10-30 18:23:34','2025-10-30 18:23:38','Zone D',NULL,NULL),(15,26,'ELX-2024-000015','MTR-RWP-000004','Emilio Beatty','customer15@example.com','7910375300','15732 Arturo Circle','Rawalpindi','Punjab','43234','Agricultural','inactive','2024-07-03',NULL,3886.35,'2025-10-06',585.40,0.00,'paid','2025-10-30 18:23:34','2025-10-30 18:23:38','Zone E',NULL,NULL),(16,27,'ELX-2024-000016','MTR-LHE-000004','Michelle Koepp','customer16@example.com','8569171908','66267 West View','Lahore','Punjab','98024-6855','Agricultural','active','2024-08-06',NULL,2996.63,'2025-10-11',634.80,0.00,'paid','2025-10-30 18:23:34','2025-10-30 18:23:38','Zone A',NULL,NULL),(17,28,'ELX-2024-000017','MTR-FSD-000002','Kelli Hilpert','customer17@example.com','4618930567','37258 Edgar Haven','Faisalabad','Punjab','82653','Commercial','active','2024-06-21',NULL,10534.05,'2025-10-13',1232.00,12603.04,'overdue','2025-10-30 18:23:34','2025-10-30 18:23:38','Zone B',NULL,NULL),(18,29,'ELX-2024-000018','MTR-KHI-000006','Muriel Kuhic','customer18@example.com','1642743178','887 Willow Road','Karachi','Sindh','15338','Agricultural','active','2025-10-19',NULL,5676.84,'2025-10-13',923.80,0.00,'paid','2025-10-30 18:23:34','2025-10-30 18:23:38','Zone C',NULL,NULL),(19,30,'ELX-2024-000019','MTR-ISB-000002','Mrs. Lee Ryan','customer19@example.com','1170310773','9083 Jewel Junctions','Islamabad','Islamabad Capital Territory','78723','Industrial','suspended','2024-09-12',NULL,1096.22,'2025-10-12',79519.14,1096.22,'paid','2025-10-30 18:23:34','2025-10-30 22:08:16','Zone D',NULL,NULL),(20,31,'ELX-2024-000020','MTR-RWP-000005','Neil Gislason','customer20@example.com','0196666816','976 Beier Centers','Rawalpindi','Punjab','15345-7910','Agricultural','active','2025-01-12',NULL,2095.87,'2025-10-13',874.83,2095.87,'paid','2025-10-30 18:23:34','2025-10-30 22:21:09','Zone E',NULL,NULL),(21,32,'ELX-2024-000021','MTR-RWP-000006','Lydia Herman','customer21@example.com','2171779764','3594 N Market Street','Rawalpindi','Punjab','29591-8141','Residential','active','2025-10-30',NULL,160.31,'2025-10-15',176.00,160.31,'paid','2025-10-30 18:23:34','2025-10-30 20:47:14','Zone A',NULL,NULL),(22,33,'ELX-2024-000022','MTR-KHI-000007','Janice Mertz Jr.','customer22@example.com','5608887574','2522 North Street','Karachi','Sindh','26393-2337','Residential','active','2024-07-26',NULL,2563.73,'2025-10-15',318.60,0.00,'paid','2025-10-30 18:23:34','2025-10-30 18:23:38','Zone B',NULL,NULL),(23,34,'ELX-2024-000023','MTR-FSD-000003','Cristina Abbott MD','customer23@example.com','4148890423','728 Thiel Throughway','Faisalabad','Punjab','94026-5628','Agricultural','active','2025-03-07',NULL,1786.61,'2025-09-12',471.60,4077.60,'overdue','2025-10-30 18:23:34','2025-10-30 18:23:38','Zone C',NULL,NULL),(24,35,'ELX-2024-000024','MTR-KHI-000008','Harry Hessel','customer24@example.com','3877045226','720 Railroad Street','Karachi','Sindh','51584','Residential','active','2025-10-22',NULL,1137.82,'2025-10-30',233.20,0.00,'paid','2025-10-30 18:23:34','2025-10-30 23:26:22','Zone D',NULL,'2025-10-31'),(25,36,'ELX-2024-000025','MTR-LHE-000005','Elena Watsica','customer25@example.com','9313748986','660 Otha Avenue','Lahore','Punjab','22966','Residential','active','2025-08-18',NULL,2665.04,'2025-10-14',291.40,0.00,'paid','2025-10-30 18:23:34','2025-10-30 18:23:38','Zone E',NULL,NULL),(26,37,'ELX-2024-000026','MTR-KHI-000009','Sabrina Medhurst','customer26@example.com','9769394358','3299 Marie Route','Karachi','Sindh','93795','Agricultural','active','2024-06-25',NULL,3278.89,'2025-10-14',1036.40,7547.09,'overdue','2025-10-30 18:23:34','2025-10-30 18:23:38','Zone A',NULL,NULL),(27,38,'ELX-2024-000027','MTR-UET-000002','Penny Bins','customer27@example.com','6585918054','89735 St George\'s Road','Quetta','Balochistan','14693','Agricultural','active','2024-08-12',NULL,3714.42,'2025-10-30',1131.50,3714.42,'paid','2025-10-30 18:23:34','2025-10-30 22:37:23','Zone B',NULL,NULL),(28,39,'ELX-2024-000028','MTR-LHE-000006','Kerry Sawayn','customer28@example.com','9272546393','8829 Garden Street','Lahore','Punjab','90699','Industrial','suspended','2024-12-15',NULL,163167.74,'2025-10-14',10851.00,118443.21,'overdue','2025-10-30 18:23:34','2025-10-30 18:23:38','Zone C',NULL,NULL),(29,40,'ELX-2024-000029','MTR-KHI-000010','Arthur Anderson I','customer29@example.com','6443496319','252 America Creek','Karachi','Sindh','25148-2034','Agricultural','active','2024-10-05',NULL,5266.77,'2025-10-09',693.66,7313.55,'overdue','2025-10-30 18:23:34','2025-10-31 09:19:38','Zone D',NULL,NULL),(30,41,'ELX-2024-000030','MTR-KHI-000011','Tracy Carter I','customer30@example.com','1171374542','843 Old Lane','Karachi','Sindh','04072-3954','Residential','active','2025-03-30',NULL,965.20,'2025-10-14',286.40,0.00,'paid','2025-10-30 18:23:34','2025-10-30 18:23:38','Zone E',NULL,NULL),(31,42,'ELX-2024-000031','MTR-LHE-000007','Miriam Deckow','customer31@example.com','8485875422','646 Cleveland Street','Lahore','Punjab','58336','Industrial','active','2025-02-09',NULL,66124.72,'2025-10-08',8689.20,0.00,'paid','2025-10-30 18:23:34','2025-10-30 18:23:38','Zone A',NULL,NULL),(32,43,'ELX-2024-000032','MTR-KHI-000012','Leon Dickinson','customer32@example.com','6413456880','7208 Alford Wells','Karachi','Sindh','44893-5872','Industrial','active','2024-10-01',NULL,1450.32,'2025-10-12',8909.83,1450.32,'paid','2025-10-30 18:23:34','2025-10-30 21:13:24','Zone B',NULL,NULL),(33,44,'ELX-2024-000033','MTR-FSD-000004','Amanda Shanahan','customer33@example.com','7985979911','2682 W River Road','Faisalabad','Punjab','40964-1945','Industrial','active','2023-11-15',NULL,10349.47,'2025-10-30',9755.16,0.00,'paid','2025-10-30 18:23:34','2025-10-30 23:02:21','Zone C',NULL,NULL),(34,45,'ELX-2024-000034','MTR-UET-000003','Marianne Nolan','customer34@example.com','5635964327','57550 S Grand Avenue','Quetta','Balochistan','62569','Industrial','suspended','2023-12-17',NULL,67294.22,'2025-10-15',9414.40,0.00,'paid','2025-10-30 18:23:34','2025-10-30 18:23:38','Zone D',NULL,NULL),(35,46,'ELX-2024-000035','MTR-LHE-000008','Dave Feeney','customer35@example.com','7605482639','3930 Holly Close','Lahore','Punjab','30523-0481','Residential','active','2024-03-10',NULL,725.05,'2025-10-08',148.67,725.05,'paid','2025-10-30 18:23:34','2025-10-30 21:40:51','Zone E',NULL,NULL),(36,47,'ELX-2024-000036','MTR-FSD-000005','Marsha Lockman-Brekke','customer36@example.com','9914966306','680 McGlynn Lights','Faisalabad','Punjab','05396','Residential','active','2025-10-16',NULL,792.59,'2025-10-08',192.20,0.00,'paid','2025-10-30 18:23:34','2025-10-30 18:23:38','Zone A',NULL,NULL),(37,48,'ELX-2024-000037','MTR-ISB-000003','Rachael Jaskolski','customer37@example.com','5095121272','17072 Heathcote Road','Islamabad','Islamabad Capital Territory','60927-7282','Industrial','active','2024-09-30',NULL,64083.62,'2025-10-07',9099.60,0.00,'paid','2025-10-30 18:23:34','2025-10-30 18:23:38','Zone B',NULL,NULL),(38,49,'ELX-2024-000038','MTR-RWP-000007','Horace Schamberger','customer38@example.com','0786568471','7004 Madeline Rest','Rawalpindi','Punjab','52856','Commercial','active','2024-12-12',NULL,8010.74,'2025-10-08',1200.40,0.00,'paid','2025-10-30 18:23:34','2025-10-30 18:23:38','Zone C',NULL,NULL),(39,50,'ELX-2024-000039','MTR-RWP-000008','Ron Bernier Sr.','customer39@example.com','1685072530','720 Dibbert Union','Rawalpindi','Punjab','06186','Residential','active','2024-07-17',NULL,2383.61,'2025-10-11',244.60,0.00,'paid','2025-10-30 18:23:34','2025-10-30 18:23:38','Zone D',NULL,NULL),(40,51,'ELX-2024-000040','MTR-LHE-000009','Gene Marvin','customer40@example.com','0243480415','2301 Keyon Crest','Lahore','Punjab','74974-3705','Residential','active','2025-03-25',NULL,2687.56,'2025-10-09',279.20,0.00,'paid','2025-10-30 18:23:34','2025-10-30 18:23:38','Zone E',NULL,NULL),(41,52,'ELX-2024-000041','MTR-KHI-000013','Mary Will-Hammes','customer41@example.com','1640840574','84427 Charity Mill','Karachi','Sindh','21110-7576','Agricultural','active','2025-08-15',NULL,8084.60,'2025-10-08',1007.80,0.00,'paid','2025-10-30 18:23:34','2025-10-30 18:23:38','Zone A',NULL,NULL),(42,53,'ELX-2024-000042','MTR-UET-000004','Ronnie Littel','customer42@example.com','4093807700','99736 Fritsch Key','Quetta','Balochistan','81539','Agricultural','active','2025-06-21',NULL,8857.74,'2025-10-13',794.40,0.00,'paid','2025-10-30 18:23:34','2025-10-30 18:23:38','Zone B',NULL,NULL),(43,54,'ELX-2024-000043','MTR-ISB-000004','Miss Amanda Wintheiser','customer43@example.com','6363186562','361 Aiyana Viaduct','Islamabad','Islamabad Capital Territory','77327-6349','Residential','active','2024-03-31',NULL,650.00,'2025-10-07',171.40,0.00,'paid','2025-10-30 18:23:34','2025-10-30 18:23:38','Zone C',NULL,NULL),(44,55,'ELX-2024-000044','MTR-KHI-000014','Allison Breitenberg','customer44@example.com','4443782015','3602 Grant Plain','Karachi','Sindh','28059-6474','Commercial','active','2025-03-14',NULL,9310.62,'2025-10-10',1306.60,19110.12,'overdue','2025-10-30 18:23:34','2025-10-30 18:23:38','Zone D',NULL,NULL),(45,56,'ELX-2024-000045','MTR-UET-000005','Fannie Corkery','customer45@example.com','0247074690','731 Emmerich River','Quetta','Balochistan','61001-8719','Industrial','active','2024-04-22',NULL,80401.42,'2025-10-11',8877.80,0.00,'paid','2025-10-30 18:23:34','2025-10-30 18:23:38','Zone E',NULL,NULL),(46,57,'ELX-2024-000046','MTR-FSD-000006','Jorge Simonis','customer46@example.com','2745602015','609 E Broadway Street','Faisalabad','Punjab','58776','Industrial','active','2025-04-04',NULL,64999.36,'2025-10-11',8388.60,0.00,'paid','2025-10-30 18:23:34','2025-10-30 18:23:38','Zone A',NULL,NULL),(47,58,'ELX-2024-000047','MTR-KHI-000015','Dr. Marjorie Hoppe-Kiehn','customer47@example.com','1823119820','5146 Reichert Pine','Karachi','Sindh','52676-7495','Residential','active','2023-12-24',NULL,822.61,'2025-10-06',182.20,0.00,'paid','2025-10-30 18:23:34','2025-10-30 18:23:38','Zone B',NULL,NULL),(48,59,'ELX-2024-000048','MTR-LHE-000010','Ross Wolff','customer48@example.com','1031063715','322 Peter Forges','Lahore','Punjab','69735-9914','Commercial','active','2024-04-21',NULL,11158.50,'2025-10-15',1280.40,0.00,'paid','2025-10-30 18:23:34','2025-10-30 18:23:38','Zone C',NULL,NULL),(49,60,'ELX-2024-000049','MTR-ISB-000005','Dr. Richard Lesch','customer49@example.com','0072727393','47423 Lake Avenue','Islamabad','Islamabad Capital Territory','34762-4595','Industrial','active','2024-03-03',NULL,107875.54,'2025-10-11',10223.80,0.00,'paid','2025-10-30 18:23:34','2025-10-30 18:23:38','Zone D',NULL,NULL),(50,61,'ELX-2024-000050','MTR-MUX-000001','Noel Rath DDS','customer50@example.com','4299606277','757 S Jefferson Street','Multan','Punjab','68653','Industrial','active','2025-05-22',NULL,107678.24,'2025-10-10',10600.40,0.00,'paid','2025-10-30 18:23:34','2025-10-30 18:23:38','Zone E',NULL,NULL),(51,62,'ELX-2024-000051','MTR-KHI-000051','Thomas Carter','customer51@gmail.com','965.284.5749','6487 Bernhard Springs','Karachi','Sindh','75000','Residential','active','2025-10-01',NULL,0.00,NULL,0.00,0.00,'paid','2025-10-30 18:23:34','2025-10-30 18:23:34','Zone A',NULL,NULL),(52,63,'ELX-2024-000052','MTR-LHE-000052','Janie Wilkinson','customer52@gmail.com','438.440.0233 x927','92533 Veterans Memorial Highway','Lahore','Punjab','54000','Commercial','active','2025-09-01',NULL,11273.20,'2025-10-15',976.00,0.00,'paid','2025-10-30 18:23:34','2025-10-30 18:23:38','Zone B',NULL,NULL),(53,64,'ELX-2024-000053','MTR-ISB-000053','Garrett Bernhard-Ferry','customer53@gmail.com','891.416.3618','4974 Sharon Mission','Islamabad','Islamabad Capital Territory','44000','Agricultural','active','2025-08-01',NULL,5248.55,'2025-09-09',795.50,5248.55,'overdue','2025-10-30 18:23:34','2025-10-30 18:23:38','Zone C',NULL,NULL),(54,65,'ELX-2025-280781-1E9A','MTR-LHE-000053','Trent','trent@example.com','03477897956','Flat','Lahore','Punjab','00000','Residential','active','2025-10-30',NULL,30000.00,NULL,0.00,30000.00,'paid','2025-10-30 19:09:03','2025-10-30 19:09:03','Zone E',NULL,NULL),(55,66,'ELX-2025-795763-06B4','MTR-KHI-000052','trent','t@example.com','03657498789','Flat','Karachi','Punjab','746540','Residential','active','2025-10-30',NULL,17687.38,NULL,1499.97,47687.38,'paid','2025-10-30 19:17:17','2025-10-30 19:26:26','Zone E',NULL,NULL),(56,67,'ELX-2025-096889-A07A','MTR-000056-2025','Boult','boult@customer.com','03131464464','Plot','Karachi','Sindh','746550','Agricultural','active','2025-10-30',NULL,0.00,NULL,0.00,0.00,'paid','2025-10-30 20:28:16','2025-10-30 20:28:16','Zone E',NULL,NULL),(57,68,'ELX-2025-057884-A638','MTR-KHI-000053','Ollie','Ollie@customer.com','03158976159','Plot','Karachi','Sindh','746087','Residential','active','2025-11-07',NULL,30000.00,NULL,0.00,30000.00,'paid','2025-11-07 21:43:32','2025-11-07 21:43:32','Zone A',NULL,NULL),(58,69,'ELX-2025-320297-2BE6','MTR-KHI-000054','Tent','tent@customer.com','03178977645','Plot','Karachi','Punjab','746753','Residential','active','2025-11-07',NULL,45000.00,NULL,0.00,45000.00,'paid','2025-11-07 21:52:01','2025-11-07 21:52:01','Zone C',NULL,NULL);
/*!40000 ALTER TABLE `customers` ENABLE KEYS */;
UNLOCK TABLES;

--
-- Table structure for table `employees`
--

DROP TABLE IF EXISTS `employees`;
/*!40101 SET @saved_cs_client     = @@character_set_client */;
/*!50503 SET character_set_client = utf8mb4 */;
CREATE TABLE `employees` (
  `id` int NOT NULL AUTO_INCREMENT,
  `employee_number` varchar(20) DEFAULT NULL,
  `user_id` int NOT NULL,
  `employee_name` varchar(255) NOT NULL,
  `email` varchar(255) NOT NULL,
  `phone` varchar(20) NOT NULL,
  `designation` varchar(100) NOT NULL,
  `department` varchar(100) NOT NULL,
  `assigned_zone` varchar(100) DEFAULT NULL,
  `status` enum('active','inactive') NOT NULL DEFAULT 'active',
  `hire_date` date NOT NULL,
  `created_at` timestamp NOT NULL DEFAULT (now()),
  `updated_at` timestamp NOT NULL DEFAULT (now()) ON UPDATE CURRENT_TIMESTAMP,
  PRIMARY KEY (`id`),
  UNIQUE KEY `employee_number` (`employee_number`),
  KEY `employees_user_id_users_id_fk` (`user_id`),
  CONSTRAINT `employees_user_id_users_id_fk` FOREIGN KEY (`user_id`) REFERENCES `users` (`id`) ON DELETE CASCADE
) ENGINE=InnoDB AUTO_INCREMENT=11 DEFAULT CHARSET=utf8mb4 COLLATE=utf8mb4_0900_ai_ci;
/*!40101 SET character_set_client = @saved_cs_client */;

--
-- Dumping data for table `employees`
--

LOCK TABLES `employees` WRITE;
/*!40000 ALTER TABLE `employees` DISABLE KEYS */;
INSERT INTO `employees` VALUES (1,'EMP-001',2,'Mrs. Christie Satterfield','employee1@electrolux.com','1752465230','Meter Reader','Operations','Zone A','active','2025-03-21','2025-10-30 18:23:34','2025-10-30 18:23:34'),(2,'EMP-002',3,'Sadie VonRueden','employee2@electrolux.com','6384564246','Supervisor','Billing','Zone B','active','2023-03-04','2025-10-30 18:23:34','2025-10-30 18:23:34'),(3,'EMP-003',4,'Ben Carter','employee3@electrolux.com','3758290594','Technician','Maintenance','Zone C','active','2023-04-17','2025-10-30 18:23:34','2025-10-30 18:23:34'),(4,'EMP-004',5,'Terri Emard','employee4@electrolux.com','1590436974','Field Officer','Customer Service','Zone D','active','2024-05-10','2025-10-30 18:23:34','2025-10-30 18:23:34'),(5,'EMP-005',6,'Lindsey Reichert III','employee5@electrolux.com','7137264853','Maintenance Staff','Technical','Zone E','active','2025-10-15','2025-10-30 18:23:34','2025-10-30 18:23:34'),(6,'EMP-006',7,'Cameron Wolf','employee6@electrolux.com','4117529012','Meter Reader','Operations','Zone A','active','2024-08-17','2025-10-30 18:23:34','2025-10-30 18:23:34'),(7,'EMP-007',8,'Miss Glenda Smith','employee7@electrolux.com','3971289615','Supervisor','Billing','Zone B','active','2023-09-11','2025-10-30 18:23:34','2025-10-30 18:23:34'),(8,'EMP-008',9,'Lynette Morar','employee8@electrolux.com','8745386979','Technician','Maintenance','Zone C','active','2025-10-20','2025-10-30 18:23:34','2025-10-30 18:23:34'),(9,'EMP-009',10,'Clinton Strosin IV','employee9@electrolux.com','6785580596','Field Officer','Customer Service','Zone D','active','2024-01-04','2025-10-30 18:23:34','2025-10-30 23:16:05'),(10,'EMP-010',11,'Bruce Schmidt','employee10@electrolux.com','4804460330','Maintenance Staff','Technical','Zone E','active','2022-12-12','2025-10-30 18:23:34','2025-10-30 18:23:34');
/*!40000 ALTER TABLE `employees` ENABLE KEYS */;
UNLOCK TABLES;

--
-- Table structure for table `meter_readings`
--

DROP TABLE IF EXISTS `meter_readings`;
/*!40101 SET @saved_cs_client     = @@character_set_client */;
/*!50503 SET character_set_client = utf8mb4 */;
CREATE TABLE `meter_readings` (
  `id` int NOT NULL AUTO_INCREMENT,
  `customer_id` int NOT NULL,
  `meter_number` varchar(50) NOT NULL,
  `current_reading` decimal(10,2) NOT NULL,
  `previous_reading` decimal(10,2) NOT NULL,
  `units_consumed` decimal(10,2) NOT NULL,
  `reading_date` date NOT NULL,
  `reading_time` timestamp NOT NULL,
  `meter_condition` enum('good','fair','poor','damaged') NOT NULL DEFAULT 'good',
  `accessibility` enum('accessible','partially_accessible','inaccessible') NOT NULL DEFAULT 'accessible',
  `employee_id` int DEFAULT NULL,
  `photo_path` varchar(500) DEFAULT NULL,
  `notes` text,
  `created_at` timestamp NOT NULL DEFAULT (now()),
  `updated_at` timestamp NOT NULL DEFAULT (now()) ON UPDATE CURRENT_TIMESTAMP,
  PRIMARY KEY (`id`),
  KEY `meter_readings_customer_id_customers_id_fk` (`customer_id`),
  KEY `meter_readings_employee_id_employees_id_fk` (`employee_id`),
  CONSTRAINT `meter_readings_customer_id_customers_id_fk` FOREIGN KEY (`customer_id`) REFERENCES `customers` (`id`) ON DELETE CASCADE,
  CONSTRAINT `meter_readings_employee_id_employees_id_fk` FOREIGN KEY (`employee_id`) REFERENCES `employees` (`id`)
) ENGINE=InnoDB AUTO_INCREMENT=272 DEFAULT CHARSET=utf8mb4 COLLATE=utf8mb4_0900_ai_ci;
/*!40101 SET character_set_client = @saved_cs_client */;

--
-- Dumping data for table `meter_readings`
--

LOCK TABLES `meter_readings` WRITE;
/*!40000 ALTER TABLE `meter_readings` DISABLE KEYS */;
INSERT INTO `meter_readings` VALUES (1,1,'MTR-FSD-000001',3497.00,1648.00,1849.00,'2025-05-30','2025-05-30 13:23:33','good','accessible',4,NULL,NULL,'2025-10-30 18:23:34','2025-10-30 18:23:34'),(2,1,'MTR-FSD-000001',4449.00,3497.00,952.00,'2025-06-30','2025-06-30 13:23:33','good','accessible',6,NULL,NULL,'2025-10-30 18:23:34','2025-10-30 18:23:34'),(3,1,'MTR-FSD-000001',5839.00,4449.00,1390.00,'2025-07-30','2025-07-30 13:23:33','good','accessible',5,NULL,NULL,'2025-10-30 18:23:34','2025-10-30 18:23:34'),(4,1,'MTR-FSD-000001',7783.00,5839.00,1944.00,'2025-08-30','2025-08-30 13:23:33','good','accessible',10,NULL,NULL,'2025-10-30 18:23:34','2025-10-30 18:23:34'),(5,1,'MTR-FSD-000001',9364.00,7783.00,1581.00,'2025-09-30','2025-09-30 13:23:33','good','accessible',3,NULL,NULL,'2025-10-30 18:23:34','2025-10-30 18:23:34'),(6,2,'MTR-UET-000001',5056.00,4933.00,123.00,'2025-05-30','2025-05-30 13:23:33','good','accessible',1,NULL,NULL,'2025-10-30 18:23:34','2025-10-30 18:23:34'),(7,2,'MTR-UET-000001',5360.00,5056.00,304.00,'2025-06-30','2025-06-30 13:23:33','good','accessible',6,NULL,NULL,'2025-10-30 18:23:34','2025-10-30 18:23:34'),(8,2,'MTR-UET-000001',5722.00,5360.00,362.00,'2025-07-30','2025-07-30 13:23:33','good','accessible',5,NULL,NULL,'2025-10-30 18:23:34','2025-10-30 18:23:34'),(9,2,'MTR-UET-000001',6078.00,5722.00,356.00,'2025-08-30','2025-08-30 13:23:33','good','accessible',1,NULL,NULL,'2025-10-30 18:23:34','2025-10-30 18:23:34'),(10,2,'MTR-UET-000001',6397.00,6078.00,319.00,'2025-09-30','2025-09-30 13:23:33','good','accessible',5,NULL,NULL,'2025-10-30 18:23:34','2025-10-30 18:23:34'),(11,3,'MTR-KHI-000001',7797.00,2226.00,5571.00,'2025-05-30','2025-05-30 13:23:33','good','accessible',7,NULL,NULL,'2025-10-30 18:23:34','2025-10-30 18:23:34'),(12,3,'MTR-KHI-000001',17037.00,7797.00,9240.00,'2025-06-30','2025-06-30 13:23:33','good','accessible',4,NULL,NULL,'2025-10-30 18:23:34','2025-10-30 18:23:34'),(13,3,'MTR-KHI-000001',30716.00,17037.00,13679.00,'2025-07-30','2025-07-30 13:23:33','good','accessible',4,NULL,NULL,'2025-10-30 18:23:34','2025-10-30 18:23:34'),(14,3,'MTR-KHI-000001',37583.00,30716.00,6867.00,'2025-08-30','2025-08-30 13:23:33','good','accessible',2,NULL,NULL,'2025-10-30 18:23:34','2025-10-30 18:23:34'),(15,3,'MTR-KHI-000001',48770.00,37583.00,11187.00,'2025-09-30','2025-09-30 13:23:33','good','accessible',9,NULL,NULL,'2025-10-30 18:23:34','2025-10-30 18:23:34'),(16,4,'MTR-KHI-000002',5532.00,3653.00,1879.00,'2025-05-30','2025-05-30 13:23:33','good','accessible',1,NULL,NULL,'2025-10-30 18:23:34','2025-10-30 18:23:34'),(17,4,'MTR-KHI-000002',6623.00,5532.00,1091.00,'2025-06-30','2025-06-30 13:23:33','good','accessible',5,NULL,NULL,'2025-10-30 18:23:34','2025-10-30 18:23:34'),(18,4,'MTR-KHI-000002',8072.00,6623.00,1449.00,'2025-07-30','2025-07-30 13:23:33','good','accessible',8,NULL,NULL,'2025-10-30 18:23:34','2025-10-30 18:23:34'),(19,4,'MTR-KHI-000002',8769.00,8072.00,697.00,'2025-08-30','2025-08-30 13:23:33','good','accessible',10,NULL,NULL,'2025-10-30 18:23:34','2025-10-30 18:23:34'),(20,4,'MTR-KHI-000002',10607.00,8769.00,1838.00,'2025-09-30','2025-09-30 13:23:33','good','accessible',6,NULL,NULL,'2025-10-30 18:23:34','2025-10-30 18:23:34'),(21,5,'MTR-KHI-000003',4414.00,3537.00,877.00,'2025-05-30','2025-05-30 13:23:33','good','accessible',2,NULL,NULL,'2025-10-30 18:23:34','2025-10-30 18:23:34'),(22,5,'MTR-KHI-000003',4737.00,4414.00,323.00,'2025-06-30','2025-06-30 13:23:33','good','accessible',8,NULL,NULL,'2025-10-30 18:23:34','2025-10-30 18:23:34'),(23,5,'MTR-KHI-000003',5439.00,4737.00,702.00,'2025-07-30','2025-07-30 13:23:33','good','accessible',10,NULL,NULL,'2025-10-30 18:23:34','2025-10-30 18:23:34'),(24,5,'MTR-KHI-000003',5838.00,5439.00,399.00,'2025-08-30','2025-08-30 13:23:33','good','accessible',4,NULL,NULL,'2025-10-30 18:23:35','2025-10-30 18:23:35'),(25,5,'MTR-KHI-000003',6394.00,5838.00,556.00,'2025-09-30','2025-09-30 13:23:33','good','accessible',10,NULL,NULL,'2025-10-30 18:23:35','2025-10-30 18:23:35'),(26,6,'MTR-KHI-000004',3970.00,2860.00,1110.00,'2025-05-30','2025-05-30 13:23:33','good','accessible',1,NULL,NULL,'2025-10-30 18:23:35','2025-10-30 18:23:35'),(27,6,'MTR-KHI-000004',5115.00,3970.00,1145.00,'2025-06-30','2025-06-30 13:23:33','good','accessible',9,NULL,NULL,'2025-10-30 18:23:35','2025-10-30 18:23:35'),(28,6,'MTR-KHI-000004',5518.00,5115.00,403.00,'2025-07-30','2025-07-30 13:23:33','good','accessible',2,NULL,NULL,'2025-10-30 18:23:35','2025-10-30 18:23:35'),(29,6,'MTR-KHI-000004',6563.00,5518.00,1045.00,'2025-08-30','2025-08-30 13:23:33','good','accessible',7,NULL,NULL,'2025-10-30 18:23:35','2025-10-30 18:23:35'),(30,6,'MTR-KHI-000004',7297.00,6563.00,734.00,'2025-09-30','2025-09-30 13:23:33','good','accessible',5,NULL,NULL,'2025-10-30 18:23:35','2025-10-30 18:23:35'),(31,7,'MTR-LHE-000001',2493.00,1277.00,1216.00,'2025-05-30','2025-05-30 13:23:33','good','accessible',6,NULL,NULL,'2025-10-30 18:23:35','2025-10-30 18:23:35'),(32,7,'MTR-LHE-000001',3464.00,2493.00,971.00,'2025-06-30','2025-06-30 13:23:33','good','accessible',9,NULL,NULL,'2025-10-30 18:23:35','2025-10-30 18:23:35'),(33,7,'MTR-LHE-000001',4353.00,3464.00,889.00,'2025-07-30','2025-07-30 13:23:33','good','accessible',3,NULL,NULL,'2025-10-30 18:23:35','2025-10-30 18:23:35'),(34,7,'MTR-LHE-000001',6338.00,4353.00,1985.00,'2025-08-30','2025-08-30 13:23:33','good','accessible',8,NULL,NULL,'2025-10-30 18:23:35','2025-10-30 18:23:35'),(35,7,'MTR-LHE-000001',7216.00,6338.00,878.00,'2025-09-30','2025-09-30 13:23:33','good','accessible',3,NULL,NULL,'2025-10-30 18:23:35','2025-10-30 18:23:35'),(36,8,'MTR-RWP-000001',16098.00,2243.00,13855.00,'2025-05-30','2025-05-30 13:23:33','good','accessible',3,NULL,NULL,'2025-10-30 18:23:35','2025-10-30 18:23:35'),(37,8,'MTR-RWP-000001',22144.00,16098.00,6046.00,'2025-06-30','2025-06-30 13:23:33','good','accessible',5,NULL,NULL,'2025-10-30 18:23:35','2025-10-30 18:23:35'),(38,8,'MTR-RWP-000001',28367.00,22144.00,6223.00,'2025-07-30','2025-07-30 13:23:33','good','accessible',8,NULL,NULL,'2025-10-30 18:23:35','2025-10-30 18:23:35'),(39,8,'MTR-RWP-000001',39602.00,28367.00,11235.00,'2025-08-30','2025-08-30 13:23:33','good','accessible',8,NULL,NULL,'2025-10-30 18:23:35','2025-10-30 18:23:35'),(40,8,'MTR-RWP-000001',49134.00,39602.00,9532.00,'2025-09-30','2025-09-30 13:23:33','good','accessible',7,NULL,NULL,'2025-10-30 18:23:35','2025-10-30 18:23:35'),(41,9,'MTR-LHE-000002',4855.00,3924.00,931.00,'2025-05-30','2025-05-30 13:23:33','good','accessible',8,NULL,NULL,'2025-10-30 18:23:35','2025-10-30 18:23:35'),(42,9,'MTR-LHE-000002',6044.00,4855.00,1189.00,'2025-06-30','2025-06-30 13:23:33','good','accessible',3,NULL,NULL,'2025-10-30 18:23:35','2025-10-30 18:23:35'),(43,9,'MTR-LHE-000002',6843.00,6044.00,799.00,'2025-07-30','2025-07-30 13:23:33','good','accessible',8,NULL,NULL,'2025-10-30 18:23:35','2025-10-30 18:23:35'),(44,9,'MTR-LHE-000002',7843.00,6843.00,1000.00,'2025-08-30','2025-08-30 13:23:33','good','accessible',4,NULL,NULL,'2025-10-30 18:23:35','2025-10-30 18:23:35'),(45,9,'MTR-LHE-000002',8804.00,7843.00,961.00,'2025-09-30','2025-09-30 13:23:33','good','accessible',3,NULL,NULL,'2025-10-30 18:23:35','2025-10-30 18:23:35'),(46,10,'MTR-RWP-000002',3696.00,2656.00,1040.00,'2025-05-30','2025-05-30 13:23:33','good','accessible',1,NULL,NULL,'2025-10-30 18:23:35','2025-10-30 18:23:35'),(47,10,'MTR-RWP-000002',4338.00,3696.00,642.00,'2025-06-30','2025-06-30 13:23:33','good','accessible',9,NULL,NULL,'2025-10-30 18:23:35','2025-10-30 18:23:35'),(48,10,'MTR-RWP-000002',5319.00,4338.00,981.00,'2025-07-30','2025-07-30 13:23:33','good','accessible',7,NULL,NULL,'2025-10-30 18:23:35','2025-10-30 18:23:35'),(49,10,'MTR-RWP-000002',6961.00,5319.00,1642.00,'2025-08-30','2025-08-30 13:23:33','good','accessible',10,NULL,NULL,'2025-10-30 18:23:35','2025-10-30 18:23:35'),(50,10,'MTR-RWP-000002',7622.00,6961.00,661.00,'2025-09-30','2025-09-30 13:23:33','good','accessible',7,NULL,NULL,'2025-10-30 18:23:35','2025-10-30 18:23:35'),(51,11,'MTR-ISB-000001',16413.00,3812.00,12601.00,'2025-05-30','2025-05-30 13:23:33','good','accessible',1,NULL,NULL,'2025-10-30 18:23:35','2025-10-30 18:23:35'),(52,11,'MTR-ISB-000001',29284.00,16413.00,12871.00,'2025-06-30','2025-06-30 13:23:33','good','accessible',2,NULL,NULL,'2025-10-30 18:23:35','2025-10-30 18:23:35'),(53,11,'MTR-ISB-000001',35132.00,29284.00,5848.00,'2025-07-30','2025-07-30 13:23:33','good','accessible',4,NULL,NULL,'2025-10-30 18:23:35','2025-10-30 18:23:35'),(54,11,'MTR-ISB-000001',45962.00,35132.00,10830.00,'2025-08-30','2025-08-30 13:23:33','good','accessible',9,NULL,NULL,'2025-10-30 18:23:35','2025-10-30 18:23:35'),(55,11,'MTR-ISB-000001',51015.00,45962.00,5053.00,'2025-09-30','2025-09-30 13:23:33','good','accessible',3,NULL,NULL,'2025-10-30 18:23:35','2025-10-30 18:23:35'),(56,12,'MTR-LHE-000003',2653.00,2150.00,503.00,'2025-05-30','2025-05-30 13:23:33','good','accessible',7,NULL,NULL,'2025-10-30 18:23:35','2025-10-30 18:23:35'),(57,12,'MTR-LHE-000003',4430.00,2653.00,1777.00,'2025-06-30','2025-06-30 13:23:33','good','accessible',10,NULL,NULL,'2025-10-30 18:23:35','2025-10-30 18:23:35'),(58,12,'MTR-LHE-000003',5824.00,4430.00,1394.00,'2025-07-30','2025-07-30 13:23:33','good','accessible',8,NULL,NULL,'2025-10-30 18:23:35','2025-10-30 18:23:35'),(59,12,'MTR-LHE-000003',6732.00,5824.00,908.00,'2025-08-30','2025-08-30 13:23:33','good','accessible',8,NULL,NULL,'2025-10-30 18:23:35','2025-10-30 18:23:35'),(60,12,'MTR-LHE-000003',7693.00,6732.00,961.00,'2025-09-30','2025-09-30 13:23:33','good','accessible',3,NULL,NULL,'2025-10-30 18:23:35','2025-10-30 18:23:35'),(61,13,'MTR-RWP-000003',2356.00,1474.00,882.00,'2025-05-30','2025-05-30 13:23:33','good','accessible',8,NULL,NULL,'2025-10-30 18:23:35','2025-10-30 18:23:35'),(62,13,'MTR-RWP-000003',4334.00,2356.00,1978.00,'2025-06-30','2025-06-30 13:23:33','good','accessible',9,NULL,NULL,'2025-10-30 18:23:35','2025-10-30 18:23:35'),(63,13,'MTR-RWP-000003',4843.00,4334.00,509.00,'2025-07-30','2025-07-30 13:23:33','good','accessible',9,NULL,NULL,'2025-10-30 18:23:35','2025-10-30 18:23:35'),(64,13,'MTR-RWP-000003',6123.00,4843.00,1280.00,'2025-08-30','2025-08-30 13:23:33','good','accessible',3,NULL,NULL,'2025-10-30 18:23:35','2025-10-30 18:23:35'),(65,13,'MTR-RWP-000003',7556.00,6123.00,1433.00,'2025-09-30','2025-09-30 13:23:33','good','accessible',8,NULL,NULL,'2025-10-30 18:23:35','2025-10-30 18:23:35'),(66,14,'MTR-KHI-000005',2950.00,2550.00,400.00,'2025-05-30','2025-05-30 13:23:33','good','accessible',8,NULL,NULL,'2025-10-30 18:23:35','2025-10-30 18:23:35'),(67,14,'MTR-KHI-000005',3159.00,2950.00,209.00,'2025-06-30','2025-06-30 13:23:33','good','accessible',9,NULL,NULL,'2025-10-30 18:23:35','2025-10-30 18:23:35'),(68,14,'MTR-KHI-000005',3451.00,3159.00,292.00,'2025-07-30','2025-07-30 13:23:33','good','accessible',2,NULL,NULL,'2025-10-30 18:23:35','2025-10-30 18:23:35'),(69,14,'MTR-KHI-000005',3539.00,3451.00,88.00,'2025-08-30','2025-08-30 13:23:33','good','accessible',6,NULL,NULL,'2025-10-30 18:23:35','2025-10-30 18:23:35'),(70,14,'MTR-KHI-000005',3726.00,3539.00,187.00,'2025-09-30','2025-09-30 13:23:33','good','accessible',4,NULL,NULL,'2025-10-30 18:23:35','2025-10-30 18:23:35'),(71,15,'MTR-RWP-000004',4071.00,3743.00,328.00,'2025-05-30','2025-05-30 13:23:33','good','accessible',9,NULL,NULL,'2025-10-30 18:23:35','2025-10-30 18:23:35'),(72,15,'MTR-RWP-000004',4613.00,4071.00,542.00,'2025-06-30','2025-06-30 13:23:33','good','accessible',7,NULL,NULL,'2025-10-30 18:23:35','2025-10-30 18:23:35'),(73,15,'MTR-RWP-000004',5095.00,4613.00,482.00,'2025-07-30','2025-07-30 13:23:33','good','accessible',8,NULL,NULL,'2025-10-30 18:23:35','2025-10-30 18:23:35'),(74,15,'MTR-RWP-000004',5902.00,5095.00,807.00,'2025-08-30','2025-08-30 13:23:33','good','accessible',8,NULL,NULL,'2025-10-30 18:23:35','2025-10-30 18:23:35'),(75,15,'MTR-RWP-000004',6670.00,5902.00,768.00,'2025-09-30','2025-09-30 13:23:33','good','accessible',4,NULL,NULL,'2025-10-30 18:23:35','2025-10-30 18:23:35'),(76,16,'MTR-LHE-000004',5488.00,4712.00,776.00,'2025-05-30','2025-05-30 13:23:33','good','accessible',10,NULL,NULL,'2025-10-30 18:23:35','2025-10-30 18:23:35'),(77,16,'MTR-LHE-000004',5889.00,5488.00,401.00,'2025-06-30','2025-06-30 13:23:33','good','accessible',10,NULL,NULL,'2025-10-30 18:23:35','2025-10-30 18:23:35'),(78,16,'MTR-LHE-000004',6588.00,5889.00,699.00,'2025-07-30','2025-07-30 13:23:33','good','accessible',5,NULL,NULL,'2025-10-30 18:23:35','2025-10-30 18:23:35'),(79,16,'MTR-LHE-000004',7263.00,6588.00,675.00,'2025-08-30','2025-08-30 13:23:33','good','accessible',5,NULL,NULL,'2025-10-30 18:23:35','2025-10-30 18:23:35'),(80,16,'MTR-LHE-000004',7886.00,7263.00,623.00,'2025-09-30','2025-09-30 13:23:33','good','accessible',3,NULL,NULL,'2025-10-30 18:23:35','2025-10-30 18:23:35'),(81,17,'MTR-FSD-000002',3469.00,2399.00,1070.00,'2025-05-30','2025-05-30 13:23:33','good','accessible',4,NULL,NULL,'2025-10-30 18:23:35','2025-10-30 18:23:35'),(82,17,'MTR-FSD-000002',4923.00,3469.00,1454.00,'2025-06-30','2025-06-30 13:23:33','good','accessible',2,NULL,NULL,'2025-10-30 18:23:35','2025-10-30 18:23:35'),(83,17,'MTR-FSD-000002',6150.00,4923.00,1227.00,'2025-07-30','2025-07-30 13:23:33','good','accessible',1,NULL,NULL,'2025-10-30 18:23:35','2025-10-30 18:23:35'),(84,17,'MTR-FSD-000002',7641.00,6150.00,1491.00,'2025-08-30','2025-08-30 13:23:33','good','accessible',4,NULL,NULL,'2025-10-30 18:23:35','2025-10-30 18:23:35'),(85,17,'MTR-FSD-000002',8559.00,7641.00,918.00,'2025-09-30','2025-09-30 13:23:33','good','accessible',5,NULL,NULL,'2025-10-30 18:23:35','2025-10-30 18:23:35'),(86,18,'MTR-KHI-000006',5303.00,4269.00,1034.00,'2025-05-30','2025-05-30 13:23:33','good','accessible',7,NULL,NULL,'2025-10-30 18:23:35','2025-10-30 18:23:35'),(87,18,'MTR-KHI-000006',6481.00,5303.00,1178.00,'2025-06-30','2025-06-30 13:23:33','good','accessible',8,NULL,NULL,'2025-10-30 18:23:35','2025-10-30 18:23:35'),(88,18,'MTR-KHI-000006',7175.00,6481.00,694.00,'2025-07-30','2025-07-30 13:23:33','good','accessible',1,NULL,NULL,'2025-10-30 18:23:35','2025-10-30 18:23:35'),(89,18,'MTR-KHI-000006',7838.00,7175.00,663.00,'2025-08-30','2025-08-30 13:23:33','good','accessible',7,NULL,NULL,'2025-10-30 18:23:35','2025-10-30 18:23:35'),(90,18,'MTR-KHI-000006',8888.00,7838.00,1050.00,'2025-09-30','2025-09-30 13:23:33','good','accessible',7,NULL,NULL,'2025-10-30 18:23:36','2025-10-30 18:23:36'),(91,19,'MTR-ISB-000002',13400.00,2148.00,11252.00,'2025-05-30','2025-05-30 13:23:33','good','accessible',7,NULL,NULL,'2025-10-30 18:23:36','2025-10-30 18:23:36'),(92,19,'MTR-ISB-000002',24897.00,13400.00,11497.00,'2025-06-30','2025-06-30 13:23:33','good','accessible',5,NULL,NULL,'2025-10-30 18:23:36','2025-10-30 18:23:36'),(93,19,'MTR-ISB-000002',36898.00,24897.00,12001.00,'2025-07-30','2025-07-30 13:23:33','good','accessible',3,NULL,NULL,'2025-10-30 18:23:36','2025-10-30 18:23:36'),(94,19,'MTR-ISB-000002',43362.00,36898.00,6464.00,'2025-08-30','2025-08-30 13:23:33','good','accessible',10,NULL,NULL,'2025-10-30 18:23:36','2025-10-30 18:23:36'),(95,19,'MTR-ISB-000002',55892.00,43362.00,12530.00,'2025-09-30','2025-09-30 13:23:33','good','accessible',6,NULL,NULL,'2025-10-30 18:23:36','2025-10-30 18:23:36'),(96,20,'MTR-RWP-000005',2121.00,1417.00,704.00,'2025-05-30','2025-05-30 13:23:33','good','accessible',3,NULL,NULL,'2025-10-30 18:23:36','2025-10-30 18:23:36'),(97,20,'MTR-RWP-000005',3282.00,2121.00,1161.00,'2025-06-30','2025-06-30 13:23:33','good','accessible',7,NULL,NULL,'2025-10-30 18:23:36','2025-10-30 18:23:36'),(98,20,'MTR-RWP-000005',3816.00,3282.00,534.00,'2025-07-30','2025-07-30 13:23:33','good','accessible',10,NULL,NULL,'2025-10-30 18:23:36','2025-10-30 18:23:36'),(99,20,'MTR-RWP-000005',4713.00,3816.00,897.00,'2025-08-30','2025-08-30 13:23:33','good','accessible',7,NULL,NULL,'2025-10-30 18:23:36','2025-10-30 18:23:36'),(100,20,'MTR-RWP-000005',6196.00,4713.00,1483.00,'2025-09-30','2025-09-30 13:23:33','good','accessible',9,NULL,NULL,'2025-10-30 18:23:36','2025-10-30 18:23:36'),(101,21,'MTR-RWP-000006',3527.00,3433.00,94.00,'2025-05-30','2025-05-30 13:23:33','good','accessible',10,NULL,NULL,'2025-10-30 18:23:36','2025-10-30 18:23:36'),(102,21,'MTR-RWP-000006',3793.00,3527.00,266.00,'2025-06-30','2025-06-30 13:23:33','good','accessible',3,NULL,NULL,'2025-10-30 18:23:36','2025-10-30 18:23:36'),(103,21,'MTR-RWP-000006',3898.00,3793.00,105.00,'2025-07-30','2025-07-30 13:23:33','good','accessible',2,NULL,NULL,'2025-10-30 18:23:36','2025-10-30 18:23:36'),(104,21,'MTR-RWP-000006',4262.00,3898.00,364.00,'2025-08-30','2025-08-30 13:23:33','good','accessible',7,NULL,NULL,'2025-10-30 18:23:36','2025-10-30 18:23:36'),(105,21,'MTR-RWP-000006',4471.00,4262.00,209.00,'2025-09-30','2025-09-30 13:23:33','good','accessible',8,NULL,NULL,'2025-10-30 18:23:36','2025-10-30 18:23:36'),(106,22,'MTR-KHI-000007',3385.00,2991.00,394.00,'2025-05-30','2025-05-30 13:23:33','good','accessible',3,NULL,NULL,'2025-10-30 18:23:36','2025-10-30 18:23:36'),(107,22,'MTR-KHI-000007',3707.00,3385.00,322.00,'2025-06-30','2025-06-30 13:23:33','good','accessible',7,NULL,NULL,'2025-10-30 18:23:36','2025-10-30 18:23:36'),(108,22,'MTR-KHI-000007',3881.00,3707.00,174.00,'2025-07-30','2025-07-30 13:23:33','good','accessible',4,NULL,NULL,'2025-10-30 18:23:36','2025-10-30 18:23:36'),(109,22,'MTR-KHI-000007',4261.00,3881.00,380.00,'2025-08-30','2025-08-30 13:23:33','good','accessible',1,NULL,NULL,'2025-10-30 18:23:36','2025-10-30 18:23:36'),(110,22,'MTR-KHI-000007',4584.00,4261.00,323.00,'2025-09-30','2025-09-30 13:23:33','good','accessible',3,NULL,NULL,'2025-10-30 18:23:36','2025-10-30 18:23:36'),(111,23,'MTR-FSD-000003',2136.00,1628.00,508.00,'2025-05-30','2025-05-30 13:23:33','good','accessible',10,NULL,NULL,'2025-10-30 18:23:36','2025-10-30 18:23:36'),(112,23,'MTR-FSD-000003',2523.00,2136.00,387.00,'2025-06-30','2025-06-30 13:23:33','good','accessible',2,NULL,NULL,'2025-10-30 18:23:36','2025-10-30 18:23:36'),(113,23,'MTR-FSD-000003',3129.00,2523.00,606.00,'2025-07-30','2025-07-30 13:23:33','good','accessible',2,NULL,NULL,'2025-10-30 18:23:36','2025-10-30 18:23:36'),(114,23,'MTR-FSD-000003',3579.00,3129.00,450.00,'2025-08-30','2025-08-30 13:23:33','good','accessible',3,NULL,NULL,'2025-10-30 18:23:36','2025-10-30 18:23:36'),(115,23,'MTR-FSD-000003',3986.00,3579.00,407.00,'2025-09-30','2025-09-30 13:23:33','good','accessible',8,NULL,NULL,'2025-10-30 18:23:36','2025-10-30 18:23:36'),(116,24,'MTR-KHI-000008',2717.00,2378.00,339.00,'2025-05-30','2025-05-30 13:23:33','good','accessible',10,NULL,NULL,'2025-10-30 18:23:36','2025-10-30 18:23:36'),(117,24,'MTR-KHI-000008',2843.00,2717.00,126.00,'2025-06-30','2025-06-30 13:23:33','good','accessible',2,NULL,NULL,'2025-10-30 18:23:36','2025-10-30 18:23:36'),(118,24,'MTR-KHI-000008',3007.00,2843.00,164.00,'2025-07-30','2025-07-30 13:23:33','good','accessible',9,NULL,NULL,'2025-10-30 18:23:36','2025-10-30 18:23:36'),(119,24,'MTR-KHI-000008',3375.00,3007.00,368.00,'2025-08-30','2025-08-30 13:23:33','good','accessible',6,NULL,NULL,'2025-10-30 18:23:36','2025-10-30 18:23:36'),(120,24,'MTR-KHI-000008',3544.00,3375.00,169.00,'2025-09-30','2025-09-30 13:23:33','good','accessible',5,NULL,NULL,'2025-10-30 18:23:36','2025-10-30 18:23:36'),(121,25,'MTR-LHE-000005',2093.00,1728.00,365.00,'2025-05-30','2025-05-30 13:23:33','good','accessible',9,NULL,NULL,'2025-10-30 18:23:36','2025-10-30 18:23:36'),(122,25,'MTR-LHE-000005',2309.00,2093.00,216.00,'2025-06-30','2025-06-30 13:23:33','good','accessible',7,NULL,NULL,'2025-10-30 18:23:36','2025-10-30 18:23:36'),(123,25,'MTR-LHE-000005',2480.00,2309.00,171.00,'2025-07-30','2025-07-30 13:23:33','good','accessible',8,NULL,NULL,'2025-10-30 18:23:36','2025-10-30 18:23:36'),(124,25,'MTR-LHE-000005',2853.00,2480.00,373.00,'2025-08-30','2025-08-30 13:23:33','good','accessible',2,NULL,NULL,'2025-10-30 18:23:36','2025-10-30 18:23:36'),(125,25,'MTR-LHE-000005',3185.00,2853.00,332.00,'2025-09-30','2025-09-30 13:23:33','good','accessible',1,NULL,NULL,'2025-10-30 18:23:36','2025-10-30 18:23:36'),(126,26,'MTR-KHI-000009',5154.00,3850.00,1304.00,'2025-05-30','2025-05-30 13:23:33','good','accessible',5,NULL,NULL,'2025-10-30 18:23:36','2025-10-30 18:23:36'),(127,26,'MTR-KHI-000009',6000.00,5154.00,846.00,'2025-06-30','2025-06-30 13:23:33','good','accessible',6,NULL,NULL,'2025-10-30 18:23:36','2025-10-30 18:23:36'),(128,26,'MTR-KHI-000009',7390.00,6000.00,1390.00,'2025-07-30','2025-07-30 13:23:33','good','accessible',7,NULL,NULL,'2025-10-30 18:23:36','2025-10-30 18:23:36'),(129,26,'MTR-KHI-000009',8363.00,7390.00,973.00,'2025-08-30','2025-08-30 13:23:33','good','accessible',8,NULL,NULL,'2025-10-30 18:23:36','2025-10-30 18:23:36'),(130,26,'MTR-KHI-000009',9032.00,8363.00,669.00,'2025-09-30','2025-09-30 13:23:33','good','accessible',6,NULL,NULL,'2025-10-30 18:23:36','2025-10-30 18:23:36'),(131,27,'MTR-UET-000002',3515.00,2099.00,1416.00,'2025-05-30','2025-05-30 13:23:33','good','accessible',2,NULL,NULL,'2025-10-30 18:23:36','2025-10-30 18:23:36'),(132,27,'MTR-UET-000002',4802.00,3515.00,1287.00,'2025-06-30','2025-06-30 13:23:33','good','accessible',9,NULL,NULL,'2025-10-30 18:23:36','2025-10-30 18:23:36'),(133,27,'MTR-UET-000002',5615.00,4802.00,813.00,'2025-07-30','2025-07-30 13:23:33','good','accessible',10,NULL,NULL,'2025-10-30 18:23:36','2025-10-30 18:23:36'),(134,27,'MTR-UET-000002',6939.00,5615.00,1324.00,'2025-08-30','2025-08-30 13:23:33','good','accessible',9,NULL,NULL,'2025-10-30 18:23:36','2025-10-30 18:23:36'),(135,27,'MTR-UET-000002',8148.00,6939.00,1209.00,'2025-09-30','2025-09-30 13:23:33','good','accessible',5,NULL,NULL,'2025-10-30 18:23:36','2025-10-30 18:23:36'),(136,28,'MTR-LHE-000006',13335.00,2093.00,11242.00,'2025-05-30','2025-05-30 13:23:33','good','accessible',3,NULL,NULL,'2025-10-30 18:23:36','2025-10-30 18:23:36'),(137,28,'MTR-LHE-000006',20473.00,13335.00,7138.00,'2025-06-30','2025-06-30 13:23:33','good','accessible',7,NULL,NULL,'2025-10-30 18:23:36','2025-10-30 18:23:36'),(138,28,'MTR-LHE-000006',32076.00,20473.00,11603.00,'2025-07-30','2025-07-30 13:23:33','good','accessible',1,NULL,NULL,'2025-10-30 18:23:36','2025-10-30 18:23:36'),(139,28,'MTR-LHE-000006',41479.00,32076.00,9403.00,'2025-08-30','2025-08-30 13:23:33','good','accessible',2,NULL,NULL,'2025-10-30 18:23:36','2025-10-30 18:23:36'),(140,28,'MTR-LHE-000006',56348.00,41479.00,14869.00,'2025-09-30','2025-09-30 13:23:33','good','accessible',8,NULL,NULL,'2025-10-30 18:23:36','2025-10-30 18:23:36'),(141,29,'MTR-KHI-000010',4388.00,3838.00,550.00,'2025-05-30','2025-05-30 13:23:33','good','accessible',6,NULL,NULL,'2025-10-30 18:23:36','2025-10-30 18:23:36'),(142,29,'MTR-KHI-000010',4848.00,4388.00,460.00,'2025-06-30','2025-06-30 13:23:33','good','accessible',7,NULL,NULL,'2025-10-30 18:23:36','2025-10-30 18:23:36'),(143,29,'MTR-KHI-000010',5662.00,4848.00,814.00,'2025-07-30','2025-07-30 13:23:33','good','accessible',7,NULL,NULL,'2025-10-30 18:23:36','2025-10-30 18:23:36'),(144,29,'MTR-KHI-000010',6122.00,5662.00,460.00,'2025-08-30','2025-08-30 13:23:33','good','accessible',7,NULL,NULL,'2025-10-30 18:23:36','2025-10-30 18:23:36'),(145,29,'MTR-KHI-000010',7007.00,6122.00,885.00,'2025-09-30','2025-09-30 13:23:33','good','accessible',7,NULL,NULL,'2025-10-30 18:23:36','2025-10-30 18:23:36'),(146,30,'MTR-KHI-000011',1670.00,1444.00,226.00,'2025-05-30','2025-05-30 13:23:33','good','accessible',5,NULL,NULL,'2025-10-30 18:23:36','2025-10-30 18:23:36'),(147,30,'MTR-KHI-000011',2060.00,1670.00,390.00,'2025-06-30','2025-06-30 13:23:33','good','accessible',4,NULL,NULL,'2025-10-30 18:23:36','2025-10-30 18:23:36'),(148,30,'MTR-KHI-000011',2360.00,2060.00,300.00,'2025-07-30','2025-07-30 13:23:33','good','accessible',1,NULL,NULL,'2025-10-30 18:23:36','2025-10-30 18:23:36'),(149,30,'MTR-KHI-000011',2730.00,2360.00,370.00,'2025-08-30','2025-08-30 13:23:33','good','accessible',4,NULL,NULL,'2025-10-30 18:23:36','2025-10-30 18:23:36'),(150,30,'MTR-KHI-000011',2876.00,2730.00,146.00,'2025-09-30','2025-09-30 13:23:33','good','accessible',10,NULL,NULL,'2025-10-30 18:23:36','2025-10-30 18:23:36'),(151,31,'MTR-LHE-000007',9556.00,2217.00,7339.00,'2025-05-30','2025-05-30 13:23:33','good','accessible',3,NULL,NULL,'2025-10-30 18:23:36','2025-10-30 18:23:36'),(152,31,'MTR-LHE-000007',19697.00,9556.00,10141.00,'2025-06-30','2025-06-30 13:23:33','good','accessible',4,NULL,NULL,'2025-10-30 18:23:36','2025-10-30 18:23:36'),(153,31,'MTR-LHE-000007',26171.00,19697.00,6474.00,'2025-07-30','2025-07-30 13:23:33','good','accessible',2,NULL,NULL,'2025-10-30 18:23:36','2025-10-30 18:23:36'),(154,31,'MTR-LHE-000007',39017.00,26171.00,12846.00,'2025-08-30','2025-08-30 13:23:33','good','accessible',1,NULL,NULL,'2025-10-30 18:23:36','2025-10-30 18:23:36'),(155,31,'MTR-LHE-000007',45663.00,39017.00,6646.00,'2025-09-30','2025-09-30 13:23:33','good','accessible',4,NULL,NULL,'2025-10-30 18:23:36','2025-10-30 18:23:36'),(156,32,'MTR-KHI-000012',7358.00,2333.00,5025.00,'2025-05-30','2025-05-30 13:23:33','good','accessible',5,NULL,NULL,'2025-10-30 18:23:36','2025-10-30 18:23:36'),(157,32,'MTR-KHI-000012',20730.00,7358.00,13372.00,'2025-06-30','2025-06-30 13:23:33','good','accessible',4,NULL,NULL,'2025-10-30 18:23:36','2025-10-30 18:23:36'),(158,32,'MTR-KHI-000012',35711.00,20730.00,14981.00,'2025-07-30','2025-07-30 13:23:33','good','accessible',1,NULL,NULL,'2025-10-30 18:23:36','2025-10-30 18:23:36'),(159,32,'MTR-KHI-000012',48714.00,35711.00,13003.00,'2025-08-30','2025-08-30 13:23:33','good','accessible',3,NULL,NULL,'2025-10-30 18:23:37','2025-10-30 18:23:37'),(160,32,'MTR-KHI-000012',55690.00,48714.00,6976.00,'2025-09-30','2025-09-30 13:23:33','good','accessible',7,NULL,NULL,'2025-10-30 18:23:37','2025-10-30 18:23:37'),(161,33,'MTR-FSD-000004',14581.00,4802.00,9779.00,'2025-05-30','2025-05-30 13:23:33','good','accessible',5,NULL,NULL,'2025-10-30 18:23:37','2025-10-30 18:23:37'),(162,33,'MTR-FSD-000004',27463.00,14581.00,12882.00,'2025-06-30','2025-06-30 13:23:33','good','accessible',5,NULL,NULL,'2025-10-30 18:23:37','2025-10-30 18:23:37'),(163,33,'MTR-FSD-000004',41998.00,27463.00,14535.00,'2025-07-30','2025-07-30 13:23:33','good','accessible',6,NULL,NULL,'2025-10-30 18:23:37','2025-10-30 18:23:37'),(164,33,'MTR-FSD-000004',51196.00,41998.00,9198.00,'2025-08-30','2025-08-30 13:23:33','good','accessible',3,NULL,NULL,'2025-10-30 18:23:37','2025-10-30 18:23:37'),(165,33,'MTR-FSD-000004',62197.00,51196.00,11001.00,'2025-09-30','2025-09-30 13:23:33','good','accessible',10,NULL,NULL,'2025-10-30 18:23:37','2025-10-30 18:23:37'),(166,34,'MTR-UET-000003',8449.00,1843.00,6606.00,'2025-05-30','2025-05-30 13:23:33','good','accessible',7,NULL,NULL,'2025-10-30 18:23:37','2025-10-30 18:23:37'),(167,34,'MTR-UET-000003',19536.00,8449.00,11087.00,'2025-06-30','2025-06-30 13:23:33','good','accessible',4,NULL,NULL,'2025-10-30 18:23:37','2025-10-30 18:23:37'),(168,34,'MTR-UET-000003',33405.00,19536.00,13869.00,'2025-07-30','2025-07-30 13:23:33','good','accessible',7,NULL,NULL,'2025-10-30 18:23:37','2025-10-30 18:23:37'),(169,34,'MTR-UET-000003',42163.00,33405.00,8758.00,'2025-08-30','2025-08-30 13:23:33','good','accessible',5,NULL,NULL,'2025-10-30 18:23:37','2025-10-30 18:23:37'),(170,34,'MTR-UET-000003',48915.00,42163.00,6752.00,'2025-09-30','2025-09-30 13:23:33','good','accessible',9,NULL,NULL,'2025-10-30 18:23:37','2025-10-30 18:23:37'),(171,35,'MTR-LHE-000008',2126.00,2043.00,83.00,'2025-05-30','2025-05-30 13:23:33','good','accessible',4,NULL,NULL,'2025-10-30 18:23:37','2025-10-30 18:23:37'),(172,35,'MTR-LHE-000008',2364.00,2126.00,238.00,'2025-06-30','2025-06-30 13:23:33','good','accessible',9,NULL,NULL,'2025-10-30 18:23:37','2025-10-30 18:23:37'),(173,35,'MTR-LHE-000008',2620.00,2364.00,256.00,'2025-07-30','2025-07-30 13:23:33','good','accessible',7,NULL,NULL,'2025-10-30 18:23:37','2025-10-30 18:23:37'),(174,35,'MTR-LHE-000008',2726.00,2620.00,106.00,'2025-08-30','2025-08-30 13:23:33','good','accessible',6,NULL,NULL,'2025-10-30 18:23:37','2025-10-30 18:23:37'),(175,35,'MTR-LHE-000008',2821.00,2726.00,95.00,'2025-09-30','2025-09-30 13:23:33','good','accessible',1,NULL,NULL,'2025-10-30 18:23:37','2025-10-30 18:23:37'),(176,36,'MTR-FSD-000005',4968.00,4671.00,297.00,'2025-05-30','2025-05-30 13:23:33','good','accessible',3,NULL,NULL,'2025-10-30 18:23:37','2025-10-30 18:23:37'),(177,36,'MTR-FSD-000005',5083.00,4968.00,115.00,'2025-06-30','2025-06-30 13:23:33','good','accessible',8,NULL,NULL,'2025-10-30 18:23:37','2025-10-30 18:23:37'),(178,36,'MTR-FSD-000005',5389.00,5083.00,306.00,'2025-07-30','2025-07-30 13:23:33','good','accessible',7,NULL,NULL,'2025-10-30 18:23:37','2025-10-30 18:23:37'),(179,36,'MTR-FSD-000005',5509.00,5389.00,120.00,'2025-08-30','2025-08-30 13:23:33','good','accessible',5,NULL,NULL,'2025-10-30 18:23:37','2025-10-30 18:23:37'),(180,36,'MTR-FSD-000005',5632.00,5509.00,123.00,'2025-09-30','2025-09-30 13:23:33','good','accessible',6,NULL,NULL,'2025-10-30 18:23:37','2025-10-30 18:23:37'),(181,37,'MTR-ISB-000003',16024.00,1618.00,14406.00,'2025-05-30','2025-05-30 13:23:33','good','accessible',1,NULL,NULL,'2025-10-30 18:23:37','2025-10-30 18:23:37'),(182,37,'MTR-ISB-000003',23428.00,16024.00,7404.00,'2025-06-30','2025-06-30 13:23:33','good','accessible',8,NULL,NULL,'2025-10-30 18:23:37','2025-10-30 18:23:37'),(183,37,'MTR-ISB-000003',34556.00,23428.00,11128.00,'2025-07-30','2025-07-30 13:23:33','good','accessible',6,NULL,NULL,'2025-10-30 18:23:37','2025-10-30 18:23:37'),(184,37,'MTR-ISB-000003',40655.00,34556.00,6099.00,'2025-08-30','2025-08-30 13:23:33','good','accessible',6,NULL,NULL,'2025-10-30 18:23:37','2025-10-30 18:23:37'),(185,37,'MTR-ISB-000003',47116.00,40655.00,6461.00,'2025-09-30','2025-09-30 13:23:33','good','accessible',8,NULL,NULL,'2025-10-30 18:23:37','2025-10-30 18:23:37'),(186,38,'MTR-RWP-000007',4233.00,3085.00,1148.00,'2025-05-30','2025-05-30 13:23:33','good','accessible',9,NULL,NULL,'2025-10-30 18:23:37','2025-10-30 18:23:37'),(187,38,'MTR-RWP-000007',4871.00,4233.00,638.00,'2025-06-30','2025-06-30 13:23:33','good','accessible',6,NULL,NULL,'2025-10-30 18:23:37','2025-10-30 18:23:37'),(188,38,'MTR-RWP-000007',6819.00,4871.00,1948.00,'2025-07-30','2025-07-30 13:23:33','good','accessible',3,NULL,NULL,'2025-10-30 18:23:37','2025-10-30 18:23:37'),(189,38,'MTR-RWP-000007',8367.00,6819.00,1548.00,'2025-08-30','2025-08-30 13:23:33','good','accessible',6,NULL,NULL,'2025-10-30 18:23:37','2025-10-30 18:23:37'),(190,38,'MTR-RWP-000007',9087.00,8367.00,720.00,'2025-09-30','2025-09-30 13:23:33','good','accessible',1,NULL,NULL,'2025-10-30 18:23:37','2025-10-30 18:23:37'),(191,39,'MTR-RWP-000008',2317.00,2136.00,181.00,'2025-05-30','2025-05-30 13:23:33','good','accessible',9,NULL,NULL,'2025-10-30 18:23:37','2025-10-30 18:23:37'),(192,39,'MTR-RWP-000008',2672.00,2317.00,355.00,'2025-06-30','2025-06-30 13:23:33','good','accessible',6,NULL,NULL,'2025-10-30 18:23:37','2025-10-30 18:23:37'),(193,39,'MTR-RWP-000008',2912.00,2672.00,240.00,'2025-07-30','2025-07-30 13:23:33','good','accessible',4,NULL,NULL,'2025-10-30 18:23:37','2025-10-30 18:23:37'),(194,39,'MTR-RWP-000008',3052.00,2912.00,140.00,'2025-08-30','2025-08-30 13:23:33','good','accessible',5,NULL,NULL,'2025-10-30 18:23:37','2025-10-30 18:23:37'),(195,39,'MTR-RWP-000008',3359.00,3052.00,307.00,'2025-09-30','2025-09-30 13:23:33','good','accessible',4,NULL,NULL,'2025-10-30 18:23:37','2025-10-30 18:23:37'),(196,40,'MTR-LHE-000009',4337.00,3981.00,356.00,'2025-05-30','2025-05-30 13:23:33','good','accessible',6,NULL,NULL,'2025-10-30 18:23:37','2025-10-30 18:23:37'),(197,40,'MTR-LHE-000009',4636.00,4337.00,299.00,'2025-06-30','2025-06-30 13:23:33','good','accessible',9,NULL,NULL,'2025-10-30 18:23:37','2025-10-30 18:23:37'),(198,40,'MTR-LHE-000009',4852.00,4636.00,216.00,'2025-07-30','2025-07-30 13:23:33','good','accessible',6,NULL,NULL,'2025-10-30 18:23:37','2025-10-30 18:23:37'),(199,40,'MTR-LHE-000009',5043.00,4852.00,191.00,'2025-08-30','2025-08-30 13:23:33','good','accessible',6,NULL,NULL,'2025-10-30 18:23:37','2025-10-30 18:23:37'),(200,40,'MTR-LHE-000009',5377.00,5043.00,334.00,'2025-09-30','2025-09-30 13:23:33','good','accessible',1,NULL,NULL,'2025-10-30 18:23:37','2025-10-30 18:23:37'),(201,41,'MTR-KHI-000013',2735.00,2086.00,649.00,'2025-05-30','2025-05-30 13:23:33','good','accessible',9,NULL,NULL,'2025-10-30 18:23:37','2025-10-30 18:23:37'),(202,41,'MTR-KHI-000013',3934.00,2735.00,1199.00,'2025-06-30','2025-06-30 13:23:33','good','accessible',7,NULL,NULL,'2025-10-30 18:23:37','2025-10-30 18:23:37'),(203,41,'MTR-KHI-000013',4843.00,3934.00,909.00,'2025-07-30','2025-07-30 13:23:33','good','accessible',3,NULL,NULL,'2025-10-30 18:23:37','2025-10-30 18:23:37'),(204,41,'MTR-KHI-000013',5748.00,4843.00,905.00,'2025-08-30','2025-08-30 13:23:33','good','accessible',5,NULL,NULL,'2025-10-30 18:23:37','2025-10-30 18:23:37'),(205,41,'MTR-KHI-000013',7125.00,5748.00,1377.00,'2025-09-30','2025-09-30 13:23:33','good','accessible',5,NULL,NULL,'2025-10-30 18:23:37','2025-10-30 18:23:37'),(206,42,'MTR-UET-000004',3324.00,2427.00,897.00,'2025-05-30','2025-05-30 13:23:33','good','accessible',2,NULL,NULL,'2025-10-30 18:23:37','2025-10-30 18:23:37'),(207,42,'MTR-UET-000004',4028.00,3324.00,704.00,'2025-06-30','2025-06-30 13:23:33','good','accessible',10,NULL,NULL,'2025-10-30 18:23:37','2025-10-30 18:23:37'),(208,42,'MTR-UET-000004',4432.00,4028.00,404.00,'2025-07-30','2025-07-30 13:23:33','good','accessible',4,NULL,NULL,'2025-10-30 18:23:37','2025-10-30 18:23:37'),(209,42,'MTR-UET-000004',4917.00,4432.00,485.00,'2025-08-30','2025-08-30 13:23:33','good','accessible',10,NULL,NULL,'2025-10-30 18:23:37','2025-10-30 18:23:37'),(210,42,'MTR-UET-000004',6399.00,4917.00,1482.00,'2025-09-30','2025-09-30 13:23:33','good','accessible',2,NULL,NULL,'2025-10-30 18:23:37','2025-10-30 18:23:37'),(211,43,'MTR-ISB-000004',4312.00,4029.00,283.00,'2025-05-30','2025-05-30 13:23:33','good','accessible',4,NULL,NULL,'2025-10-30 18:23:37','2025-10-30 18:23:37'),(212,43,'MTR-ISB-000004',4480.00,4312.00,168.00,'2025-06-30','2025-06-30 13:23:33','good','accessible',9,NULL,NULL,'2025-10-30 18:23:37','2025-10-30 18:23:37'),(213,43,'MTR-ISB-000004',4659.00,4480.00,179.00,'2025-07-30','2025-07-30 13:23:33','good','accessible',3,NULL,NULL,'2025-10-30 18:23:37','2025-10-30 18:23:37'),(214,43,'MTR-ISB-000004',4782.00,4659.00,123.00,'2025-08-30','2025-08-30 13:23:33','good','accessible',6,NULL,NULL,'2025-10-30 18:23:37','2025-10-30 18:23:37'),(215,43,'MTR-ISB-000004',4886.00,4782.00,104.00,'2025-09-30','2025-09-30 13:23:33','good','accessible',5,NULL,NULL,'2025-10-30 18:23:37','2025-10-30 18:23:37'),(216,44,'MTR-KHI-000014',4174.00,3186.00,988.00,'2025-05-30','2025-05-30 13:23:33','good','accessible',3,NULL,NULL,'2025-10-30 18:23:37','2025-10-30 18:23:37'),(217,44,'MTR-KHI-000014',5386.00,4174.00,1212.00,'2025-06-30','2025-06-30 13:23:33','good','accessible',4,NULL,NULL,'2025-10-30 18:23:37','2025-10-30 18:23:37'),(218,44,'MTR-KHI-000014',6900.00,5386.00,1514.00,'2025-07-30','2025-07-30 13:23:33','good','accessible',2,NULL,NULL,'2025-10-30 18:23:37','2025-10-30 18:23:37'),(219,44,'MTR-KHI-000014',8897.00,6900.00,1997.00,'2025-08-30','2025-08-30 13:23:33','good','accessible',6,NULL,NULL,'2025-10-30 18:23:37','2025-10-30 18:23:37'),(220,44,'MTR-KHI-000014',9719.00,8897.00,822.00,'2025-09-30','2025-09-30 13:23:33','good','accessible',3,NULL,NULL,'2025-10-30 18:23:37','2025-10-30 18:23:37'),(221,45,'MTR-UET-000005',9979.00,1364.00,8615.00,'2025-05-30','2025-05-30 13:23:33','good','accessible',2,NULL,NULL,'2025-10-30 18:23:37','2025-10-30 18:23:37'),(222,45,'MTR-UET-000005',23208.00,9979.00,13229.00,'2025-06-30','2025-06-30 13:23:33','good','accessible',9,NULL,NULL,'2025-10-30 18:23:37','2025-10-30 18:23:37'),(223,45,'MTR-UET-000005',28294.00,23208.00,5086.00,'2025-07-30','2025-07-30 13:23:33','good','accessible',10,NULL,NULL,'2025-10-30 18:23:37','2025-10-30 18:23:37'),(224,45,'MTR-UET-000005',37813.00,28294.00,9519.00,'2025-08-30','2025-08-30 13:23:33','good','accessible',9,NULL,NULL,'2025-10-30 18:23:37','2025-10-30 18:23:37'),(225,45,'MTR-UET-000005',45753.00,37813.00,7940.00,'2025-09-30','2025-09-30 13:23:33','good','accessible',6,NULL,NULL,'2025-10-30 18:23:37','2025-10-30 18:23:37'),(226,46,'MTR-FSD-000006',9359.00,2148.00,7211.00,'2025-05-30','2025-05-30 13:23:33','good','accessible',1,NULL,NULL,'2025-10-30 18:23:38','2025-10-30 18:23:38'),(227,46,'MTR-FSD-000006',22289.00,9359.00,12930.00,'2025-06-30','2025-06-30 13:23:33','good','accessible',8,NULL,NULL,'2025-10-30 18:23:38','2025-10-30 18:23:38'),(228,46,'MTR-FSD-000006',29122.00,22289.00,6833.00,'2025-07-30','2025-07-30 13:23:33','good','accessible',1,NULL,NULL,'2025-10-30 18:23:38','2025-10-30 18:23:38'),(229,46,'MTR-FSD-000006',37547.00,29122.00,8425.00,'2025-08-30','2025-08-30 13:23:33','good','accessible',2,NULL,NULL,'2025-10-30 18:23:38','2025-10-30 18:23:38'),(230,46,'MTR-FSD-000006',44091.00,37547.00,6544.00,'2025-09-30','2025-09-30 13:23:33','good','accessible',2,NULL,NULL,'2025-10-30 18:23:38','2025-10-30 18:23:38'),(231,47,'MTR-KHI-000015',2331.00,2122.00,209.00,'2025-05-30','2025-05-30 13:23:33','good','accessible',1,NULL,NULL,'2025-10-30 18:23:38','2025-10-30 18:23:38'),(232,47,'MTR-KHI-000015',2609.00,2331.00,278.00,'2025-06-30','2025-06-30 13:23:33','good','accessible',7,NULL,NULL,'2025-10-30 18:23:38','2025-10-30 18:23:38'),(233,47,'MTR-KHI-000015',2763.00,2609.00,154.00,'2025-07-30','2025-07-30 13:23:33','good','accessible',3,NULL,NULL,'2025-10-30 18:23:38','2025-10-30 18:23:38'),(234,47,'MTR-KHI-000015',2906.00,2763.00,143.00,'2025-08-30','2025-08-30 13:23:33','good','accessible',10,NULL,NULL,'2025-10-30 18:23:38','2025-10-30 18:23:38'),(235,47,'MTR-KHI-000015',3033.00,2906.00,127.00,'2025-09-30','2025-09-30 13:23:33','good','accessible',10,NULL,NULL,'2025-10-30 18:23:38','2025-10-30 18:23:38'),(236,48,'MTR-LHE-000010',4696.00,3745.00,951.00,'2025-05-30','2025-05-30 13:23:33','good','accessible',7,NULL,NULL,'2025-10-30 18:23:38','2025-10-30 18:23:38'),(237,48,'MTR-LHE-000010',6585.00,4696.00,1889.00,'2025-06-30','2025-06-30 13:23:33','good','accessible',7,NULL,NULL,'2025-10-30 18:23:38','2025-10-30 18:23:38'),(238,48,'MTR-LHE-000010',8543.00,6585.00,1958.00,'2025-07-30','2025-07-30 13:23:33','good','accessible',8,NULL,NULL,'2025-10-30 18:23:38','2025-10-30 18:23:38'),(239,48,'MTR-LHE-000010',9180.00,8543.00,637.00,'2025-08-30','2025-08-30 13:23:33','good','accessible',10,NULL,NULL,'2025-10-30 18:23:38','2025-10-30 18:23:38'),(240,48,'MTR-LHE-000010',10147.00,9180.00,967.00,'2025-09-30','2025-09-30 13:23:33','good','accessible',6,NULL,NULL,'2025-10-30 18:23:38','2025-10-30 18:23:38'),(241,49,'MTR-ISB-000005',12804.00,2315.00,10489.00,'2025-05-30','2025-05-30 13:23:33','good','accessible',5,NULL,NULL,'2025-10-30 18:23:38','2025-10-30 18:23:38'),(242,49,'MTR-ISB-000005',24568.00,12804.00,11764.00,'2025-06-30','2025-06-30 13:23:33','good','accessible',2,NULL,NULL,'2025-10-30 18:23:38','2025-10-30 18:23:38'),(243,49,'MTR-ISB-000005',31938.00,24568.00,7370.00,'2025-07-30','2025-07-30 13:23:33','good','accessible',4,NULL,NULL,'2025-10-30 18:23:38','2025-10-30 18:23:38'),(244,49,'MTR-ISB-000005',43049.00,31938.00,11111.00,'2025-08-30','2025-08-30 13:23:33','good','accessible',9,NULL,NULL,'2025-10-30 18:23:38','2025-10-30 18:23:38'),(245,49,'MTR-ISB-000005',53434.00,43049.00,10385.00,'2025-09-30','2025-09-30 13:23:33','good','accessible',7,NULL,NULL,'2025-10-30 18:23:38','2025-10-30 18:23:38'),(246,50,'MTR-MUX-000001',18864.00,4399.00,14465.00,'2025-05-30','2025-05-30 13:23:33','good','accessible',1,NULL,NULL,'2025-10-30 18:23:38','2025-10-30 18:23:38'),(247,50,'MTR-MUX-000001',32342.00,18864.00,13478.00,'2025-06-30','2025-06-30 13:23:33','good','accessible',10,NULL,NULL,'2025-10-30 18:23:38','2025-10-30 18:23:38'),(248,50,'MTR-MUX-000001',41918.00,32342.00,9576.00,'2025-07-30','2025-07-30 13:23:33','good','accessible',1,NULL,NULL,'2025-10-30 18:23:38','2025-10-30 18:23:38'),(249,50,'MTR-MUX-000001',47032.00,41918.00,5114.00,'2025-08-30','2025-08-30 13:23:33','good','accessible',1,NULL,NULL,'2025-10-30 18:23:38','2025-10-30 18:23:38'),(250,50,'MTR-MUX-000001',57401.00,47032.00,10369.00,'2025-09-30','2025-09-30 13:23:33','good','accessible',6,NULL,NULL,'2025-10-30 18:23:38','2025-10-30 18:23:38'),(251,52,'MTR-LHE-000052',2283.00,1307.00,976.00,'2025-09-30','2025-09-30 13:23:33','good','accessible',5,NULL,NULL,'2025-10-30 18:23:38','2025-10-30 18:23:38'),(252,53,'MTR-ISB-000053',4142.00,3541.00,601.00,'2025-08-30','2025-08-30 13:23:33','good','accessible',3,NULL,NULL,'2025-10-30 18:23:38','2025-10-30 18:23:38'),(253,53,'MTR-ISB-000053',5132.00,4142.00,990.00,'2025-09-30','2025-09-30 13:23:33','good','accessible',6,NULL,NULL,'2025-10-30 18:23:38','2025-10-30 18:23:38'),(254,3,'MTR-KHI-000001',48790.00,48770.00,20.00,'2025-10-30','2025-10-30 14:00:32','good','accessible',1,NULL,'','2025-10-30 19:00:31','2025-10-30 19:00:31'),(255,55,'MTR-KHI-000052',1499.97,0.00,1499.97,'2025-10-30','2025-10-30 14:26:24','good','accessible',1,NULL,'','2025-10-30 19:26:24','2025-10-30 19:26:24'),(256,21,'MTR-RWP-000006',4489.00,4471.00,18.00,'2025-10-30','2025-10-30 15:47:13','good','accessible',2,NULL,'','2025-10-30 20:47:13','2025-10-30 20:47:13'),(257,9,'MTR-LHE-000002',8889.99,8804.00,85.99,'2025-10-30','2025-10-30 15:53:23','good','accessible',2,NULL,'','2025-10-30 20:53:23','2025-10-30 20:53:23'),(258,32,'MTR-KHI-000012',55791.97,55690.00,101.97,'2025-10-30','2025-10-30 16:13:23','good','accessible',7,NULL,'','2025-10-30 21:13:22','2025-10-30 21:13:22'),(259,35,'MTR-LHE-000008',2935.00,2821.00,114.00,'2025-10-30','2025-10-30 16:40:51','good','accessible',9,NULL,'','2025-10-30 21:40:51','2025-10-30 21:40:51'),(260,19,'MTR-ISB-000002',55952.00,55892.00,60.00,'2025-10-30','2025-10-30 17:06:10','good','accessible',8,NULL,'','2025-10-30 22:06:09','2025-10-30 22:06:09'),(261,19,'MTR-ISB-000002',558781.97,55952.00,502829.97,'2025-10-30','2025-10-30 17:08:17','good','accessible',8,NULL,'','2025-10-30 22:08:16','2025-10-30 22:08:16'),(262,20,'MTR-RWP-000005',6666.00,6196.00,470.00,'2025-10-30','2025-10-30 17:21:07','good','accessible',6,NULL,'','2025-10-30 22:21:07','2025-10-30 22:21:07'),(263,1,'MTR-FSD-000001',9665.99,9364.00,301.99,'2025-10-30','2025-10-30 17:26:34','good','accessible',6,NULL,'','2025-10-30 22:26:34','2025-10-30 22:26:34'),(264,2,'MTR-UET-000001',6554.98,6397.00,157.98,'2025-10-30','2025-10-30 17:26:52','good','accessible',6,NULL,'','2025-10-30 22:26:52','2025-10-30 22:26:52'),(265,27,'MTR-UET-000002',8888.00,8148.00,740.00,'2025-10-30','2025-10-30 17:34:29','good','accessible',4,NULL,'','2025-10-30 22:34:29','2025-10-30 22:43:13'),(266,5,'MTR-KHI-000003',6665.98,6394.00,271.98,'2025-10-30','2025-10-30 17:51:18','good','accessible',9,NULL,'','2025-10-30 22:51:17','2025-10-30 22:51:17'),(267,33,'MTR-FSD-000004',63332.98,62197.00,1135.98,'2025-10-30','2025-10-30 17:55:12','good','accessible',9,NULL,'','2025-10-30 22:55:11','2025-10-30 22:55:11'),(268,7,'MTR-LHE-000001',8960.00,7216.00,1744.00,'2025-10-30','2025-10-30 18:12:41','good','accessible',9,NULL,'','2025-10-30 23:12:40','2025-10-30 23:12:40'),(269,29,'MTR-KHI-000010',7999.97,7007.00,992.97,'2025-10-31','2025-10-31 04:19:37','good','accessible',7,NULL,'','2025-10-31 09:19:37','2025-10-31 09:19:37'),(270,11,'MTR-ISB-000001',55499.99,51015.00,4484.99,'2025-10-31','2025-10-31 04:49:29','good','accessible',9,NULL,'','2025-10-31 09:49:28','2025-10-31 09:49:28'),(271,6,'MTR-KHI-000004',7990.00,7297.00,693.00,'2025-10-31','2025-10-31 06:39:14','good','accessible',7,NULL,'','2025-10-31 11:39:13','2025-10-31 11:39:13');
/*!40000 ALTER TABLE `meter_readings` ENABLE KEYS */;
UNLOCK TABLES;

--
-- Table structure for table `notifications`
--

DROP TABLE IF EXISTS `notifications`;
/*!40101 SET @saved_cs_client     = @@character_set_client */;
/*!50503 SET character_set_client = utf8mb4 */;
CREATE TABLE `notifications` (
  `id` int NOT NULL AUTO_INCREMENT,
  `user_id` int NOT NULL,
  `notification_type` enum('billing','payment','usage','outage','service','reminder','system','maintenance','alert','info','work_order') NOT NULL,
  `title` varchar(255) NOT NULL,
  `message` text NOT NULL,
  `is_read` int NOT NULL DEFAULT '0',
  `read_at` timestamp NULL DEFAULT NULL,
  `created_at` timestamp NOT NULL DEFAULT (now()),
  `priority` enum('low','normal','medium','high') NOT NULL DEFAULT 'normal',
  `action_url` varchar(255) DEFAULT NULL,
  `action_text` varchar(100) DEFAULT NULL,
  PRIMARY KEY (`id`),
  KEY `notifications_user_id_users_id_fk` (`user_id`),
  CONSTRAINT `notifications_user_id_users_id_fk` FOREIGN KEY (`user_id`) REFERENCES `users` (`id`) ON DELETE CASCADE
) ENGINE=InnoDB AUTO_INCREMENT=206 DEFAULT CHARSET=utf8mb4 COLLATE=utf8mb4_0900_ai_ci;
/*!40101 SET character_set_client = @saved_cs_client */;

--
-- Dumping data for table `notifications`
--

LOCK TABLES `notifications` WRITE;
/*!40000 ALTER TABLE `notifications` DISABLE KEYS */;
INSERT INTO `notifications` VALUES (1,1,'service','New Complaint Submitted','New MEDIUM priority complaint: jj',0,NULL,'2025-10-30 18:26:37','normal','/admin/complaints',NULL),(2,2,'work_order','New Meter Reading Request','Customer Sophie Schmidt has requested a meter reading. Please check your work orders.',0,NULL,'2025-10-30 18:59:39','medium','/employee/meter-reading','View Request'),(3,3,'work_order','New Meter Reading Request','Customer Sophie Schmidt has requested a meter reading. Please check your work orders.',0,NULL,'2025-10-30 18:59:39','medium','/employee/meter-reading','View Request'),(4,4,'work_order','New Meter Reading Request','Customer Sophie Schmidt has requested a meter reading. Please check your work orders.',0,NULL,'2025-10-30 18:59:39','medium','/employee/meter-reading','View Request'),(5,5,'work_order','New Meter Reading Request','Customer Sophie Schmidt has requested a meter reading. Please check your work orders.',0,NULL,'2025-10-30 18:59:39','medium','/employee/meter-reading','View Request'),(6,6,'work_order','New Meter Reading Request','Customer Sophie Schmidt has requested a meter reading. Please check your work orders.',0,NULL,'2025-10-30 18:59:39','medium','/employee/meter-reading','View Request'),(7,7,'work_order','New Meter Reading Request','Customer Sophie Schmidt has requested a meter reading. Please check your work orders.',0,NULL,'2025-10-30 18:59:39','medium','/employee/meter-reading','View Request'),(8,8,'work_order','New Meter Reading Request','Customer Sophie Schmidt has requested a meter reading. Please check your work orders.',0,NULL,'2025-10-30 18:59:39','medium','/employee/meter-reading','View Request'),(9,9,'work_order','New Meter Reading Request','Customer Sophie Schmidt has requested a meter reading. Please check your work orders.',0,NULL,'2025-10-30 18:59:39','medium','/employee/meter-reading','View Request'),(10,10,'work_order','New Meter Reading Request','Customer Sophie Schmidt has requested a meter reading. Please check your work orders.',0,NULL,'2025-10-30 18:59:39','medium','/employee/meter-reading','View Request'),(11,11,'work_order','New Meter Reading Request','Customer Sophie Schmidt has requested a meter reading. Please check your work orders.',0,NULL,'2025-10-30 18:59:39','medium','/employee/meter-reading','View Request'),(12,14,'work_order','Meter Reading Completed','Your meter reading has been completed successfully. Units consumed: 20 kWh. Your bill will be generated shortly.',0,NULL,'2025-10-30 19:00:31','normal','/customer/view-bills','View Bills'),(13,14,'billing','New Bill Generated','Your bill for 2025-10-01 has been generated. Amount: Rs 758.74. Due date: 11/15/2025',0,NULL,'2025-10-30 19:00:32','high','/customer/view-bills','View Bill'),(14,1,'service','New Connection Request','Application APP-2025-143338 submitted by Trent',0,NULL,'2025-10-30 19:07:24','normal','/admin/connection-requests','Review'),(15,2,'work_order','New Installation Work Order','Assigned to install connection for application APP-2025-143338.',0,NULL,'2025-10-30 19:08:00','medium','/employee/work-orders','View Work Orders'),(16,30,'work_order','Work Order Completed','Your work order \"Monitored optimizing benchmark\" has been completed successfully. h',0,NULL,'2025-10-30 19:08:39','normal','/customer/services','View Details'),(17,65,'service','Account Created','Your Electrolux account ELX-2025-280781-1E9A has been created. You can log in and view your bills.',0,NULL,'2025-10-30 19:09:03','normal','/login','Login'),(18,1,'service','New Connection Request','Application APP-2025-802840 submitted by trent',0,NULL,'2025-10-30 19:16:09','normal','/admin/connection-requests','Review'),(19,2,'work_order','New Installation Work Order','Assigned to install connection for application APP-2025-802840.',0,NULL,'2025-10-30 19:16:35','medium','/employee/work-orders','View Work Orders'),(20,66,'service','Account Created','Your Electrolux account ELX-2025-795763-06B4 has been created. You can log in and view your bills.',0,NULL,'2025-10-30 19:17:17','normal','/login','Login'),(21,2,'work_order','New Meter Reading Request','Customer trent has requested a meter reading. Please check your work orders.',0,NULL,'2025-10-30 19:21:55','medium','/employee/meter-reading','View Request'),(22,3,'work_order','New Meter Reading Request','Customer trent has requested a meter reading. Please check your work orders.',0,NULL,'2025-10-30 19:21:55','medium','/employee/meter-reading','View Request'),(23,4,'work_order','New Meter Reading Request','Customer trent has requested a meter reading. Please check your work orders.',0,NULL,'2025-10-30 19:21:55','medium','/employee/meter-reading','View Request'),(24,5,'work_order','New Meter Reading Request','Customer trent has requested a meter reading. Please check your work orders.',0,NULL,'2025-10-30 19:21:55','medium','/employee/meter-reading','View Request'),(25,6,'work_order','New Meter Reading Request','Customer trent has requested a meter reading. Please check your work orders.',0,NULL,'2025-10-30 19:21:55','medium','/employee/meter-reading','View Request'),(26,7,'work_order','New Meter Reading Request','Customer trent has requested a meter reading. Please check your work orders.',0,NULL,'2025-10-30 19:21:55','medium','/employee/meter-reading','View Request'),(27,8,'work_order','New Meter Reading Request','Customer trent has requested a meter reading. Please check your work orders.',0,NULL,'2025-10-30 19:21:55','medium','/employee/meter-reading','View Request'),(28,9,'work_order','New Meter Reading Request','Customer trent has requested a meter reading. Please check your work orders.',0,NULL,'2025-10-30 19:21:55','medium','/employee/meter-reading','View Request'),(29,10,'work_order','New Meter Reading Request','Customer trent has requested a meter reading. Please check your work orders.',0,NULL,'2025-10-30 19:21:55','medium','/employee/meter-reading','View Request'),(30,11,'work_order','New Meter Reading Request','Customer trent has requested a meter reading. Please check your work orders.',0,NULL,'2025-10-30 19:21:55','medium','/employee/meter-reading','View Request'),(31,66,'work_order','Meter Reading Completed','Your meter reading has been completed successfully. Units consumed: 1499.97 kWh. Your bill will be generated shortly.',0,NULL,'2025-10-30 19:26:24','normal','/customer/view-bills','View Bills'),(32,66,'billing','New Bill Generated','Your bill for 2025-10-01 has been generated. Amount: Rs 17687.38. Due date: 11/15/2025',0,NULL,'2025-10-30 19:26:26','high','/customer/view-bills','View Bill'),(33,2,'work_order','New Complaint Assigned','You have been assigned to complaint: jj',0,NULL,'2025-10-30 19:39:18','normal','/employee/work-orders',NULL),(34,2,'work_order','New Complaint Assigned','You have been assigned to complaint: jj',0,NULL,'2025-10-30 19:39:18','normal','/employee/work-orders',NULL),(35,2,'work_order','New Meter Reading Request','Customer Dr. Jay Frami-Denesik has requested a meter reading. Please check your work orders.',0,NULL,'2025-10-30 19:45:53','medium','/employee/meter-reading','View Request'),(36,3,'work_order','New Meter Reading Request','Customer Dr. Jay Frami-Denesik has requested a meter reading. Please check your work orders.',0,NULL,'2025-10-30 19:45:53','medium','/employee/meter-reading','View Request'),(37,4,'work_order','New Meter Reading Request','Customer Dr. Jay Frami-Denesik has requested a meter reading. Please check your work orders.',0,NULL,'2025-10-30 19:45:53','medium','/employee/meter-reading','View Request'),(38,5,'work_order','New Meter Reading Request','Customer Dr. Jay Frami-Denesik has requested a meter reading. Please check your work orders.',0,NULL,'2025-10-30 19:45:53','medium','/employee/meter-reading','View Request'),(39,6,'work_order','New Meter Reading Request','Customer Dr. Jay Frami-Denesik has requested a meter reading. Please check your work orders.',0,NULL,'2025-10-30 19:45:53','medium','/employee/meter-reading','View Request'),(40,7,'work_order','New Meter Reading Request','Customer Dr. Jay Frami-Denesik has requested a meter reading. Please check your work orders.',0,NULL,'2025-10-30 19:45:53','medium','/employee/meter-reading','View Request'),(41,8,'work_order','New Meter Reading Request','Customer Dr. Jay Frami-Denesik has requested a meter reading. Please check your work orders.',0,NULL,'2025-10-30 19:45:53','medium','/employee/meter-reading','View Request'),(42,9,'work_order','New Meter Reading Request','Customer Dr. Jay Frami-Denesik has requested a meter reading. Please check your work orders.',0,NULL,'2025-10-30 19:45:53','medium','/employee/meter-reading','View Request'),(43,10,'work_order','New Meter Reading Request','Customer Dr. Jay Frami-Denesik has requested a meter reading. Please check your work orders.',0,NULL,'2025-10-30 19:45:53','medium','/employee/meter-reading','View Request'),(44,11,'work_order','New Meter Reading Request','Customer Dr. Jay Frami-Denesik has requested a meter reading. Please check your work orders.',0,NULL,'2025-10-30 19:45:53','medium','/employee/meter-reading','View Request'),(45,1,'service','New Connection Request','Application APP-2025-306697 submitted by Sam',0,NULL,'2025-10-30 19:47:45','normal','/admin/connection-requests','Review'),(46,1,'service','New Connection Request','Application APP-2025-356425 submitted by Stark',0,NULL,'2025-10-30 20:03:33','normal','/admin/connection-requests','Review'),(47,1,'service','New Connection Request','Application APP-2025-744360 submitted by Mikel',0,NULL,'2025-10-30 20:19:14','normal','/admin/connection-requests','Review'),(48,2,'work_order','New Meter Reading Request','Customer Lydia Herman has requested a meter reading. Please check your work orders.',0,NULL,'2025-10-30 20:46:12','medium','/employee/meter-reading','View Request'),(49,3,'work_order','New Meter Reading Request','Customer Lydia Herman has requested a meter reading. Please check your work orders.',0,NULL,'2025-10-30 20:46:12','medium','/employee/meter-reading','View Request'),(50,4,'work_order','New Meter Reading Request','Customer Lydia Herman has requested a meter reading. Please check your work orders.',0,NULL,'2025-10-30 20:46:12','medium','/employee/meter-reading','View Request'),(51,5,'work_order','New Meter Reading Request','Customer Lydia Herman has requested a meter reading. Please check your work orders.',0,NULL,'2025-10-30 20:46:12','medium','/employee/meter-reading','View Request'),(52,6,'work_order','New Meter Reading Request','Customer Lydia Herman has requested a meter reading. Please check your work orders.',0,NULL,'2025-10-30 20:46:12','medium','/employee/meter-reading','View Request'),(53,7,'work_order','New Meter Reading Request','Customer Lydia Herman has requested a meter reading. Please check your work orders.',0,NULL,'2025-10-30 20:46:12','medium','/employee/meter-reading','View Request'),(54,8,'work_order','New Meter Reading Request','Customer Lydia Herman has requested a meter reading. Please check your work orders.',0,NULL,'2025-10-30 20:46:12','medium','/employee/meter-reading','View Request'),(55,9,'work_order','New Meter Reading Request','Customer Lydia Herman has requested a meter reading. Please check your work orders.',0,NULL,'2025-10-30 20:46:12','medium','/employee/meter-reading','View Request'),(56,10,'work_order','New Meter Reading Request','Customer Lydia Herman has requested a meter reading. Please check your work orders.',0,NULL,'2025-10-30 20:46:12','medium','/employee/meter-reading','View Request'),(57,11,'work_order','New Meter Reading Request','Customer Lydia Herman has requested a meter reading. Please check your work orders.',0,NULL,'2025-10-30 20:46:12','medium','/employee/meter-reading','View Request'),(58,32,'work_order','Meter Reading Completed','Your meter reading has been completed successfully. Units consumed: 18 kWh. Your bill will be generated shortly.',0,NULL,'2025-10-30 20:47:13','normal','/customer/view-bills','View Bills'),(59,32,'billing','New Bill Generated','Your bill for 2025-10-01 has been generated. Amount: Rs 160.31. Due date: 11/15/2025',0,NULL,'2025-10-30 20:47:14','high','/customer/view-bills','View Bill'),(60,20,'work_order','Meter Reading Completed','Your meter reading has been completed successfully. Units consumed: 85.98999999999978 kWh. Your bill will be generated shortly.',0,NULL,'2025-10-30 20:53:23','normal','/customer/view-bills','View Bills'),(61,2,'work_order','New Meter Reading Request','Customer Leon Dickinson has requested a meter reading. Please check your work orders.',0,NULL,'2025-10-30 21:03:14','medium','/employee/meter-reading','View Request'),(62,3,'work_order','New Meter Reading Request','Customer Leon Dickinson has requested a meter reading. Please check your work orders.',0,NULL,'2025-10-30 21:03:14','medium','/employee/meter-reading','View Request'),(63,4,'work_order','New Meter Reading Request','Customer Leon Dickinson has requested a meter reading. Please check your work orders.',0,NULL,'2025-10-30 21:03:14','medium','/employee/meter-reading','View Request'),(64,5,'work_order','New Meter Reading Request','Customer Leon Dickinson has requested a meter reading. Please check your work orders.',0,NULL,'2025-10-30 21:03:14','medium','/employee/meter-reading','View Request'),(65,6,'work_order','New Meter Reading Request','Customer Leon Dickinson has requested a meter reading. Please check your work orders.',0,NULL,'2025-10-30 21:03:14','medium','/employee/meter-reading','View Request'),(66,7,'work_order','New Meter Reading Request','Customer Leon Dickinson has requested a meter reading. Please check your work orders.',0,NULL,'2025-10-30 21:03:14','medium','/employee/meter-reading','View Request'),(67,8,'work_order','New Meter Reading Request','Customer Leon Dickinson has requested a meter reading. Please check your work orders.',0,NULL,'2025-10-30 21:03:14','medium','/employee/meter-reading','View Request'),(68,9,'work_order','New Meter Reading Request','Customer Leon Dickinson has requested a meter reading. Please check your work orders.',0,NULL,'2025-10-30 21:03:14','medium','/employee/meter-reading','View Request'),(69,10,'work_order','New Meter Reading Request','Customer Leon Dickinson has requested a meter reading. Please check your work orders.',0,NULL,'2025-10-30 21:03:14','medium','/employee/meter-reading','View Request'),(70,11,'work_order','New Meter Reading Request','Customer Leon Dickinson has requested a meter reading. Please check your work orders.',0,NULL,'2025-10-30 21:03:14','medium','/employee/meter-reading','View Request'),(71,43,'work_order','Meter Reading Completed','Your meter reading has been completed successfully. Units consumed: 101.97000000000116 kWh. Your bill will be generated shortly.',0,NULL,'2025-10-30 21:13:22','normal','/customer/view-bills','View Bills'),(72,43,'billing','New Bill Generated','Your bill for 2025-10-01 has been generated. Amount: Rs 1450.32. Due date: 11/15/2025',0,NULL,'2025-10-30 21:13:24','high','/customer/view-bills','View Bill'),(73,2,'work_order','New Meter Reading Request','Customer Dave Feeney has requested a meter reading. Please check your work orders.',0,NULL,'2025-10-30 21:40:25','medium','/employee/meter-reading','View Request'),(74,3,'work_order','New Meter Reading Request','Customer Dave Feeney has requested a meter reading. Please check your work orders.',0,NULL,'2025-10-30 21:40:25','medium','/employee/meter-reading','View Request'),(75,4,'work_order','New Meter Reading Request','Customer Dave Feeney has requested a meter reading. Please check your work orders.',0,NULL,'2025-10-30 21:40:25','medium','/employee/meter-reading','View Request'),(76,5,'work_order','New Meter Reading Request','Customer Dave Feeney has requested a meter reading. Please check your work orders.',0,NULL,'2025-10-30 21:40:25','medium','/employee/meter-reading','View Request'),(77,6,'work_order','New Meter Reading Request','Customer Dave Feeney has requested a meter reading. Please check your work orders.',0,NULL,'2025-10-30 21:40:25','medium','/employee/meter-reading','View Request'),(78,7,'work_order','New Meter Reading Request','Customer Dave Feeney has requested a meter reading. Please check your work orders.',0,NULL,'2025-10-30 21:40:25','medium','/employee/meter-reading','View Request'),(79,8,'work_order','New Meter Reading Request','Customer Dave Feeney has requested a meter reading. Please check your work orders.',0,NULL,'2025-10-30 21:40:25','medium','/employee/meter-reading','View Request'),(80,9,'work_order','New Meter Reading Request','Customer Dave Feeney has requested a meter reading. Please check your work orders.',0,NULL,'2025-10-30 21:40:25','medium','/employee/meter-reading','View Request'),(81,10,'work_order','New Meter Reading Request','Customer Dave Feeney has requested a meter reading. Please check your work orders.',0,NULL,'2025-10-30 21:40:25','medium','/employee/meter-reading','View Request'),(82,11,'work_order','New Meter Reading Request','Customer Dave Feeney has requested a meter reading. Please check your work orders.',0,NULL,'2025-10-30 21:40:25','medium','/employee/meter-reading','View Request'),(83,46,'work_order','Meter Reading Completed','Your meter reading has been completed successfully. Units consumed: 114 kWh. Your bill will be generated shortly.',0,NULL,'2025-10-30 21:40:51','normal','/customer/view-bills','View Bills'),(84,46,'billing','New Bill Generated','Your bill for 2025-10-01 has been generated. Amount: Rs 725.05. Due date: 11/15/2025',0,NULL,'2025-10-30 21:40:51','high','/customer/view-bills','View Bill'),(85,2,'work_order','New Meter Reading Request','Customer Mrs. Lee Ryan has requested a meter reading. Please check your work orders.',0,NULL,'2025-10-30 22:05:09','medium','/employee/meter-reading','View Request'),(86,3,'work_order','New Meter Reading Request','Customer Mrs. Lee Ryan has requested a meter reading. Please check your work orders.',0,NULL,'2025-10-30 22:05:09','medium','/employee/meter-reading','View Request'),(87,4,'work_order','New Meter Reading Request','Customer Mrs. Lee Ryan has requested a meter reading. Please check your work orders.',0,NULL,'2025-10-30 22:05:09','medium','/employee/meter-reading','View Request'),(88,5,'work_order','New Meter Reading Request','Customer Mrs. Lee Ryan has requested a meter reading. Please check your work orders.',0,NULL,'2025-10-30 22:05:09','medium','/employee/meter-reading','View Request'),(89,6,'work_order','New Meter Reading Request','Customer Mrs. Lee Ryan has requested a meter reading. Please check your work orders.',0,NULL,'2025-10-30 22:05:09','medium','/employee/meter-reading','View Request'),(90,7,'work_order','New Meter Reading Request','Customer Mrs. Lee Ryan has requested a meter reading. Please check your work orders.',0,NULL,'2025-10-30 22:05:09','medium','/employee/meter-reading','View Request'),(91,8,'work_order','New Meter Reading Request','Customer Mrs. Lee Ryan has requested a meter reading. Please check your work orders.',0,NULL,'2025-10-30 22:05:09','medium','/employee/meter-reading','View Request'),(92,9,'work_order','New Meter Reading Request','Customer Mrs. Lee Ryan has requested a meter reading. Please check your work orders.',0,NULL,'2025-10-30 22:05:09','medium','/employee/meter-reading','View Request'),(93,10,'work_order','New Meter Reading Request','Customer Mrs. Lee Ryan has requested a meter reading. Please check your work orders.',0,NULL,'2025-10-30 22:05:09','medium','/employee/meter-reading','View Request'),(94,11,'work_order','New Meter Reading Request','Customer Mrs. Lee Ryan has requested a meter reading. Please check your work orders.',0,NULL,'2025-10-30 22:05:09','medium','/employee/meter-reading','View Request'),(95,30,'work_order','Meter Reading Completed','Your meter reading has been completed successfully. Units consumed: 60 kWh. Your bill will be generated shortly.',0,NULL,'2025-10-30 22:06:10','normal','/customer/view-bills','View Bills'),(96,30,'billing','New Bill Generated','Your bill for 2025-10-01 has been generated. Amount: Rs 1096.22. Due date: 11/15/2025',0,NULL,'2025-10-30 22:06:14','high','/customer/view-bills','View Bill'),(97,30,'work_order','Meter Reading Completed','Your meter reading has been completed successfully. Units consumed: 502829.97 kWh. Your bill will be generated shortly.',0,NULL,'2025-10-30 22:08:16','normal','/customer/view-bills','View Bills'),(98,1,'service','New Complaint Submitted','New MEDIUM priority complaint: sadad',0,NULL,'2025-10-30 22:09:47','normal','/admin/complaints',NULL),(99,31,'work_order','Meter Reading Completed','Your meter reading has been completed successfully. Units consumed: 470 kWh. Your bill will be generated shortly.',0,NULL,'2025-10-30 22:21:07','normal','/customer/view-bills','View Bills'),(100,31,'billing','New Bill Generated','Your bill for 2025-10-01 has been generated. Amount: Rs 2095.87. Due date: 11/15/2025',0,NULL,'2025-10-30 22:21:09','high','/customer/view-bills','View Bill'),(101,12,'work_order','Meter Reading Completed','Your meter reading has been completed successfully. Units consumed: 301.9899999999998 kWh. Your bill will be generated shortly.',0,NULL,'2025-10-30 22:26:34','normal','/customer/view-bills','View Bills'),(102,12,'billing','New Bill Generated','Your bill for 2025-10-01 has been generated. Amount: Rs 3064.04. Due date: 11/15/2025',0,NULL,'2025-10-30 22:26:36','high','/customer/view-bills','View Bill'),(103,13,'work_order','Meter Reading Completed','Your meter reading has been completed successfully. Units consumed: 157.97999999999956 kWh. Your bill will be generated shortly.',0,NULL,'2025-10-30 22:26:52','normal','/customer/view-bills','View Bills'),(104,13,'billing','New Bill Generated','Your bill for 2025-10-01 has been generated. Amount: Rs 1055.11. Due date: 11/15/2025',0,NULL,'2025-10-30 22:26:52','high','/customer/view-bills','View Bill'),(105,2,'work_order','New Meter Reading Request','Customer Penny Bins has requested a meter reading. Please check your work orders.',0,NULL,'2025-10-30 22:34:12','medium','/employee/meter-reading','View Request'),(106,3,'work_order','New Meter Reading Request','Customer Penny Bins has requested a meter reading. Please check your work orders.',0,NULL,'2025-10-30 22:34:12','medium','/employee/meter-reading','View Request'),(107,4,'work_order','New Meter Reading Request','Customer Penny Bins has requested a meter reading. Please check your work orders.',0,NULL,'2025-10-30 22:34:12','medium','/employee/meter-reading','View Request'),(108,5,'work_order','New Meter Reading Request','Customer Penny Bins has requested a meter reading. Please check your work orders.',0,NULL,'2025-10-30 22:34:12','medium','/employee/meter-reading','View Request'),(109,6,'work_order','New Meter Reading Request','Customer Penny Bins has requested a meter reading. Please check your work orders.',0,NULL,'2025-10-30 22:34:12','medium','/employee/meter-reading','View Request'),(110,7,'work_order','New Meter Reading Request','Customer Penny Bins has requested a meter reading. Please check your work orders.',0,NULL,'2025-10-30 22:34:12','medium','/employee/meter-reading','View Request'),(111,8,'work_order','New Meter Reading Request','Customer Penny Bins has requested a meter reading. Please check your work orders.',0,NULL,'2025-10-30 22:34:12','medium','/employee/meter-reading','View Request'),(112,9,'work_order','New Meter Reading Request','Customer Penny Bins has requested a meter reading. Please check your work orders.',0,NULL,'2025-10-30 22:34:12','medium','/employee/meter-reading','View Request'),(113,10,'work_order','New Meter Reading Request','Customer Penny Bins has requested a meter reading. Please check your work orders.',0,NULL,'2025-10-30 22:34:12','medium','/employee/meter-reading','View Request'),(114,11,'work_order','New Meter Reading Request','Customer Penny Bins has requested a meter reading. Please check your work orders.',0,NULL,'2025-10-30 22:34:12','medium','/employee/meter-reading','View Request'),(115,38,'work_order','Meter Reading Completed','Your meter reading has been completed successfully. Units consumed: 739.9799999999996 kWh. Your bill will be generated shortly.',0,NULL,'2025-10-30 22:34:29','normal','/customer/view-bills','View Bills'),(116,38,'billing','New Bill Generated','Your bill for 2025-10-01 has been generated. Amount: Rs 3714.42. Due date: 11/15/2025',0,NULL,'2025-10-30 22:34:30','high','/customer/view-bills','View Bill'),(117,38,'payment','Payment Received','Payment of Rs. 6847.59 has been successfully processed for bill BILL-2024-05-0027',0,NULL,'2025-10-30 22:37:06','normal','/customer/payment','View Receipt'),(118,38,'payment','Payment Received','Payment of Rs. 8371.77 has been successfully processed for bill BILL-2024-01-0027',0,NULL,'2025-10-30 22:37:23','normal','/customer/payment','View Receipt'),(119,16,'work_order','Meter Reading Completed','Your meter reading has been completed successfully. Units consumed: 271.97999999999956 kWh. Your bill will be generated shortly.',0,NULL,'2025-10-30 22:51:17','normal','/customer/view-bills','View Bills'),(120,2,'work_order','New Meter Reading Request','Customer Amanda Shanahan has requested a meter reading. Please check your work orders.',0,NULL,'2025-10-30 22:52:46','medium','/employee/meter-reading','View Request'),(121,3,'work_order','New Meter Reading Request','Customer Amanda Shanahan has requested a meter reading. Please check your work orders.',0,NULL,'2025-10-30 22:52:46','medium','/employee/meter-reading','View Request'),(122,4,'work_order','New Meter Reading Request','Customer Amanda Shanahan has requested a meter reading. Please check your work orders.',0,NULL,'2025-10-30 22:52:46','medium','/employee/meter-reading','View Request'),(123,5,'work_order','New Meter Reading Request','Customer Amanda Shanahan has requested a meter reading. Please check your work orders.',0,NULL,'2025-10-30 22:52:46','medium','/employee/meter-reading','View Request'),(124,6,'work_order','New Meter Reading Request','Customer Amanda Shanahan has requested a meter reading. Please check your work orders.',0,NULL,'2025-10-30 22:52:46','medium','/employee/meter-reading','View Request'),(125,7,'work_order','New Meter Reading Request','Customer Amanda Shanahan has requested a meter reading. Please check your work orders.',0,NULL,'2025-10-30 22:52:46','medium','/employee/meter-reading','View Request'),(126,8,'work_order','New Meter Reading Request','Customer Amanda Shanahan has requested a meter reading. Please check your work orders.',0,NULL,'2025-10-30 22:52:46','medium','/employee/meter-reading','View Request'),(127,9,'work_order','New Meter Reading Request','Customer Amanda Shanahan has requested a meter reading. Please check your work orders.',0,NULL,'2025-10-30 22:52:46','medium','/employee/meter-reading','View Request'),(128,10,'work_order','New Meter Reading Request','Customer Amanda Shanahan has requested a meter reading. Please check your work orders.',0,NULL,'2025-10-30 22:52:46','medium','/employee/meter-reading','View Request'),(129,11,'work_order','New Meter Reading Request','Customer Amanda Shanahan has requested a meter reading. Please check your work orders.',0,NULL,'2025-10-30 22:52:46','medium','/employee/meter-reading','View Request'),(130,44,'work_order','Meter Reading Completed','Your meter reading has been completed successfully. Units consumed: 1135.9800000000032 kWh. Your bill will be generated shortly.',0,NULL,'2025-10-30 22:55:11','normal','/customer/view-bills','View Bills'),(131,44,'billing','New Bill Generated','Your bill for 2025-10-01 has been generated. Amount: Rs 10349.47. Due date: 11/15/2025',0,NULL,'2025-10-30 22:55:13','high','/customer/view-bills','View Bill'),(132,44,'payment','Payment Received','Payment of Rs. 10349.47 has been successfully processed for bill BILL-2025-46189838',0,NULL,'2025-10-30 23:02:21','normal','/customer/payment','View Receipt'),(133,18,'work_order','Meter Reading Completed','Your meter reading has been completed successfully. Units consumed: 1744 kWh. Your bill will be generated shortly.',0,NULL,'2025-10-30 23:12:40','normal','/customer/view-bills','View Bills'),(134,18,'billing','New Bill Generated','Your bill for 2025-10-01 has been generated. Amount: Rs 22480.91. Due date: 11/15/2025',0,NULL,'2025-10-30 23:12:41','high','/customer/view-bills','View Bill'),(135,18,'payment','Payment Received','Payment of Rs. 22480.91 has been successfully processed for bill BILL-2025-81887573',0,NULL,'2025-10-30 23:13:00','normal','/customer/payment','View Receipt'),(136,35,'payment','Payment Received','Payment of Rs. 3070.3 has been successfully processed for bill BILL-2024-04-0024',0,NULL,'2025-10-30 23:26:22','normal','/customer/payment','View Receipt'),(137,6,'work_order','New Complaint Assigned','You have been assigned to complaint: sadad',0,NULL,'2025-10-30 23:35:22','normal','/employee/work-orders',NULL),(138,6,'work_order','New Complaint Assigned','You have been assigned to complaint: sadad',0,NULL,'2025-10-30 23:35:22','normal','/employee/work-orders',NULL),(139,12,'outage','Power Outage Scheduled - North- Nazimabad','A planned power outage is scheduled for North- Nazimabad on 10/31/2025. Reason: Load',0,NULL,'2025-10-31 00:00:32','medium','/customer/outage-schedule','View Details'),(140,17,'outage','Power Outage Scheduled - North- Nazimabad','A planned power outage is scheduled for North- Nazimabad on 10/31/2025. Reason: Load',0,NULL,'2025-10-31 00:00:32','medium','/customer/outage-schedule','View Details'),(141,37,'outage','Power Outage Scheduled - North- Nazimabad','A planned power outage is scheduled for North- Nazimabad on 10/31/2025. Reason: Load',0,NULL,'2025-10-31 00:00:32','medium','/customer/outage-schedule','View Details'),(142,42,'outage','Power Outage Scheduled - North- Nazimabad','A planned power outage is scheduled for North- Nazimabad on 10/31/2025. Reason: Load',0,NULL,'2025-10-31 00:00:32','medium','/customer/outage-schedule','View Details'),(143,27,'outage','Power Outage Scheduled - North- Nazimabad','A planned power outage is scheduled for North- Nazimabad on 10/31/2025. Reason: Load',0,NULL,'2025-10-31 00:00:32','medium','/customer/outage-schedule','View Details'),(144,32,'outage','Power Outage Scheduled - North- Nazimabad','A planned power outage is scheduled for North- Nazimabad on 10/31/2025. Reason: Load',0,NULL,'2025-10-31 00:00:32','medium','/customer/outage-schedule','View Details'),(145,22,'outage','Power Outage Scheduled - North- Nazimabad','A planned power outage is scheduled for North- Nazimabad on 10/31/2025. Reason: Load',0,NULL,'2025-10-31 00:00:32','medium','/customer/outage-schedule','View Details'),(146,47,'outage','Power Outage Scheduled - North- Nazimabad','A planned power outage is scheduled for North- Nazimabad on 10/31/2025. Reason: Load',0,NULL,'2025-10-31 00:00:32','medium','/customer/outage-schedule','View Details'),(147,52,'outage','Power Outage Scheduled - North- Nazimabad','A planned power outage is scheduled for North- Nazimabad on 10/31/2025. Reason: Load',0,NULL,'2025-10-31 00:00:32','medium','/customer/outage-schedule','View Details'),(148,57,'outage','Power Outage Scheduled - North- Nazimabad','A planned power outage is scheduled for North- Nazimabad on 10/31/2025. Reason: Load',0,NULL,'2025-10-31 00:00:32','medium','/customer/outage-schedule','View Details'),(149,62,'outage','Power Outage Scheduled - North- Nazimabad','A planned power outage is scheduled for North- Nazimabad on 10/31/2025. Reason: Load',0,NULL,'2025-10-31 00:00:32','medium','/customer/outage-schedule','View Details'),(150,13,'outage','Power Outage Scheduled - North Carolina','A planned power outage is scheduled for North Carolina on 10/31/2025. Reason: Daily',0,NULL,'2025-10-31 00:08:29','medium','/customer/outage-schedule','View Details'),(151,18,'outage','Power Outage Scheduled - North Carolina','A planned power outage is scheduled for North Carolina on 10/31/2025. Reason: Daily',0,NULL,'2025-10-31 00:08:29','medium','/customer/outage-schedule','View Details'),(152,23,'outage','Power Outage Scheduled - North Carolina','A planned power outage is scheduled for North Carolina on 10/31/2025. Reason: Daily',0,NULL,'2025-10-31 00:08:29','medium','/customer/outage-schedule','View Details'),(153,38,'outage','Power Outage Scheduled - North Carolina','A planned power outage is scheduled for North Carolina on 10/31/2025. Reason: Daily',0,NULL,'2025-10-31 00:08:29','medium','/customer/outage-schedule','View Details'),(154,43,'outage','Power Outage Scheduled - North Carolina','A planned power outage is scheduled for North Carolina on 10/31/2025. Reason: Daily',0,NULL,'2025-10-31 00:08:29','medium','/customer/outage-schedule','View Details'),(155,48,'outage','Power Outage Scheduled - North Carolina','A planned power outage is scheduled for North Carolina on 10/31/2025. Reason: Daily',0,NULL,'2025-10-31 00:08:29','medium','/customer/outage-schedule','View Details'),(156,53,'outage','Power Outage Scheduled - North Carolina','A planned power outage is scheduled for North Carolina on 10/31/2025. Reason: Daily',0,NULL,'2025-10-31 00:08:29','medium','/customer/outage-schedule','View Details'),(157,58,'outage','Power Outage Scheduled - North Carolina','A planned power outage is scheduled for North Carolina on 10/31/2025. Reason: Daily',0,NULL,'2025-10-31 00:08:29','medium','/customer/outage-schedule','View Details'),(158,28,'outage','Power Outage Scheduled - North Carolina','A planned power outage is scheduled for North Carolina on 10/31/2025. Reason: Daily',0,NULL,'2025-10-31 00:08:29','medium','/customer/outage-schedule','View Details'),(159,63,'outage','Power Outage Scheduled - North Carolina','A planned power outage is scheduled for North Carolina on 10/31/2025. Reason: Daily',0,NULL,'2025-10-31 00:08:29','medium','/customer/outage-schedule','View Details'),(160,33,'outage','Power Outage Scheduled - North Carolina','A planned power outage is scheduled for North Carolina on 10/31/2025. Reason: Daily',0,NULL,'2025-10-31 00:08:29','medium','/customer/outage-schedule','View Details'),(161,2,'work_order','New Meter Reading Request','Customer Arthur Anderson I has requested a meter reading. Please check your work orders.',0,NULL,'2025-10-31 09:16:34','medium','/employee/meter-reading','View Request'),(162,3,'work_order','New Meter Reading Request','Customer Arthur Anderson I has requested a meter reading. Please check your work orders.',0,NULL,'2025-10-31 09:16:34','medium','/employee/meter-reading','View Request'),(163,4,'work_order','New Meter Reading Request','Customer Arthur Anderson I has requested a meter reading. Please check your work orders.',0,NULL,'2025-10-31 09:16:34','medium','/employee/meter-reading','View Request'),(164,5,'work_order','New Meter Reading Request','Customer Arthur Anderson I has requested a meter reading. Please check your work orders.',0,NULL,'2025-10-31 09:16:34','medium','/employee/meter-reading','View Request'),(165,6,'work_order','New Meter Reading Request','Customer Arthur Anderson I has requested a meter reading. Please check your work orders.',0,NULL,'2025-10-31 09:16:34','medium','/employee/meter-reading','View Request'),(166,7,'work_order','New Meter Reading Request','Customer Arthur Anderson I has requested a meter reading. Please check your work orders.',0,NULL,'2025-10-31 09:16:34','medium','/employee/meter-reading','View Request'),(167,8,'work_order','New Meter Reading Request','Customer Arthur Anderson I has requested a meter reading. Please check your work orders.',0,NULL,'2025-10-31 09:16:34','medium','/employee/meter-reading','View Request'),(168,9,'work_order','New Meter Reading Request','Customer Arthur Anderson I has requested a meter reading. Please check your work orders.',0,NULL,'2025-10-31 09:16:34','medium','/employee/meter-reading','View Request'),(169,10,'work_order','New Meter Reading Request','Customer Arthur Anderson I has requested a meter reading. Please check your work orders.',0,NULL,'2025-10-31 09:16:34','medium','/employee/meter-reading','View Request'),(170,11,'work_order','New Meter Reading Request','Customer Arthur Anderson I has requested a meter reading. Please check your work orders.',0,NULL,'2025-10-31 09:16:34','medium','/employee/meter-reading','View Request'),(171,40,'work_order','Meter Reading Completed','Your meter reading has been completed successfully. Units consumed: 992.9700000000003 kWh. Your bill will be generated shortly.',0,NULL,'2025-10-31 09:19:37','normal','/customer/view-bills','View Bills'),(172,40,'billing','New Bill Generated','Your bill for 2025-10-01 has been generated. Amount: Rs 5266.77. Due date: 11/15/2025',0,NULL,'2025-10-31 09:19:38','high','/customer/view-bills','View Bill'),(173,2,'work_order','New Meter Reading Request','Customer Erik Senger has requested a meter reading. Please check your work orders.',0,NULL,'2025-10-31 09:26:10','medium','/employee/meter-reading','View Request'),(174,3,'work_order','New Meter Reading Request','Customer Erik Senger has requested a meter reading. Please check your work orders.',0,NULL,'2025-10-31 09:26:10','medium','/employee/meter-reading','View Request'),(175,4,'work_order','New Meter Reading Request','Customer Erik Senger has requested a meter reading. Please check your work orders.',0,NULL,'2025-10-31 09:26:10','medium','/employee/meter-reading','View Request'),(176,5,'work_order','New Meter Reading Request','Customer Erik Senger has requested a meter reading. Please check your work orders.',0,NULL,'2025-10-31 09:26:10','medium','/employee/meter-reading','View Request'),(177,6,'work_order','New Meter Reading Request','Customer Erik Senger has requested a meter reading. Please check your work orders.',0,NULL,'2025-10-31 09:26:10','medium','/employee/meter-reading','View Request'),(178,7,'work_order','New Meter Reading Request','Customer Erik Senger has requested a meter reading. Please check your work orders.',0,NULL,'2025-10-31 09:26:10','medium','/employee/meter-reading','View Request'),(179,8,'work_order','New Meter Reading Request','Customer Erik Senger has requested a meter reading. Please check your work orders.',0,NULL,'2025-10-31 09:26:10','medium','/employee/meter-reading','View Request'),(180,9,'work_order','New Meter Reading Request','Customer Erik Senger has requested a meter reading. Please check your work orders.',0,NULL,'2025-10-31 09:26:10','medium','/employee/meter-reading','View Request'),(181,10,'work_order','New Meter Reading Request','Customer Erik Senger has requested a meter reading. Please check your work orders.',0,NULL,'2025-10-31 09:26:10','medium','/employee/meter-reading','View Request'),(182,11,'work_order','New Meter Reading Request','Customer Erik Senger has requested a meter reading. Please check your work orders.',0,NULL,'2025-10-31 09:26:10','medium','/employee/meter-reading','View Request'),(183,22,'work_order','Meter Reading Completed','Your meter reading has been completed successfully. Units consumed: 4484.989999999998 kWh. Your bill will be generated shortly.',0,NULL,'2025-10-31 09:49:28','normal','/customer/view-bills','View Bills'),(184,22,'billing','New Bill Generated','Your bill for 2025-10-01 has been generated. Amount: Rs 42952.08. Due date: 11/15/2025',0,NULL,'2025-10-31 09:49:32','high','/customer/view-bills','View Bill'),(185,22,'payment','Payment Received','Payment of Rs. 42952.08 has been successfully processed for bill BILL-2025-82409560',0,NULL,'2025-10-31 09:50:29','normal','/customer/payment','View Receipt'),(186,8,'work_order','New Meter Reading Assignment','You have been assigned a meter reading request for Damon Murray (Account: ELX-2024-000006)',0,NULL,'2025-10-31 11:38:22','normal',NULL,NULL),(187,17,'work_order','Meter Reading Completed','Your meter reading has been completed successfully. Units consumed: 693 kWh. Your bill will be generated shortly.',0,NULL,'2025-10-31 11:39:14','normal','/customer/view-bills','View Bills'),(188,17,'billing','New Bill Generated','Your bill for 2025-10-01 has been generated. Amount: Rs 3426.15. Due date: 11/15/2025',0,NULL,'2025-10-31 11:39:18','high','/customer/view-bills','View Bill'),(189,1,'service','New Connection Request','Application APP-2025-566460 submitted by David',0,NULL,'2025-11-07 14:15:08','normal','/admin/connection-requests','Review'),(190,1,'service','New Connection Request','Application APP-2025-960923 submitted by Josh',0,NULL,'2025-11-07 20:05:15','normal','/admin/connection-requests','Review'),(191,1,'service','New Complaint Submitted','New MEDIUM priority complaint: NAWaz',0,NULL,'2025-11-07 20:13:27','normal','/admin/complaints',NULL),(192,10,'work_order','New Complaint Assigned','You have been assigned to complaint: NAWaz',0,NULL,'2025-11-07 20:15:02','normal','/employee/work-orders',NULL),(193,50,'service','Complaint Resolved','Your complaint \"NAWaz\" has been resolved. h',1,'2025-11-07 15:20:02','2025-11-07 20:16:25','high','/customer/complaints','View Complaint'),(194,1,'service','Complaint Resolved by Employee','Complaint \"NAWaz\" from Ron Bernier Sr. has been resolved. h',0,NULL,'2025-11-07 20:16:25','normal','/admin/complaints','View Complaint'),(195,50,'work_order','Work Order Completed','Your work order \"NAWaz\" has been completed successfully. h',1,'2025-11-07 15:20:02','2025-11-07 20:16:25','normal','/customer/services','View Details'),(196,50,'service','Complaint Closed','Your complaint \"NAWaz\" has been closed.',1,'2025-11-07 15:20:02','2025-11-07 20:16:30','normal','/customer/complaints',NULL),(197,50,'service','Complaint Closed','Your complaint \"NAWaz\" has been closed.',1,'2025-11-07 15:20:02','2025-11-07 20:16:30','normal','/customer/complaints',NULL),(198,1,'service','New Connection Request','Application APP-2025-145909 submitted by Tremor',0,NULL,'2025-11-07 20:21:33','normal','/admin/connection-requests','Review'),(199,10,'work_order','New Installation Work Order','Assigned to install connection for application APP-2025-145909.',0,NULL,'2025-11-07 20:22:09','medium','/employee/work-orders','View Work Orders'),(200,1,'service','New Connection Request','Application APP-2025-350783 submitted by Ollie',0,NULL,'2025-11-07 20:57:09','normal','/admin/connection-requests','Review'),(201,10,'work_order','New Installation Work Order','Assigned to install connection for application APP-2025-350783.',0,NULL,'2025-11-07 20:57:37','medium','/employee/work-orders','View Work Orders'),(202,1,'service','New Connection Request','Application APP-2025-674743 submitted by Tent',0,NULL,'2025-11-07 21:22:33','normal','/admin/connection-requests','Review'),(203,10,'work_order','New Installation Work Order','Assigned to install connection for application APP-2025-674743.',0,NULL,'2025-11-07 21:23:07','medium','/employee/work-orders','View Work Orders'),(204,68,'service','Account Created','Your Electrolux account ELX-2025-057884-A638 has been created. You can log in and view your bills.',0,NULL,'2025-11-07 21:43:32','normal','/login','Login'),(205,69,'service','Account Created','Your Electrolux account ELX-2025-320297-2BE6 has been created. You can log in and view your bills.',0,NULL,'2025-11-07 21:52:01','normal','/login','Login');
/*!40000 ALTER TABLE `notifications` ENABLE KEYS */;
UNLOCK TABLES;

--
-- Table structure for table `outages`
--

DROP TABLE IF EXISTS `outages`;
/*!40101 SET @saved_cs_client     = @@character_set_client */;
/*!50503 SET character_set_client = utf8mb4 */;
CREATE TABLE `outages` (
  `id` int NOT NULL AUTO_INCREMENT,
  `area_name` varchar(255) COLLATE utf8mb4_unicode_ci NOT NULL,
  `zone` varchar(50) COLLATE utf8mb4_unicode_ci NOT NULL,
  `outage_type` enum('planned','unplanned') COLLATE utf8mb4_unicode_ci NOT NULL,
  `reason` text COLLATE utf8mb4_unicode_ci,
  `severity` enum('low','medium','high','critical') COLLATE utf8mb4_unicode_ci NOT NULL,
  `scheduled_start_time` datetime DEFAULT NULL,
  `scheduled_end_time` datetime DEFAULT NULL,
  `actual_start_time` datetime DEFAULT NULL,
  `actual_end_time` datetime DEFAULT NULL,
  `affected_customer_count` int DEFAULT '0',
  `status` enum('scheduled','ongoing','restored','cancelled') COLLATE utf8mb4_unicode_ci NOT NULL,
  `restoration_notes` text COLLATE utf8mb4_unicode_ci,
  `created_by` int NOT NULL,
  `created_at` timestamp NOT NULL DEFAULT CURRENT_TIMESTAMP,
  `updated_at` timestamp NOT NULL DEFAULT CURRENT_TIMESTAMP ON UPDATE CURRENT_TIMESTAMP,
  PRIMARY KEY (`id`),
  KEY `idx_outages_zone` (`zone`),
  KEY `idx_outages_status` (`status`),
  KEY `idx_outages_type` (`outage_type`),
  KEY `idx_outages_created_by` (`created_by`),
  CONSTRAINT `outages_created_by_fk` FOREIGN KEY (`created_by`) REFERENCES `users` (`id`) ON DELETE CASCADE
) ENGINE=InnoDB AUTO_INCREMENT=23 DEFAULT CHARSET=utf8mb4 COLLATE=utf8mb4_unicode_ci;
/*!40101 SET character_set_client = @saved_cs_client */;

--
-- Dumping data for table `outages`
--

LOCK TABLES `outages` WRITE;
/*!40000 ALTER TABLE `outages` DISABLE KEYS */;
INSERT INTO `outages` VALUES (1,'Zone A - North District','Zone A','unplanned','Equipment failure - transformer malfunction','critical','2025-10-22 04:00:00','2025-10-22 08:00:00','2025-10-22 04:00:00','2025-10-22 08:00:00',11,'restored','Power successfully restored. All systems functioning normally.',1,'2025-10-30 18:23:38','2025-10-30 23:33:05'),(2,'Zone B - South District','Zone B','planned','Infrastructure improvement - substation work','medium','2025-10-08 18:00:00','2025-10-08 20:00:00','2025-10-08 18:00:00','2025-10-08 20:00:00',11,'restored','Power successfully restored. All systems functioning normally.',1,'2025-10-30 18:23:38','2025-10-30 23:33:05'),(3,'Zone C - East District','Zone C','planned','Scheduled maintenance - power line upgrade','medium','2025-10-22 08:00:00','2025-10-22 12:00:00','2025-10-22 08:00:00','2025-10-22 12:00:00',11,'restored','Power successfully restored. All systems functioning normally.',1,'2025-10-30 18:23:38','2025-10-30 23:33:05'),(4,'Zone D - West District','Zone D','unplanned','Equipment failure - transformer malfunction','high','2025-10-26 07:00:00','2025-10-26 08:00:00','2025-10-26 07:00:00','2025-10-26 08:00:00',10,'restored','Power successfully restored. All systems functioning normally.',1,'2025-10-30 18:23:38','2025-10-30 23:33:05'),(5,'Zone E - Central District','Zone E','planned','Scheduled maintenance - power line upgrade','medium','2025-10-03 21:00:00','2025-10-04 00:00:00','2025-10-03 21:00:00','2025-10-04 00:00:00',13,'restored','Power successfully restored. All systems functioning normally.',1,'2025-10-30 18:23:38','2025-10-30 23:33:05'),(6,'Zone A - Industrial Area','Zone A','planned','Infrastructure improvement - substation work','critical','2025-10-02 23:00:00','2025-10-03 02:00:00','2025-10-02 23:00:00','2025-10-03 02:00:00',11,'restored','Power successfully restored. All systems functioning normally.',1,'2025-10-30 18:23:38','2025-10-30 23:33:05'),(7,'Zone B - Residential Complex A','Zone B','unplanned','Equipment failure - transformer malfunction','high','2025-10-12 19:00:00','2025-10-12 21:00:00','2025-10-12 19:00:00','2025-10-12 21:00:00',11,'restored','Power successfully restored. All systems functioning normally.',1,'2025-10-30 18:23:38','2025-10-30 23:33:05'),(8,'Zone C - Residential Complex B','Zone C','planned','Infrastructure improvement - substation work','medium','2025-10-13 08:00:00','2025-10-13 10:00:00','2025-10-13 08:00:00','2025-10-13 10:00:00',11,'restored','Power successfully restored. All systems functioning normally.',1,'2025-10-30 18:23:38','2025-10-30 23:33:05'),(9,'Zone D - Business Park','Zone D','planned','Scheduled maintenance - power line upgrade','medium','2025-10-27 13:00:00','2025-10-27 14:00:00','2025-10-27 13:00:00','2025-10-27 14:00:00',10,'restored','Power successfully restored. All systems functioning normally.',1,'2025-10-30 18:23:38','2025-10-30 23:33:05'),(10,'Zone E - Downtown','Zone E','unplanned','Equipment failure - transformer malfunction','high','2025-10-15 20:00:00','2025-10-16 00:00:00','2025-10-15 20:00:00','2025-10-16 00:00:00',13,'restored','Power successfully restored. All systems functioning normally.',1,'2025-10-30 18:23:38','2025-10-30 23:33:05'),(11,'Zone C - West District','Zone C','unplanned','Emergency repair - cable fault','high','2025-11-01 10:00:00','2025-11-01 14:00:00','2025-10-30 17:23:39',NULL,11,'ongoing','Repair crew on site. Estimated completion time provided.',1,'2025-10-30 18:23:38','2025-10-30 23:33:05'),(12,'Zone D - Central District','Zone D','unplanned','Weather damage - storm impact','high','2025-11-01 10:00:00','2025-11-01 14:00:00','2025-10-30 15:23:39',NULL,10,'ongoing','Repair crew on site. Estimated completion time provided.',1,'2025-10-30 18:23:38','2025-10-30 23:33:05'),(13,'Zone A - Industrial Area','Zone A','planned','Scheduled maintenance - grid modernization','medium','2025-10-31 01:00:00','2025-10-31 03:00:00',NULL,NULL,11,'scheduled',NULL,1,'2025-10-30 18:23:38','2025-10-30 23:33:05'),(14,'Zone B - Residential Complex A','Zone B','planned','Infrastructure upgrade - smart meter installation','low','2025-11-05 09:00:00','2025-11-05 12:00:00',NULL,NULL,11,'scheduled',NULL,1,'2025-10-30 18:23:38','2025-10-30 23:33:05'),(15,'Zone C - Residential Complex B','Zone C','planned','Scheduled maintenance - grid modernization','low','2025-11-03 01:00:00','2025-11-03 03:00:00',NULL,NULL,11,'scheduled',NULL,1,'2025-10-30 18:23:38','2025-10-30 23:33:05'),(16,'Zone D - Business Park','Zone D','planned','Infrastructure upgrade - smart meter installation','medium','2025-11-07 09:00:00','2025-11-07 12:00:00',NULL,NULL,10,'scheduled',NULL,1,'2025-10-30 18:23:38','2025-10-30 23:33:05'),(17,'Zone E - Downtown','Zone E','planned','Scheduled maintenance - grid modernization','low','2025-11-08 01:00:00','2025-11-08 03:00:00',NULL,NULL,13,'scheduled',NULL,1,'2025-10-30 18:23:38','2025-10-30 23:33:05'),(18,'Zone A - North District','Zone A','planned','Infrastructure upgrade - smart meter installation','low','2025-11-11 09:00:00','2025-11-11 12:00:00',NULL,NULL,11,'scheduled',NULL,1,'2025-10-30 18:23:38','2025-10-30 23:33:05'),(19,'Zone B - South District','Zone B','planned','Scheduled maintenance - grid modernization','medium','2025-11-13 01:00:00','2025-11-13 03:00:00',NULL,NULL,11,'scheduled',NULL,1,'2025-10-30 18:23:38','2025-10-30 23:33:05'),(20,'Zone C - East District','Zone C','planned','Infrastructure upgrade - smart meter installation','low','2025-11-07 09:00:00','2025-11-07 12:00:00',NULL,NULL,11,'scheduled',NULL,1,'2025-10-30 18:23:38','2025-10-30 23:33:05'),(21,'North- Nazimabad','Zone A','planned','Load','medium','2025-10-31 00:00:00','2025-10-31 01:01:00',NULL,NULL,11,'scheduled',NULL,1,'2025-10-31 00:00:32','2025-10-31 00:00:32'),(22,'North Carolina','Zone B','planned','Daily','medium','2025-10-31 00:08:00','2025-10-31 01:08:00',NULL,NULL,11,'scheduled',NULL,1,'2025-10-31 00:08:29','2025-10-31 00:08:29');
/*!40000 ALTER TABLE `outages` ENABLE KEYS */;
UNLOCK TABLES;

--
-- Table structure for table `password_reset_requests`
--

DROP TABLE IF EXISTS `password_reset_requests`;
/*!40101 SET @saved_cs_client     = @@character_set_client */;
/*!50503 SET character_set_client = utf8mb4 */;
CREATE TABLE `password_reset_requests` (
  `id` int NOT NULL AUTO_INCREMENT,
  `request_number` varchar(50) COLLATE utf8mb4_unicode_ci NOT NULL COMMENT 'Format: PWRST-2025-XXXXX',
  `user_id` int DEFAULT NULL COMMENT 'References users.id, NULL initially until matched',
  `email` varchar(255) COLLATE utf8mb4_unicode_ci NOT NULL,
  `account_number` varchar(50) COLLATE utf8mb4_unicode_ci DEFAULT NULL COMMENT 'For customers',
  `user_type` enum('employee','customer') COLLATE utf8mb4_unicode_ci NOT NULL,
  `request_reason` text COLLATE utf8mb4_unicode_ci,
  `status` enum('pending','approved','rejected','completed') COLLATE utf8mb4_unicode_ci NOT NULL DEFAULT 'pending',
  `temp_password_plain` varchar(255) COLLATE utf8mb4_unicode_ci DEFAULT NULL COMMENT 'Encrypted temporary password for admin display',
  `requested_at` timestamp NOT NULL DEFAULT CURRENT_TIMESTAMP,
  `processed_at` timestamp NULL DEFAULT NULL,
  `processed_by` int DEFAULT NULL COMMENT 'Admin user who processed the request',
  `expires_at` timestamp NULL DEFAULT NULL COMMENT 'Temporary password expiration',
  `rejection_reason` text COLLATE utf8mb4_unicode_ci,
  `created_at` timestamp NOT NULL DEFAULT CURRENT_TIMESTAMP,
  `updated_at` timestamp NOT NULL DEFAULT CURRENT_TIMESTAMP ON UPDATE CURRENT_TIMESTAMP,
  PRIMARY KEY (`id`),
  UNIQUE KEY `request_number` (`request_number`),
  KEY `fk_password_reset_processor` (`processed_by`),
  KEY `idx_status` (`status`),
  KEY `idx_email` (`email`),
  KEY `idx_user_id` (`user_id`),
  CONSTRAINT `fk_password_reset_processor` FOREIGN KEY (`processed_by`) REFERENCES `users` (`id`) ON DELETE SET NULL,
  CONSTRAINT `fk_password_reset_user` FOREIGN KEY (`user_id`) REFERENCES `users` (`id`) ON DELETE CASCADE
) ENGINE=InnoDB AUTO_INCREMENT=7 DEFAULT CHARSET=utf8mb4 COLLATE=utf8mb4_unicode_ci;
/*!40101 SET character_set_client = @saved_cs_client */;

--
-- Dumping data for table `password_reset_requests`
--

LOCK TABLES `password_reset_requests` WRITE;
/*!40000 ALTER TABLE `password_reset_requests` DISABLE KEYS */;
INSERT INTO `password_reset_requests` VALUES (1,'PWRST-2025-000001',12,'customer1@example.com','','customer',NULL,'approved','P$@DloqW*i58','2025-10-30 13:29:36','2025-10-30 13:52:58',1,'2025-10-31 13:52:58',NULL,'2025-10-30 18:29:36','2025-10-30 18:52:58'),(2,'PWRST-2025-000002',12,'customer1@example.com','','customer',NULL,'approved','r$80nSlYjB*W','2025-10-30 13:37:03','2025-10-30 13:37:34',1,'2025-10-31 13:37:34',NULL,'2025-10-30 18:37:03','2025-10-30 18:37:33'),(3,'PWRST-2025-000003',12,'customer1@example.com','','customer',NULL,'approved','3bQ*ZYP3BBQV','2025-10-30 13:41:10','2025-10-30 13:52:55',1,'2025-10-31 13:52:55',NULL,'2025-10-30 18:41:10','2025-10-30 18:52:55'),(4,'PWRST-2025-000004',12,'customer1@example.com','','customer',NULL,'approved','8s%MP4TM1N8d','2025-10-30 13:42:32','2025-10-30 13:52:47',1,'2025-10-31 13:52:47',NULL,'2025-10-30 18:42:32','2025-10-30 18:52:47'),(5,'PWRST-2025-000005',13,'customer2@example.com','','customer',NULL,'approved','&p%axTk2NZM2','2025-10-30 13:53:22','2025-10-30 13:53:33',1,'2025-10-31 13:53:33',NULL,'2025-10-30 18:53:22','2025-10-30 18:53:32'),(6,'PWRST-2025-000006',31,'customer20@example.com','','customer','FORGOT','pending',NULL,'2025-10-30 15:08:33',NULL,NULL,NULL,NULL,'2025-10-30 20:08:32','2025-10-30 20:08:32');
/*!40000 ALTER TABLE `password_reset_requests` ENABLE KEYS */;
UNLOCK TABLES;

--
-- Table structure for table `payments`
--

DROP TABLE IF EXISTS `payments`;
/*!40101 SET @saved_cs_client     = @@character_set_client */;
/*!50503 SET character_set_client = utf8mb4 */;
CREATE TABLE `payments` (
  `id` int NOT NULL AUTO_INCREMENT,
  `customer_id` int NOT NULL,
  `bill_id` int DEFAULT NULL,
  `payment_amount` decimal(10,2) NOT NULL,
  `payment_method` enum('credit_card','debit_card','bank_transfer','cash','cheque','upi','wallet') NOT NULL,
  `payment_date` date NOT NULL,
  `transaction_id` varchar(100) DEFAULT NULL,
  `receipt_number` varchar(50) DEFAULT NULL,
  `status` enum('pending','completed','failed','refunded') NOT NULL DEFAULT 'completed',
  `notes` text,
  `created_at` timestamp NOT NULL DEFAULT (now()),
  `updated_at` timestamp NOT NULL DEFAULT (now()) ON UPDATE CURRENT_TIMESTAMP,
  PRIMARY KEY (`id`),
  UNIQUE KEY `payments_transaction_id_unique` (`transaction_id`),
  UNIQUE KEY `payments_receipt_number_unique` (`receipt_number`),
  KEY `payments_customer_id_customers_id_fk` (`customer_id`),
  KEY `payments_bill_id_bills_id_fk` (`bill_id`),
  CONSTRAINT `payments_bill_id_bills_id_fk` FOREIGN KEY (`bill_id`) REFERENCES `bills` (`id`),
  CONSTRAINT `payments_customer_id_customers_id_fk` FOREIGN KEY (`customer_id`) REFERENCES `customers` (`id`) ON DELETE CASCADE
) ENGINE=InnoDB AUTO_INCREMENT=247 DEFAULT CHARSET=utf8mb4 COLLATE=utf8mb4_0900_ai_ci;
/*!40101 SET character_set_client = @saved_cs_client */;

--
-- Dumping data for table `payments`
--

LOCK TABLES `payments` WRITE;
/*!40000 ALTER TABLE `payments` DISABLE KEYS */;
INSERT INTO `payments` VALUES (1,1,1,24019.75,'debit_card','2025-06-14','TXN-1761848614657-33EH8W42Y','RCP-2024-000001','completed',NULL,'2025-10-30 18:23:34','2025-10-30 18:23:34'),(2,1,3,17292.83,'credit_card','2025-08-14','TXN-1761848614686-X0UFS6ETU','RCP-2024-000002','completed',NULL,'2025-10-30 18:23:34','2025-10-30 18:23:34'),(3,1,4,25412.03,'bank_transfer','2025-09-04','TXN-1761848614702-JEMNHKHBH','RCP-2024-000003','completed',NULL,'2025-10-30 18:23:34','2025-10-30 18:23:34'),(4,1,5,20092.05,'upi','2025-10-06','TXN-1761848614719-ZBL7LDZNW','RCP-2024-000004','completed',NULL,'2025-10-30 18:23:34','2025-10-30 18:23:34'),(5,2,6,792.59,'debit_card','2025-06-05','TXN-1761848614733-UHNZ624W0','RCP-2024-000005','completed',NULL,'2025-10-30 18:23:34','2025-10-30 18:23:34'),(6,2,7,2349.84,'credit_card','2025-07-12','TXN-1761848614750-GNH1S23D1','RCP-2024-000006','completed',NULL,'2025-10-30 18:23:34','2025-10-30 18:23:34'),(7,2,8,3002.76,'wallet','2025-08-04','TXN-1761848614764-S34IMB5Z7','RCP-2024-000007','completed',NULL,'2025-10-30 18:23:34','2025-10-30 18:23:34'),(8,2,9,2935.21,'debit_card','2025-09-12','TXN-1761848614780-ZRVX6SXQ2','RCP-2024-000008','completed',NULL,'2025-10-30 18:23:34','2025-10-30 18:23:34'),(9,2,10,2518.70,'wallet','2025-10-10','TXN-1761848614797-TNV1T7HFN','RCP-2024-000009','completed',NULL,'2025-10-30 18:23:34','2025-10-30 18:23:34'),(10,3,11,54264.25,'debit_card','2025-06-11','TXN-1761848614812-6E1F7DGC5','RCP-2024-000010','completed',NULL,'2025-10-30 18:23:34','2025-10-30 18:23:34'),(11,3,12,94744.32,'wallet','2025-07-06','TXN-1761848614828-2VJLMHCGP','RCP-2024-000011','completed',NULL,'2025-10-30 18:23:34','2025-10-30 18:23:34'),(12,3,13,148493.86,'credit_card','2025-08-08','TXN-1761848614843-X9EB0EN82','RCP-2024-000012','completed',NULL,'2025-10-30 18:23:34','2025-10-30 18:23:34'),(13,3,14,68563.01,'bank_transfer','2025-09-09','TXN-1761848614859-GKJ1PWK34','RCP-2024-000013','completed',NULL,'2025-10-30 18:23:34','2025-10-30 18:23:34'),(14,3,15,117765.00,'debit_card','2025-10-10','TXN-1761848614875-S8NVW6W37','RCP-2024-000014','completed',NULL,'2025-10-30 18:23:34','2025-10-30 18:23:34'),(15,4,16,24459.42,'bank_transfer','2025-06-07','TXN-1761848614890-L37OB7SH4','RCP-2024-000015','completed',NULL,'2025-10-30 18:23:34','2025-10-30 18:23:34'),(16,4,17,12910.80,'wallet','2025-07-15','TXN-1761848614906-QMME6PRA1','RCP-2024-000016','completed',NULL,'2025-10-30 18:23:34','2025-10-30 18:23:34'),(17,4,18,18157.51,'wallet','2025-08-08','TXN-1761848614921-NBLOZ3G2H','RCP-2024-000017','completed',NULL,'2025-10-30 18:23:34','2025-10-30 18:23:34'),(18,4,19,7717.62,'upi','2025-09-08','TXN-1761848614935-VSM02J90K','RCP-2024-000018','completed',NULL,'2025-10-30 18:23:34','2025-10-30 18:23:34'),(19,4,20,23858.54,'wallet','2025-10-07','TXN-1761848614952-0B891R36M','RCP-2024-000019','completed',NULL,'2025-10-30 18:23:34','2025-10-30 18:23:34'),(20,5,21,4555.18,'debit_card','2025-06-12','TXN-1761848614966-7X0UARA9D','RCP-2024-000020','completed',NULL,'2025-10-30 18:23:34','2025-10-30 18:23:34'),(21,5,22,1374.28,'debit_card','2025-07-09','TXN-1761848614983-SP5FJQFUC','RCP-2024-000021','completed',NULL,'2025-10-30 18:23:34','2025-10-30 18:23:34'),(22,5,23,3481.38,'debit_card','2025-08-13','TXN-1761848614998-7QDYNISMT','RCP-2024-000022','completed',NULL,'2025-10-30 18:23:34','2025-10-30 18:23:34'),(23,5,24,1747.34,'credit_card','2025-09-11','TXN-1761848615014-NAVNQFU3W','RCP-2024-000023','completed',NULL,'2025-10-30 18:23:35','2025-10-30 18:23:35'),(24,5,25,2585.52,'upi','2025-10-09','TXN-1761848615031-NKMMHOQQA','RCP-2024-000024','completed',NULL,'2025-10-30 18:23:35','2025-10-30 18:23:35'),(25,6,26,6118.63,'bank_transfer','2025-06-11','TXN-1761848615046-IXQ7RE4LX','RCP-2024-000025','completed',NULL,'2025-10-30 18:23:35','2025-10-30 18:23:35'),(26,6,27,6376.34,'upi','2025-07-08','TXN-1761848615063-43OMEAFXK','RCP-2024-000026','completed',NULL,'2025-10-30 18:23:35','2025-10-30 18:23:35'),(27,6,28,1766.98,'credit_card','2025-08-12','TXN-1761848615078-3OWERDGCG','RCP-2024-000027','completed',NULL,'2025-10-30 18:23:35','2025-10-30 18:23:35'),(28,6,29,5640.02,'credit_card','2025-09-06','TXN-1761848615092-DSF3IZRPB','RCP-2024-000028','completed',NULL,'2025-10-30 18:23:35','2025-10-30 18:23:35'),(29,6,30,3677.73,'wallet','2025-10-06','TXN-1761848615108-8TOVZ7VCK','RCP-2024-000029','completed',NULL,'2025-10-30 18:23:35','2025-10-30 18:23:35'),(30,7,31,14742.75,'wallet','2025-06-05','TXN-1761848615123-8AQYE7FK2','RCP-2024-000030','completed',NULL,'2025-10-30 18:23:35','2025-10-30 18:23:35'),(31,7,32,11209.48,'wallet','2025-07-11','TXN-1761848615140-SYXLB2LZ2','RCP-2024-000031','completed',NULL,'2025-10-30 18:23:35','2025-10-30 18:23:35'),(32,7,33,10164.47,'debit_card','2025-08-14','TXN-1761848615154-EOAA91K0J','RCP-2024-000032','completed',NULL,'2025-10-30 18:23:35','2025-10-30 18:23:35'),(33,7,34,26012.91,'wallet','2025-09-07','TXN-1761848615171-CRISTVASB','RCP-2024-000033','completed',NULL,'2025-10-30 18:23:35','2025-10-30 18:23:35'),(34,7,35,10024.29,'upi','2025-10-06','TXN-1761848615186-RG7JJ5UXZ','RCP-2024-000034','completed',NULL,'2025-10-30 18:23:35','2025-10-30 18:23:35'),(35,8,36,150664.11,'wallet','2025-06-07','TXN-1761848615202-NGD4RB6PR','RCP-2024-000035','completed',NULL,'2025-10-30 18:23:35','2025-10-30 18:23:35'),(36,8,37,59504.92,'credit_card','2025-07-15','TXN-1761848615216-GA6RBHVWF','RCP-2024-000036','completed',NULL,'2025-10-30 18:23:35','2025-10-30 18:23:35'),(37,8,38,61457.76,'debit_card','2025-08-05','TXN-1761848615230-7R3K0QGTM','RCP-2024-000037','completed',NULL,'2025-10-30 18:23:35','2025-10-30 18:23:35'),(38,8,39,118356.89,'wallet','2025-09-08','TXN-1761848615244-6DHDIEJOI','RCP-2024-000038','completed',NULL,'2025-10-30 18:23:35','2025-10-30 18:23:35'),(39,8,40,97965.96,'debit_card','2025-10-10','TXN-1761848615257-RU5VJBC9K','RCP-2024-000039','completed',NULL,'2025-10-30 18:23:35','2025-10-30 18:23:35'),(40,9,41,4886.52,'upi','2025-06-12','TXN-1761848615274-DFCF0LLLL','RCP-2024-000040','completed',NULL,'2025-10-30 18:23:35','2025-10-30 18:23:35'),(41,9,42,6700.32,'debit_card','2025-07-14','TXN-1761848615288-Z4OVT2R1Z','RCP-2024-000041','completed',NULL,'2025-10-30 18:23:35','2025-10-30 18:23:35'),(42,9,44,5309.91,'bank_transfer','2025-09-10','TXN-1761848615315-R6G2TCVEC','RCP-2024-000042','completed',NULL,'2025-10-30 18:23:35','2025-10-30 18:23:35'),(43,9,45,5070.60,'credit_card','2025-10-05','TXN-1761848615330-1U4475G5E','RCP-2024-000043','completed',NULL,'2025-10-30 18:23:35','2025-10-30 18:23:35'),(44,10,46,12163.37,'bank_transfer','2025-06-05','TXN-1761848615347-KS5Q7JLD9','RCP-2024-000044','completed',NULL,'2025-10-30 18:23:35','2025-10-30 18:23:35'),(45,10,47,7016.70,'bank_transfer','2025-07-15','TXN-1761848615361-B2ZVXGZ49','RCP-2024-000045','completed',NULL,'2025-10-30 18:23:35','2025-10-30 18:23:35'),(46,10,48,11336.92,'credit_card','2025-08-13','TXN-1761848615375-IG1VQI73R','RCP-2024-000046','completed',NULL,'2025-10-30 18:23:35','2025-10-30 18:23:35'),(47,10,49,20986.04,'wallet','2025-09-06','TXN-1761848615391-J6HHB8YRJ','RCP-2024-000047','completed',NULL,'2025-10-30 18:23:35','2025-10-30 18:23:35'),(48,10,50,7258.84,'credit_card','2025-10-15','TXN-1761848615406-NL47OTY5U','RCP-2024-000048','completed',NULL,'2025-10-30 18:23:35','2025-10-30 18:23:35'),(49,11,51,135201.04,'upi','2025-06-14','TXN-1761848615423-OUQB4ENZV','RCP-2024-000049','completed',NULL,'2025-10-30 18:23:35','2025-10-30 18:23:35'),(50,11,52,138530.41,'debit_card','2025-07-06','TXN-1761848615438-DDYCSX1O5','RCP-2024-000050','completed',NULL,'2025-10-30 18:23:35','2025-10-30 18:23:35'),(51,11,53,57320.39,'bank_transfer','2025-08-08','TXN-1761848615456-RY2AYB3KE','RCP-2024-000051','completed',NULL,'2025-10-30 18:23:35','2025-10-30 18:23:35'),(52,11,54,113362.84,'bank_transfer','2025-09-09','TXN-1761848615470-PQGUKWWZ9','RCP-2024-000052','completed',NULL,'2025-10-30 18:23:35','2025-10-30 18:23:35'),(53,11,55,48549.15,'bank_transfer','2025-10-15','TXN-1761848615485-1IFBYHVTB','RCP-2024-000053','completed',NULL,'2025-10-30 18:23:35','2025-10-30 18:23:35'),(54,12,56,5245.29,'bank_transfer','2025-06-04','TXN-1761848615500-FJFC9QZGK','RCP-2024-000054','completed',NULL,'2025-10-30 18:23:35','2025-10-30 18:23:35'),(55,12,57,22964.55,'wallet','2025-07-15','TXN-1761848615516-3FQL1IE76','RCP-2024-000055','completed',NULL,'2025-10-30 18:23:35','2025-10-30 18:23:35'),(56,12,58,17351.45,'debit_card','2025-08-10','TXN-1761848615531-JDP7VNRJT','RCP-2024-000056','completed',NULL,'2025-10-30 18:23:35','2025-10-30 18:23:35'),(57,12,59,10406.61,'wallet','2025-09-08','TXN-1761848615549-N0QK46CCW','RCP-2024-000057','completed',NULL,'2025-10-30 18:23:35','2025-10-30 18:23:35'),(58,12,60,11082.04,'wallet','2025-10-13','TXN-1761848615563-OERHF7Q3O','RCP-2024-000058','completed',NULL,'2025-10-30 18:23:35','2025-10-30 18:23:35'),(59,13,61,10075.26,'wallet','2025-06-07','TXN-1761848615579-95X12I520','RCP-2024-000059','completed',NULL,'2025-10-30 18:23:35','2025-10-30 18:23:35'),(60,13,62,25910.32,'upi','2025-07-12','TXN-1761848615592-7HRB80DT5','RCP-2024-000060','completed',NULL,'2025-10-30 18:23:35','2025-10-30 18:23:35'),(61,13,63,5321.75,'wallet','2025-08-07','TXN-1761848615606-L9C5RAJR1','RCP-2024-000061','completed',NULL,'2025-10-30 18:23:35','2025-10-30 18:23:35'),(62,13,64,15680.71,'credit_card','2025-09-13','TXN-1761848615624-NGZO3ESPU','RCP-2024-000062','completed',NULL,'2025-10-30 18:23:35','2025-10-30 18:23:35'),(63,13,65,17923.02,'wallet','2025-10-12','TXN-1761848615640-62Q5SXKKP','RCP-2024-000063','completed',NULL,'2025-10-30 18:23:35','2025-10-30 18:23:35'),(64,14,66,3430.53,'wallet','2025-06-08','TXN-1761848615656-F4VCSF28B','RCP-2024-000064','completed',NULL,'2025-10-30 18:23:35','2025-10-30 18:23:35'),(65,14,67,1453.02,'bank_transfer','2025-07-07','TXN-1761848615671-XXTBKLNQS','RCP-2024-000065','completed',NULL,'2025-10-30 18:23:35','2025-10-30 18:23:35'),(66,14,68,2231.64,'wallet','2025-08-06','TXN-1761848615687-T11C3ORSE','RCP-2024-000066','completed',NULL,'2025-10-30 18:23:35','2025-10-30 18:23:35'),(67,14,69,554.32,'bank_transfer','2025-09-05','TXN-1761848615708-ES6PPRZ1K','RCP-2024-000067','completed',NULL,'2025-10-30 18:23:35','2025-10-30 18:23:35'),(68,14,70,1272.90,'bank_transfer','2025-10-06','TXN-1761848615723-L3B41CDYJ','RCP-2024-000068','completed',NULL,'2025-10-30 18:23:35','2025-10-30 18:23:35'),(69,15,71,1398.82,'credit_card','2025-06-12','TXN-1761848615740-YOV0SUNCN','RCP-2024-000069','completed',NULL,'2025-10-30 18:23:35','2025-10-30 18:23:35'),(70,15,72,2499.62,'wallet','2025-07-08','TXN-1761848615754-QRTM5DY2C','RCP-2024-000070','completed',NULL,'2025-10-30 18:23:35','2025-10-30 18:23:35'),(71,15,73,2154.77,'credit_card','2025-08-05','TXN-1761848615768-6TZKLMATE','RCP-2024-000071','completed',NULL,'2025-10-30 18:23:35','2025-10-30 18:23:35'),(72,15,74,4125.66,'wallet','2025-09-11','TXN-1761848615783-FZ63SF3M5','RCP-2024-000072','completed',NULL,'2025-10-30 18:23:35','2025-10-30 18:23:35'),(73,15,75,3886.35,'credit_card','2025-10-06','TXN-1761848615797-AVTO8CE4O','RCP-2024-000073','completed',NULL,'2025-10-30 18:23:35','2025-10-30 18:23:35'),(74,16,76,3935.44,'credit_card','2025-06-14','TXN-1761848615813-EWKXW1B35','RCP-2024-000074','completed',NULL,'2025-10-30 18:23:35','2025-10-30 18:23:35'),(75,16,77,1757.16,'credit_card','2025-07-13','TXN-1761848615827-SM2GLX09B','RCP-2024-000075','completed',NULL,'2025-10-30 18:23:35','2025-10-30 18:23:35'),(76,16,78,3462.97,'debit_card','2025-08-09','TXN-1761848615843-7MRP29CGB','RCP-2024-000076','completed',NULL,'2025-10-30 18:23:35','2025-10-30 18:23:35'),(77,16,79,3315.71,'bank_transfer','2025-09-07','TXN-1761848615857-5R5O0PKSW','RCP-2024-000077','completed',NULL,'2025-10-30 18:23:35','2025-10-30 18:23:35'),(78,16,80,2996.63,'credit_card','2025-10-11','TXN-1761848615871-1YGC5TRUM','RCP-2024-000078','completed',NULL,'2025-10-30 18:23:35','2025-10-30 18:23:35'),(79,17,82,18230.79,'credit_card','2025-07-11','TXN-1761848615897-S3DRX0W7E','RCP-2024-000079','completed',NULL,'2025-10-30 18:23:35','2025-10-30 18:23:35'),(80,17,83,14903.97,'bank_transfer','2025-08-09','TXN-1761848615912-MWIBKUZKW','RCP-2024-000080','completed',NULL,'2025-10-30 18:23:35','2025-10-30 18:23:35'),(81,17,84,18773.04,'upi','2025-09-06','TXN-1761848615927-IEMMB3NRR','RCP-2024-000081','completed',NULL,'2025-10-30 18:23:35','2025-10-30 18:23:35'),(82,17,85,10534.05,'upi','2025-10-13','TXN-1761848615941-XRSORNFJC','RCP-2024-000082','completed',NULL,'2025-10-30 18:23:35','2025-10-30 18:23:35'),(83,18,86,5559.03,'wallet','2025-06-08','TXN-1761848615957-FNKGAWLVO','RCP-2024-000083','completed',NULL,'2025-10-30 18:23:35','2025-10-30 18:23:35'),(84,18,87,6619.33,'bank_transfer','2025-07-11','TXN-1761848615970-9WGC8X7MA','RCP-2024-000084','completed',NULL,'2025-10-30 18:23:35','2025-10-30 18:23:35'),(85,18,88,3432.29,'upi','2025-08-09','TXN-1761848615986-MQGARC30H','RCP-2024-000085','completed',NULL,'2025-10-30 18:23:35','2025-10-30 18:23:35'),(86,18,89,3242.07,'upi','2025-09-07','TXN-1761848616002-7FPYQ72YA','RCP-2024-000086','completed',NULL,'2025-10-30 18:23:36','2025-10-30 18:23:36'),(87,18,90,5676.84,'debit_card','2025-10-13','TXN-1761848616016-PBSDL9MP7','RCP-2024-000087','completed',NULL,'2025-10-30 18:23:36','2025-10-30 18:23:36'),(88,19,91,118566.52,'bank_transfer','2025-06-05','TXN-1761848616034-5ECEUTYFH','RCP-2024-000088','completed',NULL,'2025-10-30 18:23:36','2025-10-30 18:23:36'),(89,19,92,121587.61,'debit_card','2025-07-15','TXN-1761848616048-L0RWZ696F','RCP-2024-000089','completed',NULL,'2025-10-30 18:23:36','2025-10-30 18:23:36'),(90,19,93,127802.44,'credit_card','2025-08-06','TXN-1761848616062-WVZ3T7Z01','RCP-2024-000090','completed',NULL,'2025-10-30 18:23:36','2025-10-30 18:23:36'),(91,19,94,64116.72,'wallet','2025-09-06','TXN-1761848616077-J8NFZYL6X','RCP-2024-000091','completed',NULL,'2025-10-30 18:23:36','2025-10-30 18:23:36'),(92,19,95,134325.54,'debit_card','2025-10-12','TXN-1761848616089-HPOR5JZSR','RCP-2024-000092','completed',NULL,'2025-10-30 18:23:36','2025-10-30 18:23:36'),(93,20,96,3493.65,'wallet','2025-06-08','TXN-1761848616111-9Q0736355','RCP-2024-000093','completed',NULL,'2025-10-30 18:23:36','2025-10-30 18:23:36'),(94,20,97,6494.15,'upi','2025-07-12','TXN-1761848616126-MYEHLNMT7','RCP-2024-000094','completed',NULL,'2025-10-30 18:23:36','2025-10-30 18:23:36'),(95,20,98,2450.53,'bank_transfer','2025-08-09','TXN-1761848616140-4O4755GEH','RCP-2024-000095','completed',NULL,'2025-10-30 18:23:36','2025-10-30 18:23:36'),(96,20,99,4677.90,'debit_card','2025-09-13','TXN-1761848616155-U0HF6903I','RCP-2024-000096','completed',NULL,'2025-10-30 18:23:36','2025-10-30 18:23:36'),(97,20,100,8865.10,'bank_transfer','2025-10-13','TXN-1761848616171-8UMQK7WRX','RCP-2024-000097','completed',NULL,'2025-10-30 18:23:36','2025-10-30 18:23:36'),(98,21,101,588.09,'upi','2025-06-13','TXN-1761848616186-UQ2Z7T1RV','RCP-2024-000098','completed',NULL,'2025-10-30 18:23:36','2025-10-30 18:23:36'),(99,21,102,1987.73,'debit_card','2025-07-15','TXN-1761848616199-VEHAOIMCB','RCP-2024-000099','completed',NULL,'2025-10-30 18:23:36','2025-10-30 18:23:36'),(100,21,103,657.51,'debit_card','2025-08-10','TXN-1761848616215-T9SSDT8PQ','RCP-2024-000100','completed',NULL,'2025-10-30 18:23:36','2025-10-30 18:23:36'),(101,21,104,3025.27,'upi','2025-09-12','TXN-1761848616229-8J0KAB3MF','RCP-2024-000101','completed',NULL,'2025-10-30 18:23:36','2025-10-30 18:23:36'),(102,21,105,1453.02,'upi','2025-10-15','TXN-1761848616245-PKLI6X06I','RCP-2024-000102','completed',NULL,'2025-10-30 18:23:36','2025-10-30 18:23:36'),(103,22,106,3362.99,'upi','2025-06-14','TXN-1761848616259-HWVGEX3Y3','RCP-2024-000103','completed',NULL,'2025-10-30 18:23:36','2025-10-30 18:23:36'),(104,22,107,2552.47,'wallet','2025-07-10','TXN-1761848616273-J5H0QLOF3','RCP-2024-000104','completed',NULL,'2025-10-30 18:23:36','2025-10-30 18:23:36'),(105,22,108,1175.34,'upi','2025-08-14','TXN-1761848616290-WDJXEMPT7','RCP-2024-000105','completed',NULL,'2025-10-30 18:23:36','2025-10-30 18:23:36'),(106,22,109,3205.39,'upi','2025-09-12','TXN-1761848616304-SPO0BFSCG','RCP-2024-000106','completed',NULL,'2025-10-30 18:23:36','2025-10-30 18:23:36'),(107,22,110,2563.73,'debit_card','2025-10-15','TXN-1761848616321-J5M1JGEK6','RCP-2024-000107','completed',NULL,'2025-10-30 18:23:36','2025-10-30 18:23:36'),(108,23,112,1688.44,'credit_card','2025-07-11','TXN-1761848616346-FSBXIBD4T','RCP-2024-000108','completed',NULL,'2025-10-30 18:23:36','2025-10-30 18:23:36'),(109,23,113,2892.32,'wallet','2025-08-07','TXN-1761848616361-PEHSDX1K7','RCP-2024-000109','completed',NULL,'2025-10-30 18:23:36','2025-10-30 18:23:36'),(110,23,114,1997.69,'upi','2025-09-12','TXN-1761848616377-YQ09NKYW2','RCP-2024-000110','completed',NULL,'2025-10-30 18:23:36','2025-10-30 18:23:36'),(111,24,116,2743.84,'upi','2025-06-05','TXN-1761848616402-JGOA7GLFS','RCP-2024-000111','completed',NULL,'2025-10-30 18:23:36','2025-10-30 18:23:36'),(112,24,117,815.11,'debit_card','2025-07-14','TXN-1761848616416-1H8INQWJD','RCP-2024-000112','completed',NULL,'2025-10-30 18:23:36','2025-10-30 18:23:36'),(113,24,118,1100.29,'credit_card','2025-08-14','TXN-1761848616430-YB1QX7IG4','RCP-2024-000113','completed',NULL,'2025-10-30 18:23:36','2025-10-30 18:23:36'),(114,24,120,1137.82,'upi','2025-10-05','TXN-1761848616456-LOKK1FBJX','RCP-2024-000114','completed',NULL,'2025-10-30 18:23:36','2025-10-30 18:23:36'),(115,25,121,3036.53,'upi','2025-06-14','TXN-1761848616471-EIA1ONUPN','RCP-2024-000115','completed',NULL,'2025-10-30 18:23:36','2025-10-30 18:23:36'),(116,25,122,1518.68,'debit_card','2025-07-06','TXN-1761848616488-PHVBADK52','RCP-2024-000116','completed',NULL,'2025-10-30 18:23:36','2025-10-30 18:23:36'),(117,25,123,1152.82,'upi','2025-08-14','TXN-1761848616503-C1N3DKNHE','RCP-2024-000117','completed',NULL,'2025-10-30 18:23:36','2025-10-30 18:23:36'),(118,25,124,3126.59,'credit_card','2025-09-05','TXN-1761848616520-R4410F2X9','RCP-2024-000118','completed',NULL,'2025-10-30 18:23:36','2025-10-30 18:23:36'),(119,25,125,2665.04,'bank_transfer','2025-10-14','TXN-1761848616534-IVDRHWIM2','RCP-2024-000119','completed',NULL,'2025-10-30 18:23:36','2025-10-30 18:23:36'),(120,26,127,4364.96,'bank_transfer','2025-07-07','TXN-1761848616565-6LUNX7VE8','RCP-2024-000120','completed',NULL,'2025-10-30 18:23:36','2025-10-30 18:23:36'),(121,26,128,8180.33,'wallet','2025-08-06','TXN-1761848616579-3GPVVY219','RCP-2024-000121','completed',NULL,'2025-10-30 18:23:36','2025-10-30 18:23:36'),(122,26,129,5144.23,'wallet','2025-09-10','TXN-1761848616596-IIPTVOSDN','RCP-2024-000122','completed',NULL,'2025-10-30 18:23:36','2025-10-30 18:23:36'),(123,26,130,3278.89,'wallet','2025-10-14','TXN-1761848616610-T4S9YK418','RCP-2024-000123','completed',NULL,'2025-10-30 18:23:36','2025-10-30 18:23:36'),(124,27,132,7421.92,'bank_transfer','2025-07-07','TXN-1761848616636-VT2YWI4Z6','RCP-2024-000124','completed',NULL,'2025-10-30 18:23:36','2025-10-30 18:23:36'),(125,27,133,4162.47,'upi','2025-08-14','TXN-1761848616651-W1671EBP5','RCP-2024-000125','completed',NULL,'2025-10-30 18:23:36','2025-10-30 18:23:36'),(126,27,134,7694.36,'debit_card','2025-09-08','TXN-1761848616668-STYF5W2VH','RCP-2024-000126','completed',NULL,'2025-10-30 18:23:36','2025-10-30 18:23:36'),(127,28,137,71552.96,'credit_card','2025-07-06','TXN-1761848616699-ASGHPEBWK','RCP-2024-000127','completed',NULL,'2025-10-30 18:23:36','2025-10-30 18:23:36'),(128,28,138,122894.70,'wallet','2025-08-12','TXN-1761848616714-9KHP70QUR','RCP-2024-000128','completed',NULL,'2025-10-30 18:23:36','2025-10-30 18:23:36'),(129,28,139,96542.70,'upi','2025-09-10','TXN-1761848616727-S9PQUNAYQ','RCP-2024-000129','completed',NULL,'2025-10-30 18:23:36','2025-10-30 18:23:36'),(130,28,140,163167.74,'credit_card','2025-10-14','TXN-1761848616742-BFXD4HYVX','RCP-2024-000130','completed',NULL,'2025-10-30 18:23:36','2025-10-30 18:23:36'),(131,29,141,2548.71,'bank_transfer','2025-06-04','TXN-1761848616755-446Q5XKPW','RCP-2024-000131','completed',NULL,'2025-10-30 18:23:36','2025-10-30 18:23:36'),(132,29,143,4168.61,'credit_card','2025-08-12','TXN-1761848616779-P43156O86','RCP-2024-000132','completed',NULL,'2025-10-30 18:23:36','2025-10-30 18:23:36'),(133,29,144,2046.78,'bank_transfer','2025-09-05','TXN-1761848616792-N1YAV1C1G','RCP-2024-000133','completed',NULL,'2025-10-30 18:23:36','2025-10-30 18:23:36'),(134,29,145,4604.27,'credit_card','2025-10-09','TXN-1761848616806-4I7O0O6ZR','RCP-2024-000134','completed',NULL,'2025-10-30 18:23:36','2025-10-30 18:23:36'),(135,30,146,1612.49,'bank_transfer','2025-06-07','TXN-1761848616818-Q3O4LH0Y1','RCP-2024-000135','completed',NULL,'2025-10-30 18:23:36','2025-10-30 18:23:36'),(136,30,147,3317.96,'bank_transfer','2025-07-13','TXN-1761848616831-MGMLNG569','RCP-2024-000136','completed',NULL,'2025-10-30 18:23:36','2025-10-30 18:23:36'),(137,30,148,2306.69,'credit_card','2025-08-07','TXN-1761848616845-ORG2JIPOI','RCP-2024-000137','completed',NULL,'2025-10-30 18:23:36','2025-10-30 18:23:36'),(138,30,149,3092.82,'upi','2025-09-07','TXN-1761848616858-CRDD5T30B','RCP-2024-000138','completed',NULL,'2025-10-30 18:23:36','2025-10-30 18:23:36'),(139,30,150,965.20,'bank_transfer','2025-10-14','TXN-1761848616875-RXD8O3AA4','RCP-2024-000139','completed',NULL,'2025-10-30 18:23:36','2025-10-30 18:23:36'),(140,31,151,73770.59,'bank_transfer','2025-06-14','TXN-1761848616890-1XP51CLEA','RCP-2024-000140','completed',NULL,'2025-10-30 18:23:36','2025-10-30 18:23:36'),(141,31,152,104866.78,'debit_card','2025-07-05','TXN-1761848616904-J1DTUO3JW','RCP-2024-000141','completed',NULL,'2025-10-30 18:23:36','2025-10-30 18:23:36'),(142,31,153,64227.05,'upi','2025-08-14','TXN-1761848616919-MCLIQ6L63','RCP-2024-000142','completed',NULL,'2025-10-30 18:23:36','2025-10-30 18:23:36'),(143,31,154,138222.13,'upi','2025-09-13','TXN-1761848616943-G143BEH1M','RCP-2024-000143','completed',NULL,'2025-10-30 18:23:36','2025-10-30 18:23:36'),(144,31,155,66124.72,'bank_transfer','2025-10-08','TXN-1761848616964-K273IZQP1','RCP-2024-000144','completed',NULL,'2025-10-30 18:23:36','2025-10-30 18:23:36'),(145,32,156,48240.23,'bank_transfer','2025-06-13','TXN-1761848616978-NM97HCQOB','RCP-2024-000145','completed',NULL,'2025-10-30 18:23:36','2025-10-30 18:23:36'),(146,32,157,144708.24,'upi','2025-07-11','TXN-1761848616991-AEV6V1NUY','RCP-2024-000146','completed',NULL,'2025-10-30 18:23:36','2025-10-30 18:23:36'),(147,32,158,164548.82,'upi','2025-08-05','TXN-1761848617006-KNLMSBCB3','RCP-2024-000147','completed',NULL,'2025-10-30 18:23:37','2025-10-30 18:23:37'),(148,32,159,140158.10,'credit_card','2025-09-04','TXN-1761848617020-4K6QP1PID','RCP-2024-000148','completed',NULL,'2025-10-30 18:23:37','2025-10-30 18:23:37'),(149,32,160,69765.61,'wallet','2025-10-12','TXN-1761848617035-M911NG3TP','RCP-2024-000149','completed',NULL,'2025-10-30 18:23:37','2025-10-30 18:23:37'),(150,33,161,100691.11,'debit_card','2025-06-07','TXN-1761848617048-AEP96VJAZ','RCP-2024-000150','completed',NULL,'2025-10-30 18:23:37','2025-10-30 18:23:37'),(151,33,162,138666.05,'wallet','2025-07-06','TXN-1761848617060-OG7K5VB66','RCP-2024-000151','completed',NULL,'2025-10-30 18:23:37','2025-10-30 18:23:37'),(152,33,163,159049.19,'debit_card','2025-08-14','TXN-1761848617075-3FHL2B2WH','RCP-2024-000152','completed',NULL,'2025-10-30 18:23:37','2025-10-30 18:23:37'),(153,33,164,94280.94,'bank_transfer','2025-09-10','TXN-1761848617087-BKN9THQVP','RCP-2024-000153','completed',NULL,'2025-10-30 18:23:37','2025-10-30 18:23:37'),(154,33,165,115471.44,'debit_card','2025-10-13','TXN-1761848617102-V6G4RFKYO','RCP-2024-000154','completed',NULL,'2025-10-30 18:23:37','2025-10-30 18:23:37'),(155,34,166,65683.40,'debit_card','2025-06-07','TXN-1761848617114-ERBNKJG7C','RCP-2024-000155','completed',NULL,'2025-10-30 18:23:37','2025-10-30 18:23:37'),(156,34,167,116531.90,'debit_card','2025-07-13','TXN-1761848617128-ZZLFJ2MKY','RCP-2024-000156','completed',NULL,'2025-10-30 18:23:37','2025-10-30 18:23:37'),(157,34,168,150836.74,'credit_card','2025-08-08','TXN-1761848617141-J0FNK9QOH','RCP-2024-000157','completed',NULL,'2025-10-30 18:23:37','2025-10-30 18:23:37'),(158,34,169,89426.42,'upi','2025-09-04','TXN-1761848617156-VU8Q9ROOP','RCP-2024-000158','completed',NULL,'2025-10-30 18:23:37','2025-10-30 18:23:37'),(159,34,170,67294.22,'bank_transfer','2025-10-15','TXN-1761848617171-WNBN5J29X','RCP-2024-000159','completed',NULL,'2025-10-30 18:23:37','2025-10-30 18:23:37'),(160,35,171,526.17,'debit_card','2025-06-11','TXN-1761848617188-UAYROG5OG','RCP-2024-000160','completed',NULL,'2025-10-30 18:23:37','2025-10-30 18:23:37'),(161,35,172,1725.07,'credit_card','2025-07-06','TXN-1761848617203-12CLLFRXS','RCP-2024-000161','completed',NULL,'2025-10-30 18:23:37','2025-10-30 18:23:37'),(162,35,173,1893.92,'debit_card','2025-08-05','TXN-1761848617217-JP7K9RIA4','RCP-2024-000162','completed',NULL,'2025-10-30 18:23:37','2025-10-30 18:23:37'),(163,35,174,665.01,'wallet','2025-09-07','TXN-1761848617233-7JXAVXGP3','RCP-2024-000163','completed',NULL,'2025-10-30 18:23:37','2025-10-30 18:23:37'),(164,35,175,593.72,'debit_card','2025-10-08','TXN-1761848617250-FS3QTU2A6','RCP-2024-000164','completed',NULL,'2025-10-30 18:23:37','2025-10-30 18:23:37'),(165,36,176,2278.54,'bank_transfer','2025-06-11','TXN-1761848617267-4L3Z2VT9D','RCP-2024-000165','completed',NULL,'2025-10-30 18:23:37','2025-10-30 18:23:37'),(166,36,177,732.56,'debit_card','2025-07-12','TXN-1761848617281-UO30LW8J5','RCP-2024-000166','completed',NULL,'2025-10-30 18:23:37','2025-10-30 18:23:37'),(167,36,178,2372.35,'debit_card','2025-08-07','TXN-1761848617296-3EHKE6DV9','RCP-2024-000167','completed',NULL,'2025-10-30 18:23:37','2025-10-30 18:23:37'),(168,36,179,770.08,'bank_transfer','2025-09-09','TXN-1761848617312-EUX6KFOTN','RCP-2024-000168','completed',NULL,'2025-10-30 18:23:37','2025-10-30 18:23:37'),(169,36,180,792.59,'upi','2025-10-08','TXN-1761848617327-XLSG3ZCTE','RCP-2024-000169','completed',NULL,'2025-10-30 18:23:37','2025-10-30 18:23:37'),(170,37,181,157458.49,'bank_transfer','2025-06-05','TXN-1761848617343-I2S08I3NC','RCP-2024-000170','completed',NULL,'2025-10-30 18:23:37','2025-10-30 18:23:37'),(171,37,182,74487.74,'bank_transfer','2025-07-13','TXN-1761848617357-CQSZAICYP','RCP-2024-000171','completed',NULL,'2025-10-30 18:23:37','2025-10-30 18:23:37'),(172,37,183,117037.47,'upi','2025-08-09','TXN-1761848617372-H78YMD7VH','RCP-2024-000172','completed',NULL,'2025-10-30 18:23:37','2025-10-30 18:23:37'),(173,37,184,60089.67,'wallet','2025-09-13','TXN-1761848617389-E7Z4P2J8J','RCP-2024-000173','completed',NULL,'2025-10-30 18:23:37','2025-10-30 18:23:37'),(174,37,185,64083.62,'credit_card','2025-10-07','TXN-1761848617403-CKXUL4B84','RCP-2024-000174','completed',NULL,'2025-10-30 18:23:37','2025-10-30 18:23:37'),(175,38,186,13746.17,'upi','2025-06-06','TXN-1761848617420-52T7JXH4L','RCP-2024-000175','completed',NULL,'2025-10-30 18:23:37','2025-10-30 18:23:37'),(176,38,187,6965.73,'credit_card','2025-07-09','TXN-1761848617434-09XQBB3V4','RCP-2024-000176','completed',NULL,'2025-10-30 18:23:37','2025-10-30 18:23:37'),(177,38,188,25470.65,'wallet','2025-08-08','TXN-1761848617449-W89TD3D5G','RCP-2024-000177','completed',NULL,'2025-10-30 18:23:37','2025-10-30 18:23:37'),(178,38,189,19608.41,'debit_card','2025-09-12','TXN-1761848617464-PZSAAXNOL','RCP-2024-000178','completed',NULL,'2025-10-30 18:23:37','2025-10-30 18:23:37'),(179,38,190,8010.74,'credit_card','2025-10-08','TXN-1761848617478-MYNBUSTNZ','RCP-2024-000179','completed',NULL,'2025-10-30 18:23:37','2025-10-30 18:23:37'),(180,39,191,1227.87,'bank_transfer','2025-06-05','TXN-1761848617493-EGSP712XH','RCP-2024-000180','completed',NULL,'2025-10-30 18:23:37','2025-10-30 18:23:37'),(181,39,192,2923.96,'debit_card','2025-07-08','TXN-1761848617509-T0CZWCTE6','RCP-2024-000181','completed',NULL,'2025-10-30 18:23:37','2025-10-30 18:23:37'),(182,39,193,1743.83,'upi','2025-08-12','TXN-1761848617524-GTKU9TNKO','RCP-2024-000182','completed',NULL,'2025-10-30 18:23:37','2025-10-30 18:23:37'),(183,39,194,920.18,'credit_card','2025-09-14','TXN-1761848617544-C3DNG3MVZ','RCP-2024-000183','completed',NULL,'2025-10-30 18:23:37','2025-10-30 18:23:37'),(184,39,195,2383.61,'upi','2025-10-11','TXN-1761848617559-4KQYF2IW8','RCP-2024-000184','completed',NULL,'2025-10-30 18:23:37','2025-10-30 18:23:37'),(185,40,196,2935.21,'wallet','2025-06-06','TXN-1761848617574-3EOX87FPK','RCP-2024-000185','completed',NULL,'2025-10-30 18:23:37','2025-10-30 18:23:37'),(186,40,197,2297.31,'wallet','2025-07-08','TXN-1761848617587-6IGF0G159','RCP-2024-000186','completed',NULL,'2025-10-30 18:23:37','2025-10-30 18:23:37'),(187,40,198,1518.68,'credit_card','2025-08-13','TXN-1761848617599-Z3ZCJYE5X','RCP-2024-000187','completed',NULL,'2025-10-30 18:23:37','2025-10-30 18:23:37'),(188,40,199,1302.92,'wallet','2025-09-11','TXN-1761848617616-ELIYWZWMS','RCP-2024-000188','completed',NULL,'2025-10-30 18:23:37','2025-10-30 18:23:37'),(189,40,200,2687.56,'wallet','2025-10-09','TXN-1761848617630-KPZKN75BK','RCP-2024-000189','completed',NULL,'2025-10-30 18:23:37','2025-10-30 18:23:37'),(190,41,201,3156.17,'bank_transfer','2025-06-08','TXN-1761848617646-RMRRBDO6U','RCP-2024-000190','completed',NULL,'2025-10-30 18:23:37','2025-10-30 18:23:37'),(191,41,202,6773.96,'upi','2025-07-08','TXN-1761848617660-NL22FMHV9','RCP-2024-000191','completed',NULL,'2025-10-30 18:23:37','2025-10-30 18:23:37'),(192,41,203,4751.53,'bank_transfer','2025-08-06','TXN-1761848617674-9Q8QTPAC6','RCP-2024-000192','completed',NULL,'2025-10-30 18:23:37','2025-10-30 18:23:37'),(193,41,204,4726.99,'bank_transfer','2025-09-06','TXN-1761848617690-RX9UD65I1','RCP-2024-000193','completed',NULL,'2025-10-30 18:23:37','2025-10-30 18:23:37'),(194,41,205,8084.60,'bank_transfer','2025-10-08','TXN-1761848617704-L5W4K2LKF','RCP-2024-000194','completed',NULL,'2025-10-30 18:23:37','2025-10-30 18:23:37'),(195,42,206,4677.90,'debit_card','2025-06-05','TXN-1761848617720-11JNE0ZOD','RCP-2024-000195','completed',NULL,'2025-10-30 18:23:37','2025-10-30 18:23:37'),(196,42,207,3493.65,'credit_card','2025-07-06','TXN-1761848617734-E20R7848Q','RCP-2024-000196','completed',NULL,'2025-10-30 18:23:37','2025-10-30 18:23:37'),(197,42,208,1771.89,'upi','2025-08-08','TXN-1761848617748-T25NGY6J1','RCP-2024-000197','completed',NULL,'2025-10-30 18:23:37','2025-10-30 18:23:37'),(198,42,209,2169.50,'bank_transfer','2025-09-07','TXN-1761848617765-4BZ7ULPQ1','RCP-2024-000198','completed',NULL,'2025-10-30 18:23:37','2025-10-30 18:23:37'),(199,42,210,8857.74,'bank_transfer','2025-10-13','TXN-1761848617779-BPCQIBGQP','RCP-2024-000199','completed',NULL,'2025-10-30 18:23:37','2025-10-30 18:23:37'),(200,43,211,2147.21,'wallet','2025-06-05','TXN-1761848617794-BC71Q56HU','RCP-2024-000200','completed',NULL,'2025-10-30 18:23:37','2025-10-30 18:23:37'),(201,43,212,1130.31,'wallet','2025-07-15','TXN-1761848617811-TAG4P28NX','RCP-2024-000201','completed',NULL,'2025-10-30 18:23:37','2025-10-30 18:23:37'),(202,43,213,1212.86,'credit_card','2025-08-12','TXN-1761848617826-L0D1OC3H6','RCP-2024-000202','completed',NULL,'2025-10-30 18:23:37','2025-10-30 18:23:37'),(203,43,214,792.59,'upi','2025-09-13','TXN-1761848617841-SFGV1Y9AV','RCP-2024-000203','completed',NULL,'2025-10-30 18:23:37','2025-10-30 18:23:37'),(204,43,215,650.00,'wallet','2025-10-07','TXN-1761848617855-LL1U4FKJJ','RCP-2024-000204','completed',NULL,'2025-10-30 18:23:37','2025-10-30 18:23:37'),(205,44,216,11426.13,'upi','2025-06-05','TXN-1761848617871-D8R4DDHO8','RCP-2024-000205','completed',NULL,'2025-10-30 18:23:37','2025-10-30 18:23:37'),(206,44,217,14684.13,'bank_transfer','2025-07-06','TXN-1761848617886-W0RSEYOPV','RCP-2024-000206','completed',NULL,'2025-10-30 18:23:37','2025-10-30 18:23:37'),(207,44,219,26188.78,'upi','2025-09-04','TXN-1761848617913-0KJOBZGX9','RCP-2024-000207','completed',NULL,'2025-10-30 18:23:37','2025-10-30 18:23:37'),(208,44,220,9310.62,'bank_transfer','2025-10-10','TXN-1761848617928-YTFEK3WXO','RCP-2024-000208','completed',NULL,'2025-10-30 18:23:37','2025-10-30 18:23:37'),(209,45,221,87848.70,'wallet','2025-06-07','TXN-1761848617944-XFMY7ITU9','RCP-2024-000209','completed',NULL,'2025-10-30 18:23:37','2025-10-30 18:23:37'),(210,45,222,142944.90,'credit_card','2025-07-13','TXN-1761848617958-R1Z8NE716','RCP-2024-000210','completed',NULL,'2025-10-30 18:23:37','2025-10-30 18:23:37'),(211,45,223,48913.24,'bank_transfer','2025-08-13','TXN-1761848617973-8CN17YTJ3','RCP-2024-000211','completed',NULL,'2025-10-30 18:23:37','2025-10-30 18:23:37'),(212,45,224,97822.53,'wallet','2025-09-11','TXN-1761848617990-I3Z9T27WA','RCP-2024-000212','completed',NULL,'2025-10-30 18:23:37','2025-10-30 18:23:37'),(213,45,225,80401.42,'debit_card','2025-10-11','TXN-1761848618003-KZVLKUA18','RCP-2024-000213','completed',NULL,'2025-10-30 18:23:38','2025-10-30 18:23:38'),(214,46,226,72358.37,'upi','2025-06-09','TXN-1761848618019-9E3XQ3AV7','RCP-2024-000214','completed',NULL,'2025-10-30 18:23:38','2025-10-30 18:23:38'),(215,46,227,139257.94,'upi','2025-07-08','TXN-1761848618033-AB6Y9STN8','RCP-2024-000215','completed',NULL,'2025-10-30 18:23:38','2025-10-30 18:23:38'),(216,46,228,68187.89,'credit_card','2025-08-08','TXN-1761848618045-09Z0Q94OE','RCP-2024-000216','completed',NULL,'2025-10-30 18:23:38','2025-10-30 18:23:38'),(217,46,229,85752.43,'debit_card','2025-09-08','TXN-1761848618059-SNT21QP2V','RCP-2024-000217','completed',NULL,'2025-10-30 18:23:38','2025-10-30 18:23:38'),(218,46,230,64999.36,'debit_card','2025-10-11','TXN-1761848618071-VEHWBBH7A','RCP-2024-000218','completed',NULL,'2025-10-30 18:23:38','2025-10-30 18:23:38'),(219,47,231,1453.02,'bank_transfer','2025-06-06','TXN-1761848618086-3BYEEK14N','RCP-2024-000219','completed',NULL,'2025-10-30 18:23:38','2025-10-30 18:23:38'),(220,47,232,2100.31,'upi','2025-07-12','TXN-1761848618098-0ZKSN504M','RCP-2024-000220','completed',NULL,'2025-10-30 18:23:38','2025-10-30 18:23:38'),(221,47,233,1025.24,'upi','2025-08-08','TXN-1761848618111-2LWY5FDLR','RCP-2024-000221','completed',NULL,'2025-10-30 18:23:38','2025-10-30 18:23:38'),(222,47,234,942.69,'upi','2025-09-12','TXN-1761848618125-B6LRR1T03','RCP-2024-000222','completed',NULL,'2025-10-30 18:23:38','2025-10-30 18:23:38'),(223,47,235,822.61,'credit_card','2025-10-06','TXN-1761848618138-UFVKUYYUO','RCP-2024-000223','completed',NULL,'2025-10-30 18:23:38','2025-10-30 18:23:38'),(224,48,236,10954.60,'wallet','2025-06-11','TXN-1761848618152-7BGTOU6GB','RCP-2024-000224','completed',NULL,'2025-10-30 18:23:38','2025-10-30 18:23:38'),(225,48,237,24605.97,'bank_transfer','2025-07-05','TXN-1761848618165-ITZR7DX4N','RCP-2024-000225','completed',NULL,'2025-10-30 18:23:38','2025-10-30 18:23:38'),(226,48,238,25617.21,'credit_card','2025-08-13','TXN-1761848618182-7ZM6YSXW3','RCP-2024-000226','completed',NULL,'2025-10-30 18:23:38','2025-10-30 18:23:38'),(227,48,239,6952.98,'upi','2025-09-04','TXN-1761848618195-BL7HJKZHN','RCP-2024-000227','completed',NULL,'2025-10-30 18:23:38','2025-10-30 18:23:38'),(228,48,240,11158.50,'wallet','2025-10-15','TXN-1761848618210-QA78NNLRK','RCP-2024-000228','completed',NULL,'2025-10-30 18:23:38','2025-10-30 18:23:38'),(229,49,241,109157.96,'upi','2025-06-14','TXN-1761848618223-97FIAVNY3','RCP-2024-000229','completed',NULL,'2025-10-30 18:23:38','2025-10-30 18:23:38'),(230,49,242,124879.99,'upi','2025-07-07','TXN-1761848618239-1BWG8NAY8','RCP-2024-000230','completed',NULL,'2025-10-30 18:23:38','2025-10-30 18:23:38'),(231,49,243,74112.61,'debit_card','2025-08-13','TXN-1761848618254-0MSTDBBWZ','RCP-2024-000231','completed',NULL,'2025-10-30 18:23:38','2025-10-30 18:23:38'),(232,49,244,116827.85,'upi','2025-09-09','TXN-1761848618270-P8ZTE4Z1V','RCP-2024-000232','completed',NULL,'2025-10-30 18:23:38','2025-10-30 18:23:38'),(233,49,245,107875.54,'wallet','2025-10-11','TXN-1761848618286-RCJPI4ZWJ','RCP-2024-000233','completed',NULL,'2025-10-30 18:23:38','2025-10-30 18:23:38'),(234,50,246,158186.02,'bank_transfer','2025-06-13','TXN-1761848618301-2ZONFKI50','RCP-2024-000234','completed',NULL,'2025-10-30 18:23:38','2025-10-30 18:23:38'),(235,50,247,146015.32,'debit_card','2025-07-13','TXN-1761848618316-LY5HTAZ33','RCP-2024-000235','completed',NULL,'2025-10-30 18:23:38','2025-10-30 18:23:38'),(236,50,248,98451.41,'bank_transfer','2025-08-08','TXN-1761848618331-OHGL5QXD6','RCP-2024-000236','completed',NULL,'2025-10-30 18:23:38','2025-10-30 18:23:38'),(237,50,249,49222.17,'wallet','2025-09-06','TXN-1761848618346-AAK9RETC0','RCP-2024-000237','completed',NULL,'2025-10-30 18:23:38','2025-10-30 18:23:38'),(238,50,250,107678.24,'bank_transfer','2025-10-10','TXN-1761848618363-28CW9184G','RCP-2024-000238','completed',NULL,'2025-10-30 18:23:38','2025-10-30 18:23:38'),(239,52,251,11273.20,'debit_card','2025-10-15','TXN-1761848618380-XCHA1UF1V','RCP-2024-000239','completed',NULL,'2025-10-30 18:23:38','2025-10-30 18:23:38'),(240,53,252,2861.64,'bank_transfer','2025-09-09','TXN-1761848618399-EFNA6UA01','RCP-2024-000240','completed',NULL,'2025-10-30 18:23:38','2025-10-30 18:23:38'),(241,27,135,6847.59,'wallet','2025-10-30','TXN-1761863826445-QTD0RP5CI','RCP-2025-63826445','completed',NULL,'2025-10-30 22:37:06','2025-10-30 22:37:06'),(242,27,131,8371.77,'wallet','2025-10-30','TXN-1761863843634-QYVZL8N2E','RCP-2025-63843635','completed',NULL,'2025-10-30 22:37:23','2025-10-30 22:37:23'),(243,33,267,10349.47,'cash','2025-10-30','TXN-1761865341820-AFYANRQZY','RCP-2025-65341820','completed',NULL,'2025-10-30 23:02:21','2025-10-30 23:02:21'),(244,7,268,22480.91,'wallet','2025-10-30','TXN-1761865980834-TU6UTV614','RCP-2025-65980834','completed',NULL,'2025-10-30 23:13:00','2025-10-30 23:13:00'),(245,24,119,3070.30,'cheque','2025-10-30','TXN-1761866782919-C10SWKS2Y','RCP-2025-66782919','completed',NULL,'2025-10-30 23:26:22','2025-10-30 23:26:22'),(246,11,270,42952.08,'wallet','2025-10-31','TXN-1761904229396-K9FR5LVIY','RCP-2025-04229396','completed',NULL,'2025-10-31 09:50:29','2025-10-31 09:50:29');
/*!40000 ALTER TABLE `payments` ENABLE KEYS */;
UNLOCK TABLES;

--
-- Table structure for table `reading_requests`
--

DROP TABLE IF EXISTS `reading_requests`;
/*!40101 SET @saved_cs_client     = @@character_set_client */;
/*!50503 SET character_set_client = utf8mb4 */;
CREATE TABLE `reading_requests` (
  `id` int NOT NULL AUTO_INCREMENT,
  `request_number` varchar(50) NOT NULL,
  `customer_id` int NOT NULL,
  `request_date` timestamp NOT NULL DEFAULT CURRENT_TIMESTAMP,
  `preferred_date` date DEFAULT NULL,
  `request_reason` text,
  `priority` enum('normal','urgent') NOT NULL DEFAULT 'normal',
  `status` enum('pending','assigned','completed','cancelled') NOT NULL DEFAULT 'pending',
  `notes` text,
  `work_order_id` int DEFAULT NULL,
  `assigned_date` timestamp NULL DEFAULT NULL,
  `completed_date` timestamp NULL DEFAULT NULL,
  `created_at` timestamp NOT NULL DEFAULT CURRENT_TIMESTAMP,
  `updated_at` timestamp NOT NULL DEFAULT CURRENT_TIMESTAMP ON UPDATE CURRENT_TIMESTAMP,
  PRIMARY KEY (`id`),
  UNIQUE KEY `request_number` (`request_number`),
  KEY `idx_status` (`status`),
  KEY `idx_customer_id` (`customer_id`),
  KEY `idx_request_date` (`request_date`),
  KEY `reading_requests_ibfk_2` (`work_order_id`),
  CONSTRAINT `reading_requests_ibfk_1` FOREIGN KEY (`customer_id`) REFERENCES `customers` (`id`) ON DELETE CASCADE,
  CONSTRAINT `reading_requests_ibfk_2` FOREIGN KEY (`work_order_id`) REFERENCES `work_orders` (`id`) ON DELETE SET NULL
) ENGINE=InnoDB AUTO_INCREMENT=3 DEFAULT CHARSET=utf8mb4 COLLATE=utf8mb4_0900_ai_ci;
/*!40101 SET character_set_client = @saved_cs_client */;

--
-- Dumping data for table `reading_requests`
--

LOCK TABLES `reading_requests` WRITE;
/*!40000 ALTER TABLE `reading_requests` DISABLE KEYS */;
INSERT INTO `reading_requests` VALUES (1,'RR-1761908653831-84',48,'2025-10-31 11:04:13','2025-10-31','Request Type: regular\nPreferred Time: morning\nContact: 03164479797\nAlternate: \n\nAccess Instructions:\nNone provided','normal','pending',NULL,NULL,NULL,NULL,'2025-10-31 11:04:13','2025-10-31 11:04:13'),(2,'RR-1761909775654-590',6,'2025-10-31 11:22:55','2025-10-31','Request Type: regular\nPreferred Time: morning\nContact: 03164976456\nAlternate: \n\nAccess Instructions:\nNone provided','normal','assigned',NULL,39,'2025-10-31 06:38:23',NULL,'2025-10-31 11:22:55','2025-10-31 11:38:22');
/*!40000 ALTER TABLE `reading_requests` ENABLE KEYS */;
UNLOCK TABLES;

--
-- Table structure for table `tariff_slabs`
--

DROP TABLE IF EXISTS `tariff_slabs`;
/*!40101 SET @saved_cs_client     = @@character_set_client */;
/*!50503 SET character_set_client = utf8mb4 */;
CREATE TABLE `tariff_slabs` (
  `id` int NOT NULL AUTO_INCREMENT,
  `tariff_id` int NOT NULL,
  `slab_order` int NOT NULL,
  `start_units` int NOT NULL,
  `end_units` int DEFAULT NULL,
  `rate_per_unit` decimal(10,2) NOT NULL,
  `created_at` timestamp NOT NULL DEFAULT CURRENT_TIMESTAMP,
  PRIMARY KEY (`id`),
  UNIQUE KEY `unique_tariff_slab` (`tariff_id`,`slab_order`),
  KEY `idx_tariff_slabs_tariff_id` (`tariff_id`),
  CONSTRAINT `tariff_slabs_tariff_id_tariffs_id_fk` FOREIGN KEY (`tariff_id`) REFERENCES `tariffs` (`id`) ON DELETE CASCADE,
  CONSTRAINT `check_positive_rate` CHECK ((`rate_per_unit` > 0)),
  CONSTRAINT `check_slab_units` CHECK (((`end_units` is null) or (`end_units` > `start_units`)))
) ENGINE=InnoDB AUTO_INCREMENT=21 DEFAULT CHARSET=utf8mb4 COLLATE=utf8mb4_0900_ai_ci;
/*!40101 SET character_set_client = @saved_cs_client */;

--
-- Dumping data for table `tariff_slabs`
--

LOCK TABLES `tariff_slabs` WRITE;
/*!40000 ALTER TABLE `tariff_slabs` DISABLE KEYS */;
INSERT INTO `tariff_slabs` VALUES (1,1,1,0,100,4.50,'2025-10-30 18:23:34'),(2,1,2,101,200,6.00,'2025-10-30 18:23:34'),(3,1,3,201,300,7.50,'2025-10-30 18:23:34'),(4,1,4,301,500,9.00,'2025-10-30 18:23:34'),(5,1,5,501,NULL,10.50,'2025-10-30 18:23:34'),(6,2,1,0,200,7.00,'2025-10-30 18:23:34'),(7,2,2,201,500,8.50,'2025-10-30 18:23:34'),(8,2,3,501,1000,10.00,'2025-10-30 18:23:34'),(9,2,4,1001,2000,11.50,'2025-10-30 18:23:34'),(10,2,5,2001,NULL,13.00,'2025-10-30 18:23:34'),(11,3,1,0,1000,6.50,'2025-10-30 18:23:34'),(12,3,2,1001,5000,7.50,'2025-10-30 18:23:34'),(13,3,3,5001,10000,8.50,'2025-10-30 18:23:34'),(14,3,4,10001,20000,9.50,'2025-10-30 18:23:34'),(15,3,5,20001,NULL,10.50,'2025-10-30 18:23:34'),(16,4,1,0,200,3.00,'2025-10-30 18:23:34'),(17,4,2,201,500,4.00,'2025-10-30 18:23:34'),(18,4,3,501,1000,5.00,'2025-10-30 18:23:34'),(19,4,4,1001,2000,6.00,'2025-10-30 18:23:34'),(20,4,5,2001,NULL,7.00,'2025-10-30 18:23:34');
/*!40000 ALTER TABLE `tariff_slabs` ENABLE KEYS */;
UNLOCK TABLES;

--
-- Table structure for table `tariffs`
--

DROP TABLE IF EXISTS `tariffs`;
/*!40101 SET @saved_cs_client     = @@character_set_client */;
/*!50503 SET character_set_client = utf8mb4 */;
CREATE TABLE `tariffs` (
  `id` int NOT NULL AUTO_INCREMENT,
  `category` enum('Residential','Commercial','Industrial','Agricultural') NOT NULL,
  `fixed_charge` decimal(10,2) NOT NULL,
  `time_of_use_peak_rate` decimal(10,2) DEFAULT NULL,
  `time_of_use_normal_rate` decimal(10,2) DEFAULT NULL,
  `time_of_use_offpeak_rate` decimal(10,2) DEFAULT NULL,
  `electricity_duty_percent` decimal(5,2) DEFAULT '0.00',
  `gst_percent` decimal(5,2) DEFAULT '18.00',
  `effective_date` date NOT NULL,
  `valid_until` date DEFAULT NULL,
  `created_at` timestamp NOT NULL DEFAULT (now()),
  `updated_at` timestamp NOT NULL DEFAULT (now()) ON UPDATE CURRENT_TIMESTAMP,
  PRIMARY KEY (`id`)
) ENGINE=InnoDB AUTO_INCREMENT=5 DEFAULT CHARSET=utf8mb4 COLLATE=utf8mb4_0900_ai_ci;
/*!40101 SET character_set_client = @saved_cs_client */;

--
-- Dumping data for table `tariffs`
--

LOCK TABLES `tariffs` WRITE;
/*!40000 ALTER TABLE `tariffs` DISABLE KEYS */;
INSERT INTO `tariffs` VALUES (1,'Residential',50.00,12.00,7.50,5.00,6.00,18.00,'2024-01-01',NULL,'2025-10-30 18:23:34','2025-10-30 18:23:34'),(2,'Commercial',150.00,15.00,10.00,7.00,8.00,18.00,'2024-01-01',NULL,'2025-10-30 18:23:34','2025-10-30 18:23:34'),(3,'Industrial',500.00,13.00,8.50,6.00,10.00,18.00,'2024-01-01',NULL,'2025-10-30 18:23:34','2025-10-30 18:23:34'),(4,'Agricultural',30.00,8.00,5.00,3.50,4.00,18.00,'2024-01-01',NULL,'2025-10-30 18:23:34','2025-10-30 18:23:34');
/*!40000 ALTER TABLE `tariffs` ENABLE KEYS */;
UNLOCK TABLES;

--
-- Table structure for table `users`
--

DROP TABLE IF EXISTS `users`;
/*!40101 SET @saved_cs_client     = @@character_set_client */;
/*!50503 SET character_set_client = utf8mb4 */;
CREATE TABLE `users` (
  `id` int NOT NULL AUTO_INCREMENT,
  `email` varchar(255) NOT NULL,
  `password` varchar(255) NOT NULL,
  `user_type` enum('admin','employee','customer') NOT NULL,
  `name` varchar(255) NOT NULL,
  `phone` varchar(20) DEFAULT NULL,
  `is_active` int NOT NULL DEFAULT '1',
  `created_at` timestamp NOT NULL DEFAULT (now()),
  `updated_at` timestamp NOT NULL DEFAULT (now()) ON UPDATE CURRENT_TIMESTAMP,
  `requires_password_change` tinyint(1) NOT NULL DEFAULT '0',
  PRIMARY KEY (`id`),
  UNIQUE KEY `users_email_unique` (`email`)
) ENGINE=InnoDB AUTO_INCREMENT=70 DEFAULT CHARSET=utf8mb4 COLLATE=utf8mb4_0900_ai_ci;
/*!40101 SET character_set_client = @saved_cs_client */;

--
-- Dumping data for table `users`
--

LOCK TABLES `users` WRITE;
/*!40000 ALTER TABLE `users` DISABLE KEYS */;
INSERT INTO `users` VALUES (1,'admin@electrolux.com','$2a$10$1m6d1b7z4P2muL1O0PUFNurCPZOEnk7QL/TPAVZjX1kIXMljteLli','admin','Admin User','+1234567890',1,'2025-10-30 18:23:34','2025-10-30 18:23:34',0),(2,'employee1@electrolux.com','$2a$10$1m6d1b7z4P2muL1O0PUFNurCPZOEnk7QL/TPAVZjX1kIXMljteLli','employee','Mrs. Christie Satterfield','1752465230',1,'2025-10-30 18:23:34','2025-10-30 18:23:34',0),(3,'employee2@electrolux.com','$2a$10$1m6d1b7z4P2muL1O0PUFNurCPZOEnk7QL/TPAVZjX1kIXMljteLli','employee','Sadie VonRueden','6384564246',1,'2025-10-30 18:23:34','2025-10-30 18:23:34',0),(4,'employee3@electrolux.com','$2a$10$1m6d1b7z4P2muL1O0PUFNurCPZOEnk7QL/TPAVZjX1kIXMljteLli','employee','Ben Carter','3758290594',1,'2025-10-30 18:23:34','2025-10-30 18:23:34',0),(5,'employee4@electrolux.com','$2a$10$1m6d1b7z4P2muL1O0PUFNurCPZOEnk7QL/TPAVZjX1kIXMljteLli','employee','Terri Emard','1590436974',1,'2025-10-30 18:23:34','2025-10-30 18:23:34',0),(6,'employee5@electrolux.com','$2a$10$1m6d1b7z4P2muL1O0PUFNurCPZOEnk7QL/TPAVZjX1kIXMljteLli','employee','Lindsey Reichert III','7137264853',1,'2025-10-30 18:23:34','2025-10-30 18:23:34',0),(7,'employee6@electrolux.com','$2a$10$1m6d1b7z4P2muL1O0PUFNurCPZOEnk7QL/TPAVZjX1kIXMljteLli','employee','Cameron Wolf','4117529012',1,'2025-10-30 18:23:34','2025-10-30 18:23:34',0),(8,'employee7@electrolux.com','$2a$10$1m6d1b7z4P2muL1O0PUFNurCPZOEnk7QL/TPAVZjX1kIXMljteLli','employee','Miss Glenda Smith','3971289615',1,'2025-10-30 18:23:34','2025-10-30 18:23:34',0),(9,'employee8@electrolux.com','$2a$10$1m6d1b7z4P2muL1O0PUFNurCPZOEnk7QL/TPAVZjX1kIXMljteLli','employee','Lynette Morar','8745386979',1,'2025-10-30 18:23:34','2025-10-30 18:23:34',0),(10,'employee9@electrolux.com','$2a$10$1m6d1b7z4P2muL1O0PUFNurCPZOEnk7QL/TPAVZjX1kIXMljteLli','employee','Clinton Strosin IV','6785580595',1,'2025-10-30 18:23:34','2025-10-30 18:23:34',0),(11,'employee10@electrolux.com','$2a$10$1m6d1b7z4P2muL1O0PUFNurCPZOEnk7QL/TPAVZjX1kIXMljteLli','employee','Bruce Schmidt','4804460330',1,'2025-10-30 18:23:34','2025-10-30 18:23:34',0),(12,'customer1@example.com','$2a$10$dG18Ii2G3Zcz9cQGyVsXuOXfuJdXayRRZINhpry/yN2q4jn6dujuC','customer','Cristina Lehner','3249567329',1,'2025-10-30 18:23:34','2025-10-30 18:52:58',1),(13,'customer2@example.com','$2a$10$1h5uUvIERfQFSoGTuKTDIOnKAo0/s2AT5TAJw10iE4OG0.POe4E2O','customer','Lynne Bailey','7620632471',1,'2025-10-30 18:23:34','2025-10-30 18:53:32',1),(14,'customer3@example.com','$2a$10$1m6d1b7z4P2muL1O0PUFNurCPZOEnk7QL/TPAVZjX1kIXMljteLli','customer','Sophie Schmidt','7170598395',1,'2025-10-30 18:23:34','2025-10-30 18:23:34',0),(15,'customer4@example.com','$2a$10$1m6d1b7z4P2muL1O0PUFNurCPZOEnk7QL/TPAVZjX1kIXMljteLli','customer','Steve Pouros','3569416469',1,'2025-10-30 18:23:34','2025-10-30 18:23:34',0),(16,'customer5@example.com','$2a$10$1m6d1b7z4P2muL1O0PUFNurCPZOEnk7QL/TPAVZjX1kIXMljteLli','customer','Dale Harber','3477381683',1,'2025-10-30 18:23:34','2025-10-30 18:23:34',0),(17,'customer6@example.com','$2a$10$1m6d1b7z4P2muL1O0PUFNurCPZOEnk7QL/TPAVZjX1kIXMljteLli','customer','Damon Murray','9677332084',1,'2025-10-30 18:23:34','2025-10-30 18:23:34',0),(18,'customer7@example.com','$2a$10$1m6d1b7z4P2muL1O0PUFNurCPZOEnk7QL/TPAVZjX1kIXMljteLli','customer','Dominic Lynch','5764737220',1,'2025-10-30 18:23:34','2025-10-30 18:23:34',0),(19,'customer8@example.com','$2a$10$1m6d1b7z4P2muL1O0PUFNurCPZOEnk7QL/TPAVZjX1kIXMljteLli','customer','Mike Quigley DVM','4259955031',1,'2025-10-30 18:23:34','2025-10-30 18:23:34',0),(20,'customer9@example.com','$2a$10$1m6d1b7z4P2muL1O0PUFNurCPZOEnk7QL/TPAVZjX1kIXMljteLli','customer','Dr. Jay Frami-Denesik','0702962927',1,'2025-10-30 18:23:34','2025-10-30 18:23:34',0),(21,'customer10@example.com','$2a$10$1m6d1b7z4P2muL1O0PUFNurCPZOEnk7QL/TPAVZjX1kIXMljteLli','customer','Carol Herman','1737078958',1,'2025-10-30 18:23:34','2025-10-30 18:23:34',0),(22,'customer11@example.com','$2a$10$1m6d1b7z4P2muL1O0PUFNurCPZOEnk7QL/TPAVZjX1kIXMljteLli','customer','Erik Senger','2827713165',1,'2025-10-30 18:23:34','2025-10-30 18:23:34',0),(23,'customer12@example.com','$2a$10$1m6d1b7z4P2muL1O0PUFNurCPZOEnk7QL/TPAVZjX1kIXMljteLli','customer','Annie Baumbach','3646675123',1,'2025-10-30 18:23:34','2025-10-30 18:23:34',0),(24,'customer13@example.com','$2a$10$1m6d1b7z4P2muL1O0PUFNurCPZOEnk7QL/TPAVZjX1kIXMljteLli','customer','Morris Champlin','9326310582',1,'2025-10-30 18:23:34','2025-10-30 18:23:34',0),(25,'customer14@example.com','$2a$10$1m6d1b7z4P2muL1O0PUFNurCPZOEnk7QL/TPAVZjX1kIXMljteLli','customer','Eleanor Osinski','9436957215',1,'2025-10-30 18:23:34','2025-10-30 18:23:34',0),(26,'customer15@example.com','$2a$10$1m6d1b7z4P2muL1O0PUFNurCPZOEnk7QL/TPAVZjX1kIXMljteLli','customer','Emilio Beatty','7910375300',1,'2025-10-30 18:23:34','2025-10-30 18:23:34',0),(27,'customer16@example.com','$2a$10$1m6d1b7z4P2muL1O0PUFNurCPZOEnk7QL/TPAVZjX1kIXMljteLli','customer','Michelle Koepp','8569171908',1,'2025-10-30 18:23:34','2025-10-30 18:23:34',0),(28,'customer17@example.com','$2a$10$1m6d1b7z4P2muL1O0PUFNurCPZOEnk7QL/TPAVZjX1kIXMljteLli','customer','Kelli Hilpert','4618930567',1,'2025-10-30 18:23:34','2025-10-30 18:23:34',0),(29,'customer18@example.com','$2a$10$1m6d1b7z4P2muL1O0PUFNurCPZOEnk7QL/TPAVZjX1kIXMljteLli','customer','Muriel Kuhic','1642743178',1,'2025-10-30 18:23:34','2025-10-30 18:23:34',0),(30,'customer19@example.com','$2a$10$1m6d1b7z4P2muL1O0PUFNurCPZOEnk7QL/TPAVZjX1kIXMljteLli','customer','Mrs. Lee Ryan','1170310773',1,'2025-10-30 18:23:34','2025-10-30 18:23:34',0),(31,'customer20@example.com','$2a$10$1m6d1b7z4P2muL1O0PUFNurCPZOEnk7QL/TPAVZjX1kIXMljteLli','customer','Neil Gislason','0196666816',1,'2025-10-30 18:23:34','2025-10-30 18:23:34',0),(32,'customer21@example.com','$2a$10$1m6d1b7z4P2muL1O0PUFNurCPZOEnk7QL/TPAVZjX1kIXMljteLli','customer','Lydia Herman','2171779764',1,'2025-10-30 18:23:34','2025-10-30 18:23:34',0),(33,'customer22@example.com','$2a$10$1m6d1b7z4P2muL1O0PUFNurCPZOEnk7QL/TPAVZjX1kIXMljteLli','customer','Janice Mertz Jr.','5608887574',1,'2025-10-30 18:23:34','2025-10-30 18:23:34',0),(34,'customer23@example.com','$2a$10$1m6d1b7z4P2muL1O0PUFNurCPZOEnk7QL/TPAVZjX1kIXMljteLli','customer','Cristina Abbott MD','4148890423',1,'2025-10-30 18:23:34','2025-10-30 18:23:34',0),(35,'customer24@example.com','$2a$10$1m6d1b7z4P2muL1O0PUFNurCPZOEnk7QL/TPAVZjX1kIXMljteLli','customer','Harry Hessel','3877045226',1,'2025-10-30 18:23:34','2025-10-30 18:23:34',0),(36,'customer25@example.com','$2a$10$1m6d1b7z4P2muL1O0PUFNurCPZOEnk7QL/TPAVZjX1kIXMljteLli','customer','Elena Watsica','9313748986',1,'2025-10-30 18:23:34','2025-10-30 18:23:34',0),(37,'customer26@example.com','$2a$10$1m6d1b7z4P2muL1O0PUFNurCPZOEnk7QL/TPAVZjX1kIXMljteLli','customer','Sabrina Medhurst','9769394358',1,'2025-10-30 18:23:34','2025-10-30 18:23:34',0),(38,'customer27@example.com','$2a$10$1m6d1b7z4P2muL1O0PUFNurCPZOEnk7QL/TPAVZjX1kIXMljteLli','customer','Penny Bins','6585918054',1,'2025-10-30 18:23:34','2025-10-30 18:23:34',0),(39,'customer28@example.com','$2a$10$1m6d1b7z4P2muL1O0PUFNurCPZOEnk7QL/TPAVZjX1kIXMljteLli','customer','Kerry Sawayn','9272546393',1,'2025-10-30 18:23:34','2025-10-30 18:23:34',0),(40,'customer29@example.com','$2a$10$1m6d1b7z4P2muL1O0PUFNurCPZOEnk7QL/TPAVZjX1kIXMljteLli','customer','Arthur Anderson I','6443496319',1,'2025-10-30 18:23:34','2025-10-30 18:23:34',0),(41,'customer30@example.com','$2a$10$1m6d1b7z4P2muL1O0PUFNurCPZOEnk7QL/TPAVZjX1kIXMljteLli','customer','Tracy Carter I','1171374542',1,'2025-10-30 18:23:34','2025-10-30 18:23:34',0),(42,'customer31@example.com','$2a$10$1m6d1b7z4P2muL1O0PUFNurCPZOEnk7QL/TPAVZjX1kIXMljteLli','customer','Miriam Deckow','8485875422',1,'2025-10-30 18:23:34','2025-10-30 18:23:34',0),(43,'customer32@example.com','$2a$10$1m6d1b7z4P2muL1O0PUFNurCPZOEnk7QL/TPAVZjX1kIXMljteLli','customer','Leon Dickinson','6413456880',1,'2025-10-30 18:23:34','2025-10-30 18:23:34',0),(44,'customer33@example.com','$2a$10$1m6d1b7z4P2muL1O0PUFNurCPZOEnk7QL/TPAVZjX1kIXMljteLli','customer','Amanda Shanahan','7985979911',1,'2025-10-30 18:23:34','2025-10-30 18:23:34',0),(45,'customer34@example.com','$2a$10$1m6d1b7z4P2muL1O0PUFNurCPZOEnk7QL/TPAVZjX1kIXMljteLli','customer','Marianne Nolan','5635964327',1,'2025-10-30 18:23:34','2025-10-30 18:23:34',0),(46,'customer35@example.com','$2a$10$1m6d1b7z4P2muL1O0PUFNurCPZOEnk7QL/TPAVZjX1kIXMljteLli','customer','Dave Feeney','7605482639',1,'2025-10-30 18:23:34','2025-10-30 18:23:34',0),(47,'customer36@example.com','$2a$10$1m6d1b7z4P2muL1O0PUFNurCPZOEnk7QL/TPAVZjX1kIXMljteLli','customer','Marsha Lockman-Brekke','9914966306',1,'2025-10-30 18:23:34','2025-10-30 18:23:34',0),(48,'customer37@example.com','$2a$10$1m6d1b7z4P2muL1O0PUFNurCPZOEnk7QL/TPAVZjX1kIXMljteLli','customer','Rachael Jaskolski','5095121272',1,'2025-10-30 18:23:34','2025-10-30 18:23:34',0),(49,'customer38@example.com','$2a$10$1m6d1b7z4P2muL1O0PUFNurCPZOEnk7QL/TPAVZjX1kIXMljteLli','customer','Horace Schamberger','0786568471',1,'2025-10-30 18:23:34','2025-10-30 18:23:34',0),(50,'customer39@example.com','$2a$10$1m6d1b7z4P2muL1O0PUFNurCPZOEnk7QL/TPAVZjX1kIXMljteLli','customer','Ron Bernier Sr.','1685072530',1,'2025-10-30 18:23:34','2025-10-30 18:23:34',0),(51,'customer40@example.com','$2a$10$1m6d1b7z4P2muL1O0PUFNurCPZOEnk7QL/TPAVZjX1kIXMljteLli','customer','Gene Marvin','0243480415',1,'2025-10-30 18:23:34','2025-10-30 18:23:34',0),(52,'customer41@example.com','$2a$10$1m6d1b7z4P2muL1O0PUFNurCPZOEnk7QL/TPAVZjX1kIXMljteLli','customer','Mary Will-Hammes','1640840574',1,'2025-10-30 18:23:34','2025-10-30 18:23:34',0),(53,'customer42@example.com','$2a$10$1m6d1b7z4P2muL1O0PUFNurCPZOEnk7QL/TPAVZjX1kIXMljteLli','customer','Ronnie Littel','4093807700',1,'2025-10-30 18:23:34','2025-10-30 18:23:34',0),(54,'customer43@example.com','$2a$10$1m6d1b7z4P2muL1O0PUFNurCPZOEnk7QL/TPAVZjX1kIXMljteLli','customer','Miss Amanda Wintheiser','6363186562',1,'2025-10-30 18:23:34','2025-10-30 18:23:34',0),(55,'customer44@example.com','$2a$10$1m6d1b7z4P2muL1O0PUFNurCPZOEnk7QL/TPAVZjX1kIXMljteLli','customer','Allison Breitenberg','4443782015',1,'2025-10-30 18:23:34','2025-10-30 18:23:34',0),(56,'customer45@example.com','$2a$10$1m6d1b7z4P2muL1O0PUFNurCPZOEnk7QL/TPAVZjX1kIXMljteLli','customer','Fannie Corkery','0247074690',1,'2025-10-30 18:23:34','2025-10-30 18:23:34',0),(57,'customer46@example.com','$2a$10$1m6d1b7z4P2muL1O0PUFNurCPZOEnk7QL/TPAVZjX1kIXMljteLli','customer','Jorge Simonis','2745602015',1,'2025-10-30 18:23:34','2025-10-30 18:23:34',0),(58,'customer47@example.com','$2a$10$1m6d1b7z4P2muL1O0PUFNurCPZOEnk7QL/TPAVZjX1kIXMljteLli','customer','Dr. Marjorie Hoppe-Kiehn','1823119820',1,'2025-10-30 18:23:34','2025-10-30 18:23:34',0),(59,'customer48@example.com','$2a$10$1m6d1b7z4P2muL1O0PUFNurCPZOEnk7QL/TPAVZjX1kIXMljteLli','customer','Ross Wolff','1031063715',1,'2025-10-30 18:23:34','2025-10-30 18:23:34',0),(60,'customer49@example.com','$2a$10$1m6d1b7z4P2muL1O0PUFNurCPZOEnk7QL/TPAVZjX1kIXMljteLli','customer','Dr. Richard Lesch','0072727393',1,'2025-10-30 18:23:34','2025-10-30 18:23:34',0),(61,'customer50@example.com','$2a$10$1m6d1b7z4P2muL1O0PUFNurCPZOEnk7QL/TPAVZjX1kIXMljteLli','customer','Noel Rath DDS','4299606277',1,'2025-10-30 18:23:34','2025-10-30 18:23:34',0),(62,'customer51@gmail.com','$2a$10$1m6d1b7z4P2muL1O0PUFNurCPZOEnk7QL/TPAVZjX1kIXMljteLli','customer','Thomas Carter','965.284.5749',1,'2025-10-30 18:23:34','2025-10-30 18:23:34',0),(63,'customer52@gmail.com','$2a$10$1m6d1b7z4P2muL1O0PUFNurCPZOEnk7QL/TPAVZjX1kIXMljteLli','customer','Janie Wilkinson','438.440.0233 x927',1,'2025-10-30 18:23:34','2025-10-30 18:23:34',0),(64,'customer53@gmail.com','$2a$10$1m6d1b7z4P2muL1O0PUFNurCPZOEnk7QL/TPAVZjX1kIXMljteLli','customer','Garrett Bernhard-Ferry','891.416.3618',1,'2025-10-30 18:23:34','2025-10-30 18:23:34',0),(65,'trent@example.com','$2a$12$sxWk71sze7qfuiB4TBYTgO05ibAichwtYHHPd7DVwhCb0g6oN/Ri2','customer','Trent','03477897956',1,'2025-10-30 19:09:03','2025-10-30 19:09:03',0),(66,'t@example.com','$2a$12$QfkZRtTAEQ8BM0zfWuv8Ae3XuNjRory5WcPWo1fTka2coqRUVWaFy','customer','trent','03657498789',1,'2025-10-30 19:17:17','2025-10-30 19:17:17',0),(67,'boult@customer.com','$2a$12$M4.eRRNRB8AsVk7wYJg44Osw83t80qrRlLjDrlY2opkhkzSYfOOUO','customer','Boult','03131464464',1,'2025-10-30 20:28:16','2025-10-30 20:28:16',0),(68,'Ollie@customer.com','$2a$12$l7RYdyPCLFQ40/UUIkIPrOTdj0M9144gbhk7vgrYZUPwOrwWVqtD2','customer','Ollie','03158976159',1,'2025-11-07 21:43:32','2025-11-07 21:43:32',0),(69,'tent@customer.com','$2a$12$RcNiG1Epwu6llOd1f4MVe.D/00.lA3hvuUqwkPxih8RbPtnVrRr7a','customer','Tent','03178977645',1,'2025-11-07 21:52:01','2025-11-07 21:52:01',0);
/*!40000 ALTER TABLE `users` ENABLE KEYS */;
UNLOCK TABLES;

--
-- Table structure for table `work_orders`
--

DROP TABLE IF EXISTS `work_orders`;
/*!40101 SET @saved_cs_client     = @@character_set_client */;
/*!50503 SET character_set_client = utf8mb4 */;
CREATE TABLE `work_orders` (
  `id` int NOT NULL AUTO_INCREMENT,
  `employee_id` int DEFAULT NULL,
  `customer_id` int DEFAULT NULL,
  `work_type` enum('meter_reading','maintenance','complaint_resolution','new_connection','disconnection','reconnection') NOT NULL,
  `title` varchar(255) NOT NULL,
  `description` text,
  `status` enum('assigned','in_progress','completed','cancelled') NOT NULL DEFAULT 'assigned',
  `priority` enum('low','medium','high','urgent') NOT NULL DEFAULT 'medium',
  `assigned_date` date NOT NULL,
  `due_date` date NOT NULL,
  `completion_date` date DEFAULT NULL,
  `completion_notes` text,
  `created_at` timestamp NOT NULL DEFAULT (now()),
  `updated_at` timestamp NOT NULL DEFAULT (now()) ON UPDATE CURRENT_TIMESTAMP,
  PRIMARY KEY (`id`),
  KEY `work_orders_employee_id_employees_id_fk` (`employee_id`),
  KEY `work_orders_customer_id_customers_id_fk` (`customer_id`),
  CONSTRAINT `work_orders_customer_id_customers_id_fk` FOREIGN KEY (`customer_id`) REFERENCES `customers` (`id`),
  CONSTRAINT `work_orders_employee_id_employees_id_fk` FOREIGN KEY (`employee_id`) REFERENCES `employees` (`id`)
) ENGINE=InnoDB AUTO_INCREMENT=44 DEFAULT CHARSET=utf8mb4 COLLATE=utf8mb4_0900_ai_ci;
/*!40101 SET character_set_client = @saved_cs_client */;

--
-- Dumping data for table `work_orders`
--

LOCK TABLES `work_orders` WRITE;
/*!40000 ALTER TABLE `work_orders` DISABLE KEYS */;
INSERT INTO `work_orders` VALUES (1,2,7,'complaint_resolution','Stand-alone systematic microservice','Corrupti spargo umbra spargo ustilo vinco subiungo contigo expedita cumque.','completed','medium','2025-10-20','2025-10-23','2025-10-23','Odit venia temptatio auxilium sursum aggredior.','2025-10-30 18:23:38','2025-10-30 18:23:38'),(2,7,30,'complaint_resolution','Self-enabling reciprocal productivity','Aestus contego nemo verus varius convoco neque appositus stillicidium.','in_progress','medium','2025-10-10','2025-10-11',NULL,NULL,'2025-10-30 18:23:38','2025-10-30 18:23:38'),(3,5,10,'new_connection','Cross-platform hybrid hierarchy','A peccatus uter timor arbitro adflicto civitas.','completed','low','2025-10-25','2025-11-01','2025-10-28','Velut alias agnitio nemo accendo aequus commodo cur acies.','2025-10-30 18:23:38','2025-10-30 18:23:38'),(4,2,18,'new_connection','Immersive logistical frame','Non curia constans utrimque venio tactus.','completed','urgent','2025-10-13','2025-10-16','2025-10-17','Copiose decor consectetur vomer contigo uxor quam a admiratio.','2025-10-30 18:23:38','2025-10-30 18:23:38'),(5,5,13,'reconnection','Team-oriented local function','Unde cum illo.','assigned','urgent','2025-10-17','2025-10-21',NULL,NULL,'2025-10-30 18:23:38','2025-10-30 18:23:38'),(6,6,20,'meter_reading','Extended directional frame','Chirographum abeo anser.','completed','medium','2025-10-14','2025-10-17','2025-10-31','Meter reading completed. Reading: 6666 kWh. Bill auto-generated.','2025-10-30 18:23:38','2025-10-30 22:21:13'),(7,9,33,'complaint_resolution','Distributed tangible frame','Decretum temperantia volutabrum neque aestivus colo.','in_progress','low','2025-10-01','2025-10-08',NULL,NULL,'2025-10-30 18:23:38','2025-10-30 18:23:38'),(8,2,32,'new_connection','Reduced secondary microservice','Molestiae earum patruus umbra vox ambulo sumptus reprehenderit.','in_progress','urgent','2025-10-28','2025-11-04',NULL,NULL,'2025-10-30 18:23:38','2025-10-30 18:23:38'),(9,10,40,'meter_reading','Customizable next generation customer loyalty','Clementia vomer nihil talio adimpleo arma angulus accusantium cunae facilis.','assigned','low','2025-10-27','2025-10-31',NULL,NULL,'2025-10-30 18:23:38','2025-10-30 18:23:38'),(10,4,21,'reconnection','Adaptive heuristic orchestration','Cursus tubineus tamdiu summisse.','in_progress','low','2025-10-30','2025-11-01',NULL,NULL,'2025-10-30 18:23:38','2025-10-30 18:23:38'),(11,7,45,'reconnection','Grass-roots actuating circuit','Placeat aequus artificiose crapula apostolus apparatus maiores attero ambitus.','assigned','urgent','2025-10-25','2025-10-30',NULL,NULL,'2025-10-30 18:23:38','2025-10-30 18:23:38'),(12,5,47,'meter_reading','Adaptive actuating firmware','Ciminatio nulla velociter centum textilis.','in_progress','medium','2025-10-22','2025-10-27',NULL,NULL,'2025-10-30 18:23:38','2025-10-30 18:23:38'),(13,1,19,'new_connection','Monitored optimizing benchmark','Vicinus sperno autem aliqua vulariter distinctio aveho ustulo.','completed','high','2025-10-30','2025-11-02','2025-10-30','h','2025-10-30 18:23:38','2025-10-30 19:08:39'),(14,10,50,'maintenance','Streamlined dedicated standardization','Venia pax somnus asporto auxilium contabesco.','in_progress','low','2025-10-25','2025-10-26',NULL,NULL,'2025-10-30 18:23:38','2025-10-30 18:23:38'),(15,8,20,'complaint_resolution','Sharable holistic leverage','Decens ustulo tergo facilis.','assigned','high','2025-10-26','2025-11-02',NULL,NULL,'2025-10-30 18:23:38','2025-10-30 18:23:38'),(16,9,18,'new_connection','Implemented systemic projection','Ars clamo ambitus carbo coadunatio causa strenuus.','assigned','urgent','2025-10-02','2025-10-07',NULL,NULL,'2025-10-30 18:23:38','2025-10-30 18:23:38'),(17,7,35,'meter_reading','Immersive stable microservice','Amicitia sulum copiose adopto vulgaris tardus chirographum.','completed','low','2025-10-17','2025-10-20','2025-10-22','Tibi quia cogito itaque cognatus sumptus speculum ascisco cubicularis.','2025-10-30 18:23:38','2025-10-30 18:23:38'),(18,2,17,'complaint_resolution','Distributed tangible data-warehouse','Pel amitto tabernus calamitas tamen cursus congregatio cognomen.','in_progress','medium','2025-10-09','2025-10-14',NULL,NULL,'2025-10-30 18:23:38','2025-10-30 18:23:38'),(19,2,41,'meter_reading','Monitored sustainable neural-net','Temperantia velut porro demens urbs ventus torqueo.','completed','high','2025-10-13','2025-10-15','2025-10-16','Sortitus solus super desparatus officia voluntarius turpis creo baiulus aduro.','2025-10-30 18:23:38','2025-10-30 18:23:38'),(20,5,35,'reconnection','Polarised methodical concept','Aveho dapifer tantillus.','completed','medium','2025-10-02','2025-10-08','2025-10-05','Tripudio sufficio apparatus titulus expedita vulnero vitium alioqui.','2025-10-30 18:23:38','2025-10-30 18:23:38'),(21,NULL,3,'meter_reading','regular - Meter Reading Request','Request Type: regular\nPreferred Time: morning\nContact: 03789536214\nAlternate: \n\nAccess Instructions:\nNone provided','completed','medium','2025-10-30','2025-10-30','2025-10-31','Meter reading completed. Reading: 48790 kWh. Bill auto-generated.','2025-10-30 18:59:39','2025-10-30 19:00:39'),(22,1,NULL,'new_connection','New Connection Installation - APP-2025-143338','Install new single-phase connection for Trent','completed','high','2025-10-30','2025-10-30','2025-10-30','h','2025-10-30 19:08:00','2025-10-30 19:17:08'),(23,1,NULL,'new_connection','New Connection Installation - APP-2025-802840','Install new single-phase connection for trent','in_progress','high','2025-10-30','2025-10-31',NULL,NULL,'2025-10-30 19:16:35','2025-10-30 19:17:02'),(24,NULL,55,'meter_reading','regular - Meter Reading Request','Request Type: regular\nPreferred Time: morning\nContact: 03145678963\nAlternate: \n\nAccess Instructions:\nNone provided','completed','medium','2025-10-30','2025-10-31','2025-10-31','Meter reading completed. Reading: 1499.97 kWh. Bill auto-generated.','2025-10-30 19:21:55','2025-10-30 19:26:28'),(25,1,1,'complaint_resolution','jj','jk','assigned','medium','2025-10-31','2025-11-05',NULL,NULL,'2025-10-30 19:39:18','2025-10-30 19:39:18'),(26,1,1,'complaint_resolution','jj','jk','assigned','medium','2025-10-31','2025-11-05',NULL,NULL,'2025-10-30 19:39:18','2025-10-30 19:39:18'),(27,NULL,9,'meter_reading','regular - Meter Reading Request','Request Type: regular\nPreferred Time: morning\nContact: 03197896324\nAlternate: \n\nAccess Instructions:\nNone provided','completed','medium','2025-10-30','2025-10-31','2025-10-31','Meter reading completed. Reading: 8889.99 kWh. Bill auto-generated.','2025-10-30 19:45:53','2025-10-30 20:53:27'),(28,NULL,21,'meter_reading','regular - Meter Reading Request','Request Type: regular\nPreferred Time: morning\nContact: +1234567890\nAlternate: \n\nAccess Instructions:\nNone provided','completed','medium','2025-10-30','2025-10-31','2025-10-31','Meter reading completed. Reading: 4489 kWh. Bill auto-generated.','2025-10-30 20:46:12','2025-10-30 20:47:16'),(29,NULL,32,'meter_reading','regular - Meter Reading Request','Request Type: regular\nPreferred Time: morning\nContact: 03145697652\nAlternate: \n\nAccess Instructions:\nNone provided','completed','medium','2025-10-30','2025-10-31','2025-10-31','Meter reading completed. Reading: 55791.97 kWh. Bill auto-generated.','2025-10-30 21:03:14','2025-10-30 21:13:26'),(30,NULL,35,'meter_reading','regular - Meter Reading Request','Request Type: regular\nPreferred Time: morning\nContact: 03131316464\nAlternate: \n\nAccess Instructions:\nNone provided','completed','medium','2025-10-30','2025-10-31','2025-10-31','Meter reading completed. Reading: 2935 kWh. Bill auto-generated.','2025-10-30 21:40:25','2025-10-30 21:40:53'),(31,NULL,19,'meter_reading','regular - Meter Reading Request','Request Type: regular\nPreferred Time: morning\nContact: 03114499779\nAlternate: \n\nAccess Instructions:\nNone provided','completed','medium','2025-10-30','2025-10-31','2025-10-31','Meter reading completed. Reading: 558781.97 kWh. Bill auto-generated.','2025-10-30 22:05:09','2025-10-30 22:08:16'),(32,NULL,27,'meter_reading','regular - Meter Reading Request','Request Type: regular\nPreferred Time: morning\nContact: 03164444454\nAlternate: \n\nAccess Instructions:\nNone provided','completed','medium','2025-10-30','2025-10-31','2025-10-31','Meter reading completed. Reading: 8887.98 kWh. Bill auto-generated.','2025-10-30 22:34:12','2025-10-30 22:34:32'),(33,NULL,33,'meter_reading','regular - Meter Reading Request','Request Type: regular\nPreferred Time: morning\nContact: 03154779979\nAlternate: \n\nAccess Instructions:\nNone provided','completed','medium','2025-10-30','2025-10-31','2025-10-31','Meter reading completed. Reading: 63332.98 kWh. Bill auto-generated.','2025-10-30 22:52:46','2025-10-30 22:55:15'),(34,5,19,'complaint_resolution','sadad','adad','assigned','low','2025-10-31','2025-11-07',NULL,NULL,'2025-10-30 23:35:22','2025-10-30 23:35:22'),(35,5,19,'complaint_resolution','sadad','adad','assigned','low','2025-10-31','2025-11-07',NULL,NULL,'2025-10-30 23:35:22','2025-10-30 23:35:22'),(36,NULL,29,'meter_reading','final - Meter Reading Request','Request Type: final\nPreferred Time: morning\nContact: 03131644979\nAlternate: \n\nAccess Instructions:\nNone provided','completed','medium','2025-10-31','2025-10-31','2025-10-31','Meter reading completed. Reading: 7999.97 kWh. Bill auto-generated.','2025-10-31 09:16:34','2025-10-31 09:19:40'),(37,NULL,11,'meter_reading','regular - Meter Reading Request','Request Type: regular\nPreferred Time: morning\nContact: 03164647979\nAlternate: \n\nAccess Instructions:\nNone provided','completed','medium','2025-10-31','2025-10-31','2025-10-31','Meter reading completed. Reading: 55499.99 kWh. Bill auto-generated.','2025-10-31 09:26:10','2025-10-31 09:49:35'),(38,7,6,'meter_reading','Test','Test desc','assigned','medium','2025-10-31','2025-11-07',NULL,NULL,'2025-10-31 11:28:20','2025-10-31 11:28:20'),(39,7,6,'meter_reading','Meter Reading Request - Damon Murray','Request Type: regular\nPreferred Time: morning\nContact: 03164976456\nAlternate: \n\nAccess Instructions:\nNone provided','completed','medium','2025-10-31','2025-11-07','2025-10-31','Meter reading completed. Reading: 7990 kWh. Bill auto-generated.','2025-10-31 11:38:22','2025-10-31 11:39:21'),(40,9,39,'complaint_resolution','NAWaz','Main sab','completed','urgent','2025-11-08','2025-11-09','2025-11-07','h','2025-11-07 20:15:02','2025-11-07 20:16:25'),(41,9,NULL,'new_connection','New Connection Installation - APP-2025-145909','Install new single-phase connection for Tremor','in_progress','high','2025-11-07','2025-11-08',NULL,NULL,'2025-11-07 20:22:09','2025-11-07 20:22:48'),(42,9,57,'new_connection','New Connection Installation - APP-2025-350783','Install new single-phase connection for Ollie','completed','high','2025-11-07','2025-11-08','2025-11-07','completed','2025-11-07 20:57:37','2025-11-07 21:43:32'),(43,9,58,'new_connection','New Connection Installation - APP-2025-674743','Install new single-phase connection for Tent','completed','high','2025-11-07','2025-11-08','2025-11-07','completed','2025-11-07 21:23:07','2025-11-07 21:52:01');
/*!40000 ALTER TABLE `work_orders` ENABLE KEYS */;
UNLOCK TABLES;
/*!40103 SET TIME_ZONE=@OLD_TIME_ZONE */;

/*!40101 SET SQL_MODE=@OLD_SQL_MODE */;
/*!40014 SET FOREIGN_KEY_CHECKS=@OLD_FOREIGN_KEY_CHECKS */;
/*!40014 SET UNIQUE_CHECKS=@OLD_UNIQUE_CHECKS */;
/*!40101 SET CHARACTER_SET_CLIENT=@OLD_CHARACTER_SET_CLIENT */;
/*!40101 SET CHARACTER_SET_RESULTS=@OLD_CHARACTER_SET_RESULTS */;
/*!40101 SET COLLATION_CONNECTION=@OLD_COLLATION_CONNECTION */;
/*!40111 SET SQL_NOTES=@OLD_SQL_NOTES */;

-- Dump completed on 2025-11-08  3:02:40
